ol_key,pub_year,author,english_title,translator,publisher,subjects,edition_count,language
/works/OL2974718W,1800,Bernal Díaz del Castillo,Historia verdadera de la conquista de la Nueva España,,F. Maspéro,History; Cannibalism; Indians of Mexico; Human sacrifice; Sources; Juvenile literature; Maps; Translations into English; Spanish literature; Histoire,94,spa; ger; fre; eng; mul
/works/OL1262495W,1800,Blaise Pascal; Philippe Sellier; William Finlayson Trotter,Pensées,"Warrington, John, tr.",P.F. Collier,Apologetic works; Apologetics; Apologétique; Auteurs catholiques; Catholic Church; Catholic Church - Apologetic works; Catholic Church - Doctrinal and controversial works; Catholic Church - Doctrines; Catholic authors; Christianity,395,ita; ger; fre; chi; gle; lat; eng
/works/OL16269722W,1800,Catholic Church,The Catechism of the Council of Trent,"Callan, Charles Jerome, 1877-1962, joint tr.",Libreria Editrice Vaticana,Catholic Church; Catechisms; English; Latin; French; Catechisms and creeds; Serbo-Croatian; English Catechisms; Spanish; Église catholique,37,hrv; lat; eng; fre; spa
/works/OL23869W,1800,Charles Perrault,Les Contes de ma mère l'Oye,"Moorsom, Sasha, tr.",Wordsworth Editions Ltd,"Nursery rhymes; France; Children's stories, French; Fairy tales; Folklore; Translations into English; French language; Readers; New York Times reviewed; Children's stories, Danish",206,spa; ita; ger; fre; rus; dut; por; vie; eng; arm
/works/OL10328385W,1800,Cicero,De officiis or The treatise on the moral duties,,D. McKay,,1,eng
/works/OL3069840W,1800,Cornelius Nepos,Vitae excellentium imperatorum,Nicholas Horsfall (Translator),"Kessinger Publishing, LLC",Biography; Classical biography; Early works to 1800; Emperors; Generals; History; Latin language; Readers; Bibliography; Latin language materials,102,ita; ger; fre; rus; lat; eng; mul
/works/OL93227W,1800,Dante Alighieri,Inferno,"Murray, Eleanor Vinton, tr.",New American Library,Poetry; Hell; Illustrations; Iconography; Translations into English; Pictorial works; Italian literature; Bibliography; Knowledge; Genealogy,446,epo; spa; ita; ger; per; fre; und; por; amh; mon; srd; heb; eng; mul
/works/OL15227382W,1800,Desiderius Erasmus,"Erasmi Colloquia selecta, or, The select colloquies of Erasmus",,"Printed by John Mycall, for Benjamin Larkin book-seller in Boston.",Textbooks; Latin language; Conversation and phrase books; English,10,eng
/works/OL679942W,1800,Desiderius Erasmus,Moriæ Encomium,Betty Radice (Translator),Aux Bureaux de la Publication,"Aspectos religiosos; Bibliography; Catalogs; Christian literature, Latin (Medieval and modern); Christianity; Cristianismo; Death; Early works to 1800; English Sermons; Folie",254,cat; spa; ita; ger; fre; rus; dut; und; lat; eng
/works/OL69382W,1800,Francis Bacon,Essays,,Macmilland and co.,Aphorisms and apothegms; Classical Mythology; Early works to 1800; English essays; Good and evil; Logic; Methodology; Modern Philosophy; Renaissance Philosophy; Science,188,ita; ger; fre; jpn; lat; eng; pan
/works/OL69399W,1800,Francis Bacon,Novum organum,,Presses Universitaires de France - PUF,Early works to 1800; Heat; Induction (Logic); Logic; Methodology; Methology; Motion; Philosophy; Physics; Science,52,eng; chi; ger; spa; lat
/works/OL10307077W,1800,Gaius Julius Caesar,"The Gallic War, Book 5",,University tutorial press,,2,lat; eng
/works/OL7180368W,1800,Giovanni Boccaccio,Decamerone,W. K. Kelly (Translator),Ediciones Mi-lla SL,"Fiction, historical, general; Europe, fiction; Fiction; Plague; Storytelling; History; Ficción; Italian literature; Middle Ages; Peste bubónica",700,ger; pol; jpn; ukr; fre; yid; frm; arm; lat; eng; spa; ita; cmn; und; chi; wel; cze; dan; cat; dut; enm; heb; rus
/works/OL15097813W,1800,Horace,"A translation of the second epistle of the first book of Horace, to Lollius",,printed by W. Bulmer and Co.,,1,eng
/works/OL15097855W,1800,Horace,Opera,"Dacier, André, 1651-1722 tr.",Hachette et cie,Translations into French; Translations into English; Scholia,99,grc; lat; fre; eng; ger
/works/OL88218W,1800,Horace,The works of Horace,"Smart, Christopher, 1722-1771, tr.",printed for R. and J. Dodsley,Translations into English; Poetry; Latin Laudatory poetry; Latin Verse satire; Latin Epistolary poetry; Readers; Latin language; Poetics; Wine and wine making; Illustrations,116,eng; fre; lat
/works/OL15097829W,1800,Horace,"The works of Horace, from the text of Orellius",,C. Griffin,,1,eng
/works/OL15097850W,1800,Horace,Works,,Printed for J. Walker [etc.] by S. Hamilton,,14,eng; lat
/works/OL1296079W,1800,Hugo Grotius,De veritate religionis Christianae,"Clarke, John, 1682-1757. tr.",In Verlegung David Müllers,Anti-Catholicism; Apologetic works; Apologetics; Bible; Catholic Church; Christianity; Church history; Doctrinal Theology; Early works to 1800; History,71,eng; wel; ger; arm; lat
/works/OL177456W,1800,J.-P Migne; Theodor Hopfner; Adalbert-G. Hamman,Patrologiae cursus completus,,Usines Brepols,"Christian literature, Early; Collected works; Early Christian literature; Fathers of the church; Fathers of the church, Greek; Greek Fathers of the church; Greek authors; Theology; Greek language materials; Latin authors",527,grc; fre; syc; eng; lat; gre
/works/OL50348W,1800,Jean de La Fontaine,Fables,"Duke, Francis, 1906- tr.",Chez Daniel de La Feuille ...,French Fables; Translations into English; Fables; Oversize books; Illustrations; Adaptations; Translations into Malagasy; Specimens; Aesop's fables; English Fables,345,epo; spa; ita; mul; ger; fre; mlg; yid; vie; crp; gle; ara; lat; eng; oci; cpf
/works/OL880062W,1800,John Locke; Kerry Walters; Mario Montuori,A Letter Concerning Toleration,"Popple, William, d. 1708, tr.",Island Press,Toleration; Religious tolerance; Idealism; Political science; Freedom of religion; Soul; Liberty; Theory of knowledge; Ethics; Modern ethics,63,eng; ger; hun; spa; fre; lat; ita; por
/works/OL810991W,1800,John Milton,Paradise Lost,"Fu, Donghua, 1895-, ed. and tr.","Published as the Act directs, Aug. 1795 by T. Longman [and 20 others]",Bible; Biography; Criticism and interpretation; Devil; Early works to 1800; English Christian poetry; English Epic poetry; English poetry; Fall of man; Fall of man in literature,396,eng; ger; ice; ara; fre; mul; spa; rus; jpn; chi; lat; arm; hun; mal; wel; dan; por; ita; cze; cat; dut
/works/OL2156811W,1800,Longus; Otto Schönberger,Daphnis and Chloe,"Sherrard, Philip, tr.",Privately printed for Rarity Press,"Character sketches; Daphnis (Greek mythology); Early works to 1800; Fiction; Greek language materials; Greek Romance fiction; Translations into English; Greek literature; Fiction, romance, fantasy; Greek language, readers",119,ita; grc; ger; fre; rus; und; lat; gre; eng; mul
/works/OL2566239W,1800,Lucan,Pharsalia,Susan H. Braund (Translator),Akademie-Verlag,"Campaigns; Criticism and interpretation; Early works to 1800; Facsimiles; History; Latin Epic poetry; Latin Manuscripts; Latin language; Literature and the war; Pharsalus, Battle of, 48 B. C.",182,eng; fre; ger; mul; ita; cze; lat; gle; und
/works/OL42713069W,1800,Lucius Annaeus Seneca; Roger L'Estrange,Seneca's morals by way of abstract,,"Printed for B. Larkin, J. White, Thomas and Andrews, D. West, E. Larkin, Jun. J. West, and the proprietor of the Boston book-store [i.e., William P. Blake].",Conduct of life; Early works to 1800; Stoics; Latin literature,4,eng
/works/OL848771W,1800,Luís de Camões; Souza Botelho,Os Lusíadas,"Ranshawe, Richard, Sir, bart., 1608-1666, tr.","Kessinger Publishing, LLC",Poetry; History; Discovery and exploration; Description and travel; Explorers; Early works to 1800; Portuguese Explorers; Colonies; Translations into English; Spanish poetry,367,spa; ita; ger; fre; por; und; lat; mwl; eng; mul
/works/OL971930W,1800,Marcus Terentius Varro,The three books of M. Terentius Varro concerning agriculture,,"at the University Press, for the author: and sold by J. Cooke; by F. and C. Rivington, and T. Egerton, London",,1,eng
/works/OL1147931W,1800,"Marguerite Queen, consort of Henry II, King of Navarre",L'Heptaméron,"Kelly, Walter Keating. tr.",Priv. Print.,Classic Literature; Fiction; French Love stories; Tales; French Romance fiction; Translations into English; French fiction; Medieval Literature; Continental european fiction (fictional works by one author); French Short stories,129,eng; fre; ger; rus; frm
/works/OL97775W,1800,Ovid,Fasti,"Castilho, Antonio Feliciano de, 1800-1875. tr.",[F. Marcolini],Calendar; Fasts and feasts; Festivals; History and criticism; Latin Didactic poetry; Poetry; Religious life and customs; Rites and ceremonies; Translations into English; Translations into French,118,mul; ita; lat; spa; ger; eng; fre; por
/works/OL15292640W,1800,Ovid,Metamorphoses,Charles Martin (Translator),Francis Nichols,Poetry; Classical Mythology; Metamorphosis; Mythology; Latin Fables; Translations into English; Translations into Italian; Translations into French; Latin literature; Latin Love poetry,491,ger; gmh; gle; mul; fre; frm; lat; eng; spa; ita; und; cze; dan; gre; cat; dut; por; enm; rus
/works/OL44901490W,1800,"Ovid; Christopher Marlowe; Maitland, Thomas Sir",Certaine of Ovids elegies,,,,1,eng
/works/OL2702015W,1800,Platina,Historia B. Platinae de vitis pontificum Romanorum,"Benham, William, 1831-1910 tr.","Ex officina G. Cholini, sumptibus Petri Cholini","Biography; Catholic Church; Charts, diagrams; Chronology; Church history; Early works to 1800; History; Papacy; Popes; Portraits",20,eng; ita; lat
/works/OL47147W,1800,Publius Vergilius Maro,Georgica,"Abbe, Elfriede Martha, 1919- illus. and tr.",Apud sanctam Vrbio[?] Agrippinam in ædibus Eucharij Ceruicorni,Translations into English; Society in literature; Paraphrases; Poetry; Translations into French; Legends; Latin; Latin poetry; Translations into Italian; Facsimiles,188,eng; fre; ger; arm; rus; mul; ita; lat; cat
/works/OL13086557W,1800,Publius Vergilius Maro,Opera,"Davidson, Thomas, 1840-1900, tr.",Harper & Brothers,Readers; Translations into Italian; Legends; Latin Didactic poetry; Agriculture; Translations into English; Poetry; Aeneas (Legendary character); Latin language; Country life,182,ita; ger; fre; lat; eng; mul
/works/OL47096W,1800,Publius Vergilius Maro,Publii Virgilii Maronis Bucolica et Georgica,,Sine nomine,,2,lat; eng
/works/OL15237197W,1800,Publius Vergilius Maro,The Georgics of Virgil translated: by William Sotheby. ..,,printed for J. Wright [by S. Gosnell],,1,eng
/works/OL47109W,1800,Publius Vergilius Maro; Alfred John Church,Stories from Virgil,,"Seeley, Jackson& Halliday",Children's stories; Adaptations; Roman Mythology; Juvenile literature,18,eng
/works/OL912286W,1800,Saint Jerome,Correspondence,"Wright, F. A. 1869-1946, tr.",Austrian Academy of Sciences Press,Correspondence; Christian saints; Early works to 1800; Saints; Theology; Conversation and phrase-books; Latin language; Latin Quotations; Commentaries; Early Christian literature,24,ita; ger; fre; lat; eng
/works/OL936179W,1800,Sallust,Opera,"Hamilton, James, 1769-1829, [from old catalog] tr.",Mame,"History; Jugurthine War, 111-105 B. C.; Jugurthine War, 111-105 B.C.",8,eng; ita; lat
/works/OL102326W,1800,Seneca the Younger,Epistolae morales,,Grigg & Elliot ...,Conduct of life; Early works to 1800; Stoics; Ethics; Early works to 1900,32,eng
/works/OL44265089W,1800,Seneca the Younger; Roger L'Estrange,Seneca's Morals,,printed for Joseph Bumstead ...,,3,eng
/works/OL812798W,1800,Suetonius,De vita Caesarum,"Del Rosso, Paolo, d. 1569, tr.",Independently Published,"Roman emperors; History; Emperors; Early works to 1800; Biography; Non-fiction; Roman History; Biografias De Politicos; Rome, politics and government; Rome, biography",147,eng; ita; rus; ger; fre; mul; lat
/works/OL1261147W,1800,Titus Livius,Ab urbe condita,"Freese, John Henry, tr.",Harper & Brothers,"Antiquities; Bibliography; Biography; Campaigns; Crossing of the Alps, 218 B.C.; Early works to 1800; Histoire; Historiography; History; Latin language",558,spa; ita; ger; fre; rus; pol; und; chi; lat; cze; heb; eng; mul
/works/OL481473W,1800,Titus Maccius Plautus,Trinummus,,Les Belles lettres,,28,ita; ger; fre; pol; lat; eng; mul
/works/OL38492826W,1800,Virgil,The Georgics of Virgil,"Sotheby, William, 1757-1833, translator",Printed for J. Wright,Latin Didactic poetry; Translations into English; Agriculture; Poetry,1,eng; lat
/works/OL61981W,1800,Όμηρος,Ἰλιάς,"Erhat, Azra, 1915- ed. and tr.",Harper & Brothers,Odysseus (Greek mythology); Juvenile poetry; Readers; Greeks; Poetry; Classical literature; Poesía; Open Library Staff Picks; Greek Epic poetry; Hector (Legendary character),1084,grc; ger; pol; ukr; tam; gle; ice; mul; gla; fre; tur; ara; lat; eng; arm; rum; spa; ita; und; chi; cze; gre; rus; dut; heb; por
/works/OL61982W,1800,Όμηρος,Ὀδύσσεια,Theodore A. Buckley (Translator),Société d'Édition Les Belles Lettres,"great_books_of_the_western_world; Poetry; Fiction; Classical literature; Open Library Staff Picks; Juvenile literature; Horses; Mythology, Greek, in literature; Diseases; Greek Mythology",1062,grc; ger; per; pol; ukr; gle; mul; fre; ara; lat; arm; swe; rum; spa; ita; eng; und; chi; fin; gre; slo; cat; dut; por; heb; rus
/works/OL67551W,1801,Cicero,De officiis,"Miller, Walter, 1864- tr.",In aedibus B.G. Teubneri,Ancient Ethics; Biography; Concordances; Conduct of life; Criticism and interpretation; Duty; Early works to 1800; Ethics; Friendship; Latin essays,129,eng; fre; ger; spa; arm; mul; ita; lat
/works/OL67542W,1801,Cicero,Epistolae ad familiares,,"impensis Gul. Thurlbourn. Prostant Londini apud J. Beecroft, P. Vaillant, J. Nourse, et R. Dodsley","Authors, Latin; Correspondence; Criticism and interpretation; Latin Authors; Rome; Statesmen; Early works to 1800; Latin language materials; Cicero, marcus tullius; Statesmen, correspondence",42,fre; ita; eng; ger; lat
/works/OL16910462W,1801,Desiderius Erasmus,"Erasmi Colloquia selecta; or, The select colloquies of Erasmus",,I. Thomas,,1,eng
/works/OL15469822W,1801,Francesco Petrarca,Rime,J. G. Nichols (Translator),F. Le Monnier,Autographs; Bibliography; Books and reading; Concordances; Criticism and interpretation; English Sonnets; English poetry; Facsimiles; History; Illumination (of MSS. and books),229,spa; ita; ger; fre; rus; und; lat; slo; eng; mul
/works/OL10424893W,1801,Francis Bacon,"Essays, moral, economical, and political",,Printed for John Bumpus [and others],,8,eng
/works/OL69453W,1801,Francis Bacon,Nova Atlantis,"Vázquez, Juan Adolfo, 1917- ed. and tr.","Printed by J. Haviland, for W. Lee",Early works to 1800; Education; Natural history; Philosophy; Philosophy of nature; Political science; Pre-Linnean works; Science; The State; Utopias,84,eng; fre; ger; spa; rus; ita; und
/works/OL810990W,1801,John Milton,Milton's Poems,,New American Library,"Bible; Criticism and interpretation; Elegiac poetry, Latin (Medieval and modern); English Manuscripts; English poetry; Facsimiles; Fall of man; History of Biblical events; Manuscripts; Modern Civilization",292,ita; dut; und; lat; gre; eng; mul
/works/OL658161W,1801,Lucius Apuleius,The garland of flowers,"Stuttaford, Charles, tr.","Kessinger Publishing, LLC",Classical Mythology; Eros (Greek deity); Fiction; Latin fiction; Psyche (Greek deity); Translations into French; Translations into Italian; Continental european fiction (fictional works by one author); Greek Mythology; Cupid and Psyche (Tale),46,lat; eng; fre; ita
/works/OL3149647W,1801,Robert Burton,The anatomy of melancholy,,Chatto & Windus,Early works to 1800; Manic-depressive illness; Melancholy; Mental Depression; Mental health; Psychiatry; Psychology; Early works to 1850; Depression; Medicine,60,lat; eng; spa
/works/OL10328370W,1802,Cicero,Cicero's select orations,,printed for G. Keith,,4,eng
/works/OL10328496W,1802,Cicero,M.T. Ciceronis Orationes quædam selectæ,,Impensis Caroli Norris et Soc.,"Friendship; Old age; Early works to 1800; Speeches, addresses, etc., Latin; Ethics",38,eng; lat
/works/OL44225396W,1802,Cicero,Select orations translated into English with the original Latin from the best editions ...,,"Printed by G.F. Hopkins for T. & J. Swords, etc.",,1,eng
/works/OL93082W,1802,Dante Alighieri,La Divina Commedia,H. R. Huse (Translator),Printed at the Riverside press,Poetry (poetic works by one author); Literatura; Portraits; Paradise; Poetry; Hell; Purgatory; Illustrations; Italian poetry; Medieval Literature,1336,grc; ger; pro; pol; jpn; ukr; gle; mul; fre; arm; lat; eng; rum; spa; ita; kor; chi; wel; dan; gre; cat; hun; dut; por; urd; fur; rus
/works/OL15227387W,1802,Desiderius Erasmus,Querela pacis,Thomas Paynell (Translator),Theatrum Orbis Terrarum,Peace; War; Early works to 1800,23,eng; ger; fre; lat; ita
/works/OL1150559W,1802,Gaius Julius Caesar,De bello Gallico,"Edwards, H. J. 1869-1923, tr.",New American Library,"Ancient Military history; Gaul; Gergovia, Battle of, Gergovia, 52 B.C.; History; Latin language; Military leadership; Problems, exercises; Readers; Rome Civil War, 49-45 B.C.; Translations into English",61,rum; spa; ita; ger; fre; dut; und; lat; heb; eng
/works/OL697157W,1802,Juvenal,Satirae,"Dryden, Charles, tr.",in aedibus Io. Bapt. Paraviae et sociorum,Latin Satire; Latin Verse satire; Poetry; Satire; Translations into English; Translations into Italian; Latin Poetry; Latin language materials; Juvenal; Persius,47,eng; fre; mul; ita; lat
/works/OL4959706W,1802,"Lorenzo Scupoli; Saint Ḟeofan, Bishop of Tambov and Shatsk",Il Combattimento Spirituale,,Sophia Institute Press,Asceticism; Care of the sick; Catholic Church; Catholic authors; Christian life; Doctrines; Early works to 1800; Orthodox Eastern Church; Perfection; Perfection (Catholic),51,eng; spa; lat; fre; ita
/works/OL658250W,1802,Lucius Apuleius; William Adlington; Lucio Apuleyo,Metamorphoses,"Boiardo, Matteo Maria, 1440 or 41-1494, translator",Iberia,Fiction; Classical Mythology; Metamorphosis; Latin fiction; Translations into English; Translations into Italian; Translations into Spanish; Translations into French; Isis (Egyptian deity); Metamorphosis in literature,432,spa; ita; ger; fre; rus; und; lat; cze; eng
/works/OL1086528W,1802,"Montaigne, Michel de",Essais,"Hazlitt, W. C., tr.",New American Library,"Translations into Chinese; Philosophy; French essays; Translations into English; Montaigne, Michel de, 1533-1592; great_books_of_the_western_world; Philosophers; Education; great_books; Marriage",294,spa; ita; ger; fre; frm; und; chi; eng; gle; lat; gre; mal; rus
/works/OL97772W,1802,Ovid,Amores,A. D. Melville (Translator),Viking Press,"Latin Love poetry; Translations into English; Poetry; Latin Elegiac poetry; Man-woman relationships; Translations into German; Problems, exercises; Love; Readers; Translations into Spanish",73,eng; ita; ger; fre; mul; lat; spa
/works/OL970352W,1802,Publius Papinius Statius; David R. Shackleton Bailey,Silvae,,"Chez Colnet libraire, Wurtz et Treuttel, Mongie",History; History and criticism; Latin Laudatory poetry; Latin Occasional verse; Poetry; Social life and customs; Translations into English; Translations into French; Translations into Hungarian; Translations into Italian,36,eng; ger; hun; spa; fre; lat; ita
/works/OL1512542W,1802,Publius Terentius Afer,Comediae,"Copley, Frank Olin, tr.",Oxford University Press,"Translations into English; Terence; Latin drama, translations into english; Latin drama (Comedy)",23,eng; lat
/works/OL102328W,1802,Seneca the Younger,Epistulae morales ad Lucilium,"Noblot, Henri, tr.",Servicios de Publicaciones de la Excma. Diputación Provincial,"Ethics; Early works to 1800; Suicide; Conduct of life; Latin language; Old age; Philosophy, ancient; Seneca, lucius annaeus, approximately 4 b.c.-65 a.d.",38,eng; fre; ger; spa; tur; ita; lat
/works/OL502943W,1802,Torquato Tasso; Marzio Pieri,Godfrey of Bulloigne,"Guerrazzi, Francesco Domenico, 1804-1873, tr.",Unione Tipografico-editrice torinese,"Poetry; Crusades; History; Italian Epic poetry; Crusades, First, 1096-1099; Translations into English; Italian poetry; Crusades (First : 1096-1099) fast (OCoLC)fst00884405; Poetry (poetic works by one author); Italian language",326,spa; ita; ger; fre; arm; por; und; lat; heb; eng
/works/OL3554901W,1803,Aulus Persius Flaccus,Satiræ,"Cartault, Augustin, 1847-1922, ed. and tr.","Kessinger Publishing, LLC","Translations into English; Latin Verse satire; Translations into French; English Translations; Latin Satire; Poetry; Translations from Latin; English Satire; Persius Flaccus, Aulus, 34-62 A.D.; Satire, latin",43,fre; ita; eng; lat
/works/OL44478001W,1803,"Aulus Persius Flaccus; Drummond, William Sir",The satires of Persius,,Printed for J. Ginger,,2,eng; lat
/works/OL67543W,1803,Cicero,Ad Atticum,,Ex officina Christophori Plantini,"Correspondence; Latin Authors; Statesmen; Translations into English; Latin letters; Latin language materials; Cicero, marcus tullius; Atticus, titus pomponius; Statesmen, correspondence; Authors, correspondence",66,mul; ita; lat; ger; eng; fre
/works/OL33082700W,1803,Francis Bacon,Fables of the ancients,,Printed by J. Cundee for M. Jones,Greek Mythology; Interpretation; Philosophy,1,eng
/works/OL69455W,1803,Francis Bacon,The works of Francis Bacon,,Longmans and Co,Philosophers; Science; Philosophy; Biography; Conduct of life; Ethics; Philosophy of nature; Renaissance Philosophy; Methodology; Early works to 1800,52,eng
/works/OL24894776W,1803,Francis Bacon,"Works. Of Francis Bacon, baron of Verulam, viscount St. Alban, and lord high chancellor of England",,Printed for J. Johnson [etc.],,1,eng
/works/OL1172792W,1803,Joseph Addison,Poems,,"At the Apollo press, by the Martins","Latin poetry; Translations into English; Latin poetry, Medieval and modern; English poetry; Translations from Latin; Medieval and modern Latin poetry",10,eng
/works/OL11016008W,1803,Juvenal,The satires of Decimus Junius Juvenalis,,Printed for Jacob Tonson and are to be sold by Robert Knaplock ...,English Satire,2,eng
/works/OL293317W,1803,Kālidāsa,The Abhijñānaśākuntalam of Kālidāsa,"Emeneau, M. B. 1904- tr.","Kessinger Publishing, LLC",Sanskrit drama; Translations into English; Indic drama (English); English imprints; Early works to 1800; Hindu mythology; Indo-iranian philology; Śakuntalā (Hindu mythology); Drama; Translations from Sanskrit,134,ger; pra; snd; mwr; mal; fre; mon; eng; tel; spa; ita; fin; dan; guj; san; dut; urd; hin; mar; kan; ben; por
/works/OL102305W,1803,Seneca the Younger,Seneca's morals,,Printed by M. Bennet for Jacob Tonson,Early works to 1800; Stoics; Conduct of life; Conduct of life.; Ethics,5,eng
/works/OL104736W,1803,Sir Isaac Newton,Philosophiae naturalis principia mathematica,"Motte, Andrew, tr.",Sumptibus C. & A. Philibert,Mechanics; Dynamics of a particle; Gravitation; Tides; Double Refraction; great_books_of_the_western_world; Celestial mechanics; Early works to 1800; Wave theory of Light; Plane Curves,104,eng; lat
/works/OL260847W,1803,Thomas à Kempis; Jérôme de Gonnelieu; Richard Challoner,Imitation of Christ,"Daplyn, Edgar, tr.",Turner Publishing Company,"Early works to 1800; Christian life; Devotional literature; Example; Meditations; Spiritual life, catholic church; Catholic church, doctrines; Meditation; Devotional Meditations; Méditations",394,spa; kor; ita; ger; fre; cre; und; gle; wel; lat; ben; eng; mul
/works/OL44334757W,1803,Virgil; John Dryden; John Carey,The works of Virgil,,Printed for Jacob Tonson,Translations into English; Poetry; Latin Pastoral poetry; Latin Didactic poetry; Latin Epic poetry; Country life; Agriculture,2,lat; eng
/works/OL137863W,1804,Augustine of Hippo,Selected works,,In aedibus spectrum,"Collected works; Early church; Early church, ca. 30-600; Early works to 1800; Latin Sermons; Pelaganism; Sermons, Latin; Theology",11,lat; eng; gre; ger
/works/OL67548W,1804,Cicero,Selected works,"Michael Grant (Introduction, Translator)",Unione tipografico-editrice torinese,Ancient Rhetoric; Correspondence; Early works to 1800; Ethics; Friendship; Latin Authors; Latin Epigrams; Old age; Paradox; Statesmen,69,und; lat; ger; ita; eng
/works/OL32809263W,1804,Cicero,The letters of Marcus Tullius Cicero to several of his friends,"Melmoth, William, 1710?-1799, editor, translator","Printed for Lackington, Allen [etc., etc.]",,1,eng
/works/OL42758114W,1804,Desiderius Erasmus; John Clarke,"Erasmi colloquia selecta; or, The select colloquies of Erasmus",,"London: printed: Hartford, re-printed, and sold by, Nathaniel Patten",Latin language; Conversation and phrase books; English,5,lat; eng
/works/OL10307103W,1804,Gaius Julius Caesar,C. Julii Cæsaris quæ extant,,"sumptibus G. Strahan, J. F. & C. Rivington, T. Longman, T. Cadell, & G. Robinson",History,11,lat; eng
/works/OL16280231W,1804,Publius Vergilius Maro,Aeneis,"Hollý, Ján, 1785-1845, tr.",New American Library,Poetry; Aeneas (Legendary character); Latin Epic poetry; Translations into English; Legends; Translations into Italian; Translations into French; Readers; Latin language; Translations into German,456,grc; ger; per; pol; srp; mul; fre; sco; ara; arm; lat; eng; spa; ita; und; cze; dan; slo; hun; rus; dut; heb; por
/works/OL47151W,1804,Publius Vergilius Maro,P. Virgilii Maronis Opera,,I.C.Hinrichs,Poetry; Latin Didactic poetry; Agriculture; Aeneas (Legendary character); Country life; Latin Epic poetry; Latin Pastoral poetry; Indexes; Concordances; Latin poetry,62,eng; lat
/works/OL1150515W,1805,Gaius Julius Caesar,De bello Gallico primi quatuor libri commentariorum ..,,Evert Duyckinck,,1,eng
/works/OL61482W,1805,Gaius Valerius Flaccus; Gauthier Liberman,Argonautica,,Gruppo editoriale internazionale,Poetry; Argonauts (Greek mythology); Medea (Greek mythology); Jason (Greek mythology); Latin Epic poetry; Translations into English; Translations into French; Translations into Italian; Latin language materials; Epic poetry,26,mul; lat; ita; fre; eng; ger
/works/OL88217W,1805,Horace,Carmina,"Vitale, Guido, 1881- , tr.",Cambridge U.P.,Latin Laudatory poetry; Translations into English; Poetry; Translations into Spanish; Latin Verse satire; Latin language; Translations into German; Translations into Italian; Odes; Translations into Hebrew,183,mul; lat; ita; fre; heb; eng; rus; pol; dut; cat; spa; ger
/works/OL38751026W,1805,Juvenal,"D. Junii Juvenalis, et A. Persii Flacci Satirae",,Impensis J. Nicholls & Filli ... [et al.,,4,lat; eng
/works/OL1108315W,1805,P. Cornelius Tacitus,The works of Cornelius Tacitus,"Murphy, Arthur, 1727-1805 tr.",Luke White,History; Germanic peoples,17,eng
/works/OL16226124W,1805,Pliny the Younger,The letters of Pliny the consul,,"Printed for Lackington, Allen, and co.",Correspondence; Latin letters; Translations into English; Lawyers; Latin Authors,14,eng
/works/OL15238971W,1805,Publius Terentius Afer,Comoediae sex,,Leers,,45,eng; fre; lat
/works/OL16756502W,1805,Quintilian,Institutes of eloquence,,Dutton,,1,
/works/OL10314032W,1805,Quintilian,Quinctilian's institutes of eloquence,,R.Dutton [et al],,1,eng
/works/OL14862680W,1805,"Samuel Johnson; Fleeman, J. D.; Donald Greene",Samuel Johnson,,Folcroft Library Editions,"Translations into English; Medieval and modern Latin poetry; Other prose: 16th to 18th centuries; English, Irish, Scottish, Welsh; General; Literary Criticism & Collections / General; Poetry; Poetry (poetic works by one author); Short stories; Johnson, samuel, 1709-1784",35,eng
/works/OL1313851W,1805,Sextus Propertius; Albius Tibullus; Georg Luck,Elegiae,"Watts, Albert Everett, ed. and tr.",Bristol Classical Press,"Concordances; English prose literature; Glossaries; Glossaries, vocabularies; History and criticism; In literature; Language; Latin Elegiac poetry; Latin Love poetry; Latin language",152,spa; ita; ger; fre; und; por; eng; lat; gre; rus; mul
/works/OL38744649W,1805,Titus Livius,Titus Livius' Roman history,,Chalmers,,1,eng
/works/OL1548597W,1805,Titus Lucretius Carus,De rerum natura,"Rouse, W. H. D. (William Henry Denham), 1863-1950, translator",Universidad Nacional Autónoma de México,Latin Didactic poetry; Ancient Philosophy; Poetry; Translations into English; Translations into Italian; Philosophy; Early works to 1800; Translations into Spanish; Translations into French; Criticism and interpretation,537,eng; ita; gre; rus; ger; grc; fre; mul; cze; lat; spa; und
/works/OL44857141W,1805,William Parr Greswell; Jacopo Sannazaro; Poliziano,"Memoirs of Angelus Politianus, Joannes Picus of Mirandula, Actius Sincerus Sannazarius, Petrus Bembus, Hieronymus Fracastorius, Marcus Antonius Flaminius, and the Amalthei : Translations from their poetical works",,"Printed by R. and W. Dean; for Cadell and Davis, London",Latin poetry,1,eng
/works/OL2382360W,1806,Apollonius Rhodius,Apollonius Rhodius,"Rieu, E. V. 1887-1972, tr.",Sumptibus et typis B.G. Teubneri,Argonauts (Greek mythology); Poetry; Translations into English; Greek poetry; Greek language materials; Greek Epic poetry; Poetry (poetic works by one author); Greek literature; Latin literature; Medea (Greek mythology),97,geo; ita; grc; ger; fre; eng; lat; gre; mul
/works/OL5225311W,1806,Aulus Cornelius Celsus; Celse; G. Serbat,De medicina,"Scheller, Eduard, tr.",F. Vieweg und sohn,"Ancient Medicine; Early works to 1800; Formulae, receipts, prescriptions; Fractures; Greek and Roman Medicine; History; Medicine; Surgery; Latin language materials; Medicine, greek and roman",72,grc; eng; fre; ger; mul; ita; lat
/works/OL15161992W,1806,Catholic Church,Misal diario y vesperal,"Francis, Joseph, Father, tr.",Catholic book pub.,"Catholic Church; Controversial literature; English; English Hymns; Handbooks, manuals; Holy Week services; Hyde Abbey (Winchester, England); Hymns; Illumination of books and manuscripts; Latin",78,eng; ita; spa; lat
/works/OL67512W,1806,Cicero,Cicero's epistles to Atticus,,Printed for T. Waller...,Correspondence; Latin Authors; Statesmen,6,eng
/works/OL32809231W,1806,Cicero,Epistles to Atticus,"Guthrie, William, 1708-1770, editor, translator","Cadell and Davis, [etc.]",,1,eng
/works/OL32820857W,1806,Cicero,The orations of Marcus Tullius Cicero,,printed by Thomas Maiden ... for W.J. and J. Richardson,"Speeches, addresses, etc., Latin; Translations into English",1,eng
/works/OL18186304W,1806,"Clarke, John",An introduction to the making of Latin,,Printed for W. Strahan ...,Latin language; Ancient History; Grammar; Readers; History; Translating into English,12,lat; eng
/works/OL3233568W,1806,Claudius Claudianus,De raptu Proserpinae,"Pope, R. Martin 1865-1944, tr.",Loffredo,"Poetry; Proserpina (Roman deity); Translations into English; Mythology, roman; Art and mythology",19,eng; lat; spa; ita; cze
/works/OL38421332W,1806,Julius Caesar,The commentaries of Caesar,,Cuthell and Martin [etc,Military art and science; History,1,eng; lat
/works/OL15236598W,1806,Juvenal,"A new translation with notes, of the third satire of Juvenal",,"--Printed for E. Sargeant, no. 39 Wallstret, opposite the United-States bank",Translations into English; Latin Verse satire,1,eng
/works/OL15236603W,1806,Juvenal,D. Junii Juvenalis et A. Persii Flacci Satirae,,Apud J. Nicholson ... [and 8 others],Latin poetry; Latin Verse satire; Translations into Italian; Latin Satire,11,eng; ita; lat
/works/OL43439811W,1806,Juvenal; William Gifford; P. Austin Nuttall,Satires of Decimus Junius Juvenalis,,Nichols and son,Latin Satire; Translations into English; English Satire; Translations from Latin,3,gre; eng
/works/OL1512543W,1806,Publius Terentius Afer,Comedies,"Copley, Frank Olin, tr.",La veuve C. Thiboust & P. Esclassan,Translations into English; Latin drama (Comedy); Terence -- Translations into English.; Continental european drama (dramatic works by one author); Wit and humor; Drama (dramatic works by one author); Drama; General & miscellaneous drama; Fiction & literature classics; Literary criticism,38,eng; lat; ger; fre
/works/OL15238972W,1806,Publius Terentius Afer,Comoediae,,Hahn,"Latin drama, history and criticism",46,eng; lat
/works/OL16280229W,1806,Publius Vergilius Maro,Bucolica,"Valéry, Paul, 1871-1945, tr.",Oxford university press,Poetry; Latin Pastoral poetry; Country life; Translations into English; Translations into Italian; Translations into French; Agriculture; Latin Didactic poetry; Translations into Spanish; Translations into German,134,eng; fre; ger; spa; jpn; mul; ita; afr; lat; cat
/works/OL936181W,1806,Sallust,The works of Sallust,"Gordon, Thomas, d. 1750, tr.",Printed for T. Woodward and J. Peele,"History; Jugurthine War, 111-105 B.C.; Translations into English; Latin literature; Jugurthine war,; Jugurthine War, 111 B.C.-105 B.C.",6,eng; lat
/works/OL44087450W,1806,"Sallust; Steuart, Henry Sir",Works,,printed for C. and R. Baldwin by J. Ballantyne,,1,eng
/works/OL44711128W,1806,Seneca the Younger; Roger L'Estrange,"Seneca's morals, by way of abstract",,Printed at the Gazette-Office. ...,Stoics; Conduct of life,2,eng
/works/OL78704W,1806,Valerius Maximus; John Briscoe,Factorum et dictorum memorabilium libri IX,,Apud Simonem Colinaeum,"Anecdotes; Civilization; Early works to 1800; Exempla; History; Latin Didactic literature; Rome; Social life and customs; Translations into English; Literary studies: classical, early & medieval",33,lat; ita; eng; ger; fre
/works/OL137872W,1807,Augustine of Hippo,Confessions,R. S. Pine-Coffin (Translator),A. Mondadori,Religious aspects of Truth; Christian saints; Christianity; Spiritual life; Religion & Spirituality; Bishop of Hippo; Hippo; Collected works; Christian life; Early church,449,eng; heb; ita; rus; ger; ara; fre; mul; lat; wel; spa; por; und
/works/OL67545W,1807,Cicero,De Natura deorum,,Weidmann,Roman Gods; Early works to 1800; Theology; Latin language materials; Greek Gods; Theory of Knowledge; Controversial literature; Religion; Philosophy; Divination,70,eng; fre; mul; lat
/works/OL32831454W,1807,Cornelius Tacitus,The works of Cornelius Tacitus,,J. Stockdale,History,2,eng
/works/OL15465639W,1807,Francis Bacon,"Essays moral, economical, and political",,J. Greenleaf,,1,eng
/works/OL33084659W,1807,Francis Bacon,"The works of Francis Bacon, Baron Verulam, Viscount St. Alban, and lord high chancellor of England. Volume the first. [-Twelfth]",,"Printed by James Cundee, Ivy-Lane, for M. Jones, Paternoster-Row",Science; Methodology; Philosophy; Natural history; Pre-Linnean works; Classical Mythology; Conduct of life; Logic; Ethics; Aphorisms and apothegms,1,eng
/works/OL15151297W,1807,Juvenal,The satires of Juvenal,"Evans, Lewis, 1814 or 15-1869, tr.",Ams Pr Inc,"Translations into English; Latin Verse satire; Latin Satire; Latin Poetry; Satire; Satire, latin",23,lat; eng; mul
/works/OL44797323W,1807,Juvenal; Martin Madan; Persius,A new and literal translation of Juvenal and Persius,,"Printed by N. Bliss, R. Bliss, and R. Bliss, Jun.",,2,lat; eng
/works/OL31138420W,1807,Juvenal; Thomas Hay Sweet Escott,Satires of Juvenal,,Penguin Publishing Group,,6,eng
/works/OL38437599W,1807,Lucan,Lucan's Pharsalia,,Printed for T. Johnson,"History; Poetry; Pharsalus, Battle of, Farsala, Greece, 48 B.C.",2,eng
/works/OL44338356W,1807,"Melmoth, William; Cornelius Tacitus",Fitzosborne's letters,,W.J. and J. Richardson,,1,eng
/works/OL16871933W,1807,Ovid,Ten Epistles,,Printed for C. and R. Baldwin,,1,eng; lat
/works/OL442179W,1807,Ovid,Ten Epistles of Ovid,,printed for C. and R. Baldwin,,1,eng
/works/OL38740106W,1807,Ovid,The metamorphoses of Publius Ovidius Naso in English blank verse,"Howard, J. J. (Translator), translator",Printed for the author & sold by J. Hatchard,,1,eng
/works/OL44497582W,1807,P. Cornelius Tacitus; Arthur Murphy,Works,,J. Stockdale,History,1,eng
/works/OL47077W,1807,Publius Vergilius Maro,The Culex of Virgil,"Sargent, Lucius M. 1786-1867, tr.","Printed at the Emerald press, by Belcher and Armstrong",Gnats; Translations into English; Poetry; Latin Fables,2,lat
/works/OL1548659W,1807,Titus Lucretius Carus; Hugh Andrew Johnstone Munro,De rervm natvra libri sex,,Typis Johannis Baskerville,Printing; Specimens; Ancient Philosophy; Latin Didactic poetry; Poetry,43,ita; lat; eng; ger
/works/OL502963W,1807,Torquato Tasso,La Gierusalemme liberata,,George Routledge,"Poetry; History; Translations into English; Italian Epic poetry; Crusades, First, 1096-1099; Poetry (poetic works by one author); Crusades",7,ita; gre; swe; eng; fre
/works/OL16763068W,1808,"Arthur Cayley; More, Thomas, Saint, 1478-1535","Memoirs of Sir Thomas More, with a new translation of his Utopia, his History of King Richard III, and his Latin poems",,Cadell and Davis,,3,eng
/works/OL1393105W,1808,Boethius,"The works of Ancius Manlius Torquatus Severinus Boethius, concerning the consolation of philosophy",,Printed by Asher Miner,,1,eng
/works/OL42386398W,1808,Boethius,The works of Anicius Manlius Torquatus Severinus Boethius,,By Asher Miner,,1,eng
/works/OL67549W,1808,Cicero,Cato maior de senectute,"Logan, James, 1674-1751 tr.",B.G. Teubner,"Early works to 1800; Friendship; Old age; Philosophy, ancient; Divination; Vieillesse; Ouvrages avant 1800; Amitié; Libraries; Social sciences",93,ita; grc; ger; fro; fre; und; eng; enm; lat; gre; mul
/works/OL10328366W,1808,Cicero,Cicero's letters,,W.Suttaby,Correspondence; Latin Authors; Statesmen,3,lat; eng
/works/OL67393W,1808,Cicero,Cicero's letters to several of his friends,"Melmoth, William, 1710-1799, tr.",W. Suttaby [etc.],Correspondence; Latin Authors; Statesmen,2,eng
/works/OL15733516W,1808,Cicero,De oratore,E. W. Sutton (Translator),B.G. Teubner,"Oratory; Ancient Rhetoric; Early works to 1800; Correspondence; Ancient Oratory; Latin Authors; Statesmen; Criticism and interpretation; Oratory, ancient; Orators",58,ita; ger; eng; lat; gre; mul
/works/OL38916625W,1808,John Milton,Latin and Italian poems of Milton,"Cowper, William, 1731-1800, translator",Printed for J. Johnson,,1,eng
/works/OL810690W,1808,John Milton,"Latin and Italian poems of Milton translated into English verse, and a fragment of a commentary on Paradise lost",,"Printed by J. Seagrave, Chichester for J. Johnson ... and R.H. Evans ...",,1,eng
/works/OL16792252W,1808,Lord Byron,"Poems, original and translated",,"Printed and sold by S. and J. Ridge; [etc., etc.]",Latin poetry; Translations into English; Greek poetry,1,eng
/works/OL33170671W,1808,"More, Thomas Saint","A most pleasant, fruitful, and witty work of the best state of a public weal, and of the new isle called Utopia","Robinson, Ralph, 1521- translator",Printed by Wm. Bulmer for Wm. Miller,Utopias,1,eng
/works/OL441949W,1808,Ovid,Epistles,,Walker,,1,eng
/works/OL2935999W,1808,Peter Abelard; Pierre Abélard; Héloïse,Héloïse et Abélard,"Oddoul, Édouard, [from old catalog] tr.",Printed for R. Scott by J. Hardcastle,"Correspondence; Theologians; Love-letters; Christian Abbesses; Abbesses, Christian; Medieval and modern Latin letters; Philosophers; Translations into English; Translations into Italian; Abelard, peter, 1079-1142",78,spa; ita; ger; fro; fre; lat; eng
/works/OL16887821W,1808,Publius Vergilius Maro,The Georgics of Virgil,,"Printed [by Richard Alsop] for I. Riley, New-York",Translations into English; Agriculture; Poetry; Latin Didactic poetry; Bees,1,eng
/works/OL47155W,1808,Publius Vergilius Maro; Jane Harriman Hall; Alexander Gordon McKay,Aeneidos,"May, Thomas, 1595-1650 tr.",Heinemann,Poetry; Aeneas (Legendary character); Latin Epic poetry; Translations into English; Legends; Readers; Latin language; Literature in Spanish; Trojan War; Translations into Scots,64,mul; lat; ita; fre; wel; eng; sco; spa; ger
/works/OL11830784W,1808,Thomas More,"A most pleasant, fruitful, and witty work of the best state of a public weal, and of the new isle called Utopia",,Printed by Wm. Bulmer for Wm. Miller,Utopias; Early works to 1800,1,eng
/works/OL1090156W,1808,Thomas More,"A most pleasant, fruitful, and witty work of the best state of a public weal, andof the new isle called Utopia",,Printed by Wm. Bulmer for Wm. Miller,,1,eng
/works/OL1090157W,1808,Thomas More,"A most pleasant, fruitful, and witty work of the state of a public weal, and of the new isle called Utopia",,W. Miller,,1,eng
/works/OL15366912W,1808,Thomas More,Utopia,Ralph Robynson (Translator),Da Capo,Utopias; Proverbs; Bibliography; Utopías; Fiction; Miniature books; Early works to 1800; Nonfiction; Consolation; Politics,198,spa; ita; hun; ger; fre; rus; dut; und; ara; lat; eng
/works/OL1090194W,1808,Thomas More,"Utopia, or, The best state of a commonwealth",,"Printed by Day, Goswell Street, for Jones and Bumford, Paternoster Row",Utopias,1,eng
/works/OL44423455W,1808,"Thomas More; Burnet, Gilbert","Utopia, or, The best state of a commonwealth",,Printed by Day for Jones and Bumford,Utopias,1,eng
/works/OL16280547W,1808,Titus Livius,Titi Livii Patavini Historiarum,,"Ex Typographeo Academico, veneunt apud Bell & Bradfute, et Mundell, Doig, & Stevenson",History,2,eng; lat
/works/OL16896711W,1808,Titus Lucretius Carus,The first book of T. Lucretius Carus Of the nature of things,,"Printed for Mundell, Doig, & Stevenson [etc.]",,1,eng
/works/OL44828993W,1808,Titus Lucretius Carus; William Hamilton Drummond,The first book of T. Lucretius Carus Of the nature of things,,"Printed for Mundell,Doig,& Stevenson;and J.Anderson,Edinburgh;Longman,Hurst,Rees, & Orme,London;and S.Archer,Belfast.",,1,eng
/works/OL67546W,1809,Cicero,Laelius de amicitia,,Tallone,Conduct of life; Consolation; Early works to 1800; Elections; Friendship; Latin language; Paradoxes; Political science; Readers; Roman Consuls,65,spa; ita; grc; ger; fre; swe; lat; eng; mul
/works/OL679943W,1809,Desiderius Erasmus,Colloquia,"Bailey, N. d. 1742, tr.",in ædibus Jacobi Flesher,"Dialogues, Latin (Medieval and modern); Early works to 1800; Imaginary conversations; Textbooks; Latin language; Conversation and phrase books; English; Reformation; Folly; Translations into English",132,eng; ita; ger; fre; lat; dut
/works/OL1391365W,1809,George Buchanan,"The Franciscan friar, a satire",,Brash and Reid,,1,eng
/works/OL88212W,1809,Horace,Horace,"Bennett, Charles E. 1858-1921, tr.",Loeb Classical Library,"Problems, exercises; Translations into English; Odes; Latin Verse satire; Readers; Poetry; In literature; Latin language; Latin Laudatory poetry; Latin Epistolary poetry",38,lat; eng; grc
/works/OL12411325W,1809,J. B Gardin Dumesnil,"Latin synonyms, with their different significations, and examples taken from the best Latin authors",,Printed by Richard Taylor...for T. Payne...,Latin language; Synonyms and antonyms,1,eng
/works/OL33122013W,1809,Mary Ware,Poems,,Printed for T. Cadell and W. Davis,Classical poetry; Translations into English,1,eng
/works/OL442075W,1809,Ovid,Ovid's amours,,Sine nomine,,1,eng
/works/OL1108320W,1809,P. Cornelius Tacitus,Germania,"Fehrle, Eugen, 1880- tr.",Typis & sumtibus Henningi Mulleri ...,Biography; Description and travel; Early works to 1800; Germanic Law; Germanic Mythology; Germanic antiquities; Germanic peoples; Historical geography; History; Romans,67,ita; ger; fre; lat; swe; dan; eng; mul
/works/OL1108210W,1809,P. Cornelius Tacitus,The letters of Tacitus to the people of Kentucky,,"Printed for the author by W. Gerard, Ed. Argus",Politics and government,2,eng
/works/OL33087486W,1809,Persius,The satires of A. Persius Flaccus,,Printed for J. Mawman,English Satire; Latin Satire; Translations into English,2,eng
/works/OL245421W,1809,Sir Brooke Boothby,Fables and satires,,printed by George Ramsay and Company for Archibald Constable and Co.,Classical literature; Fables; Translations into English; English poetry; Translations from foreign literature,3,eng
/works/OL481472W,1809,Titus Maccius Plautus,Aulularia,,impressa... per Melchiarem Lotterum,Translations into Italian,27,por; fre; eng; ger; rus; mul; ita; lat
/works/OL481474W,1809,Titus Maccius Plautus,Mostellaria,,Bristol Classical Press,Classical drama (Comedy); Comedy; Criticism and interpretation; Drama; History and criticism; Latin drama (Comedy); Latin language; Latin literature; Readers; Latin language materials,29,ita; ger; fre; lat; eng; mul
/works/OL43959154W,1809,Virgil,The fall of Troy,,,,1,eng
/works/OL777826W,1809,William Beckford; Samuel Henley; Richard Garnett ,An Arabian tale,"Grimsditch, Herbert B. 1898- tr.",Alianza,"Fiction, general; French literature, translations into english; Description and travel; Fiction; Inheritance and succession; Classic Literature; Thirty years' war, 1618-1648; Civilization; French literature; Translations into English",333,eng; fre; ger; spa; jpn; rus; ita; und
/works/OL7858312W,1810,Alexander Chalmers,English translations,,Johnson,Classical literature; English literature; Translations from classical literature; Translations into English,2,eng
/works/OL163081W,1810,Francis Hodgson,Sir Edgar,,J. Mackinlay,Classical literature; Translations into English; Broad grins,2,eng
/works/OL27685223W,1810,Joannes Amos Comenius,Joh. Amos Comenii Orbis sensualium pictus,,Printed and sold by T. & J. Swords,Picture books for children; Latin language; Readers; Natural History; Natural history,1,eng
/works/OL1108778W,1810,Johann Amos Comenius,"Joh. Amos Comenii Orbis sensualium pictus, hoc est, Omnium principalium in mundo rerum, et in vita actionum, pictura & nomenclatura",,Printed and sold by T. & J. Swords,Natural history; Juvenile literature; Latin language; Picture books for children; Readers,1,eng
/works/OL1108869W,1810,Johann Amos Comenius,Orbis sensualium pictus,"Hoole, Charles, 1610-1667, tr.",Printed and sold by T. & J. Swords,Children's literature; Dictionaries; Early works to 1800; Education; History and criticism; Juvenile literature; Latin Picture dictionaries; Latin Reader; Latin language; Natural history,24,ger; hun; lat; cze; eng; mul
/works/OL43810030W,1810,Juvenal; Persius,The original text of Juvenal and Persius cleared of all the most exceptionable passages with explanatory notes and introductory essays by Edward Owen,,W. Lowndes,,1,eng
/works/OL1092720W,1810,Leigh Hunt,The feast of the poets,,"Printed and published by Van Winkle and Wiley, corner of Wall and New-streets",Latin poetry; Translations into English; English poetry; Translations into English. [from old catalog],6,eng
/works/OL15516745W,1810,Ovid,"Decerpta ex P. Ovidii Nasonis Metamorphoseon libris: notis anglicis illustrata, In usum scholarum",,Francis Nichols,,2,lat; eng
/works/OL43737730W,1810,"Ovid; Garth, Samuel Sir","Ovid's Metamorphoses, in fifteen books",,"J. & F. Rivington [etc., etc.",,2,lat; eng
/works/OL1512540W,1810,Publius Terentius Afer,Terence's Comedies,"Patrick, Samuel, 1684-1748, tr.","printed for J. & B. Sprint, T. Child, and J. Hartley",Translations into English,13,lat; eng
/works/OL16109431W,1810,Sallust,Bellum Catilinae,"Lindauer, Josef, ed. and tr.",B.J. Sanborn,"History; Jugurthine War, 111-105 B.C.; Latin language; Readers; Roman law; Terminology; Latin language materials; Catilina, lucius sergius, approximately 108 b.c.-62 b.c.; Rome, history, republic, 510-30 b.c.; Rome, historiography",24,eng; ger; hun; spa; lat; fre; ita
/works/OL38746771W,1810,Terence,The comedies of Terence,"Echard, Laurence, 1670?-1730, translator",Oxford University Press,,4,lat; eng
/works/OL15314568W,1810,"Thomas Aquinas; Kennedy, Daniel Joseph, 1862-1930",Summa Theologica,"Oesterle, John A. tr.",Lethielleux,Anthropology; Attributes; Catholic Church; Catholic Theology; Catholic authors; Christian ethics; Christianity; Christianity and law; Christianity and law.; Collected works,277,ita; ger; fre; pol; eng; lat; arm; mul
/works/OL10328371W,1811,Cicero,"Cicero's select orations, translated into English",,"Printed for G. G. J. and J. Robinson, and J. Evans ...",,2,eng
/works/OL166615W,1811,Giovanni Della Casa,Galateo,"Crynes, N.. tr.",Penguin Books,"Carving (Meat, etc.); Conduct of life; Conversation; Courtesy; Early works to 1800; Ethics; Etiquette; Etiquette, Medieval; Latin American literature; Latin literature, Medieval and modern",33,eng; ger; spa; ita; lat; frm
/works/OL42904419W,1811,Lucius Annaeus Seneca; C. A. Wheelwright,Octavia,,,,1,eng
/works/OL43650423W,1811,Marcus Tullius Cicero; William Duncan,"Cicero's select orations, translated into English",,printed for G. Keith,,2,lat; eng
/works/OL17353158W,1811,Publius Vergilius Maro,Georgicorum,,Printed for R. Dutton,,1,eng
/works/OL15237451W,1811,Publius Vergilius Maro,The works,"Dryden, John, 1631-1700, tr.",Macmillan,Translations into English; Poetry; Latin Didactic poetry; Latin Pastoral poetry; Aeneas (Legendary character); Country life; Latin Epic poetry; Agriculture,16,eng; lat
/works/OL481476W,1811,Titus Maccius Plautus,Works.,,Kuhn,"Latin drama, history and criticism; Latin drama (Comedy); Latin literature",33,ita; lat; eng
/works/OL32971835W,1812,Cicero,Cicero's five books De finibus,"Parker, Samuel, 1681-1730, translator","Printed for Lackington, Allen, & co., by Nathaniel Bliss",,1,eng
/works/OL67460W,1812,Cicero,The two last pleadings of Marcus Tullius Cicero against Caius Verres,"Kelsall, Charles, tr.","printed by T. Bensley... for White, Cochrane, and Co.","Translations into English; Speeches, addresses, etc., Latin; Description and travel",3,lat; eng
/works/OL15097651W,1812,Horace,"Odes, epodes, &c. [satires, epistles, &c.]  Translated from the Latin by Philip Francis, and rev. by H.J. Pye, with occasional notes",,"Printed by Whittingham and Rowland [for Suttaby, Evance, and Fox",,1,eng
/works/OL16907389W,1812,Horace,The epistles of Horace,,Orton and Hawkes Smith,Translations into English; Latin Epistolary poetry; German literature,1,ger; eng
/works/OL15097781W,1812,Horace,"The satires, epistles, &c. of Horace",,"Suttaby, Evance, and Fox",Translations into English; Latin Laudatory poetry; Latin Verse satire; Latin Epistolary poetry; Poetry,1,eng
/works/OL88214W,1812,Horace; Floriano Martins,Ars poetica,"Colman, George, 1732-1794 tr.",Scholartis press,Early works to 1800; Poetics; Latin Didactic poetry; Latin Epistolary poetry; Criticism; Aesthetics; Translations into English; Poetry; History and criticism; Translations into Spanish,59,lat; mul; dut; spa; ita; por; rus; eng; ger
/works/OL3864042W,1812,Lycophron,Alexandra,"Mooney, George W. 1911- ed. and tr.",B.G. Teubner,"Cassandra (Legendary character); Greek Epic poetry; Poetry; Princesses; Translations into English; Translations into Italian; Trojan War; Women prophets; Trojan War. fast (OCoLC)fst01157294; Greece, history, to 146 b.c.",32,spa; ita; grc; ger; fre; eng; lat; gre; mul
/works/OL442035W,1812,Ovid,"Metamorphoses, v. 2-3",,"Printed by Whittingham and Rowland [for] Suttaby, Evance and Fox",,1,eng
/works/OL24604710W,1812,Ovid,Ovid's Art of Love : Together with His Remedy of Love,,printed for Martin and Bain,,4,eng
/works/OL43317766W,1812,"Ovid; Garth, Samuel Sir",Metamorphoses,,"Puttaby, Evance and Fox, etc.",,1,eng
/works/OL43873345W,1812,Virgil; John Conington,The works of Virgil,,Printed by W. Bowyer for Bernard Lintott,,5,eng; lat
/works/OL769118W,1813,Church of England,The thirty-nine articles of the Church of England,,e Theatro Sheldoniano,Anglican Communion; Canon law; Church of England; Creeds; Doctrinal Theology; Doctrines; Early works to 1800; Ecclesiastical law; Government; Sources,47,eng; lat
/works/OL93230W,1813,Dante Alighieri,Il Paradiso,Charles Eliot Norton (Translator),New American Library,Poetry; Heaven; Paradise; Heaven in literature; Bibliography; Translations into English; Dictionaries; Paradise in literature; Rime; Italian literature,291,spa; ita; ger; fre; arm; por; ukr; lat; eng; mul
/works/OL16100129W,1813,Desiderius Erasmus,"The complaint of peace ; to which is added, Antipolemus",,Charles Williams,Religious aspects; War,1,eng
/works/OL679574W,1813,Desiderius Erasmus,"The complaint of peace, to which is added, Antipolemus, or, The plea of reason, religion, and humanity, against war",,D. Allinson,Peace; War,1,eng
/works/OL32860843W,1813,Desiderius Erasmus,"The plea of reason, religion and humanity, against war",,[publisher not identified],War; Moral and ethical aspects; Peace; Pacifism,1,eng
/works/OL679904W,1813,Desiderius Erasmus,"The plea of reason, religion, and humanity, against war",,Printed and sold by Collins & Co.,War; Moral and ethical aspects of War; Moral and ethical aspects; Peace; Pacifism,4,eng
/works/OL17662885W,1813,Francis Bacon,The novum organum scientiarum,,Printed for M. Jones,Science; Methodology; Philosophy,1,eng
/works/OL4079712W,1813,Gaius Julius Phaedrus; Eberhard Oberg,Fabulae,,B.G. Teubner,"Aphorisms and apothegms; Dialects; Early works to 1800; Fables; Fables, Latin (Medieval and modern); Fábulas latinas; History and criticism; Italian language; Latin Fables; Latin language",41,spa; ita; ger; arm; glg; eng; fin; lat; mul
/works/OL15249113W,1813,Horace,Satirae,Smith Palmer Bovie (Translator),Penguin,Latin Verse satire; Translations into English; Poetry; Translations into Italian; Translations into German; Translations into Russian; Latin Epistolary poetry; Readers; Latin language; Latin literature,115,eng; ger; rus; spa; cat; lat; fre; dut; ita; mul; por
/works/OL938509W,1813,Jean Calvin,Institutio Christianae religionis,"Norton, Thomas, 1532-1584, tr.",De l'imprimerie de Iaques Bourgeois,16th century; Aphorisms and apothegms; Bible; Bible - Commentaries; Calvinism; Catholic Church; Christianity; Collected works; Commentaries; Controversial literature,120,spa; fre; dut; frm; lat; eng
/works/OL15236600W,1813,Juvenal,A new and literal translation of Juvenal and Persius,,"Printed for the editor, and sold at T.Becket's",Translations into English; Latin Satire,8,eng; mul
/works/OL97725W,1813,Ovid,Ars Amatoria,"Moore, Bertram Percy, 1877-1955, tr.",Indiana Univ Pr,"Love poetry, Latin; Love-letters; Poetry; Latin Erotic poetry; Latin Didactic poetry; Seduction; Translations into English; Translations into French; Translations into Spanish; Translations into Italian",98,eng; fro; ita; rus; ger; mul; fre; lat; spa
/works/OL44710145W,1813,Ovid,The epistles of Ovid,,Printed for J. Nunn,,1,lat; eng
/works/OL16882011W,1813,Publius Vergilius Maro,"The works of Virgil, with the Latin interpretation of Ruæus, and the English notes of Davidson",,"Pub. by J. Cushing; W. Fry, printer",Agriculture; Latin Didactic poetry; Country life; Latin Epic poetry; Latin Pastoral poetry; Poetry; Aeneas (Legendary character),1,eng
/works/OL15222837W,1813,Seneca the Younger,Beauties of Seneca,,Printed by James Winnard,Early works to 1800; Conduct of life,1,eng
/works/OL102316W,1813,Seneca the Younger,Phaedra,,Presses Universitaires de France,Drama; Phaedra (Greek mythology); Criticism and interpretation; Continental european drama (dramatic works by one author); Latin Manuscripts; Readers; Master and servant; Facsimiles; Latin language; Slaves,11,por; ita; fre; spa; eng; lat
/works/OL1548624W,1813,Titus Lucretius Carus,"The nature of things, a didascatic poem",,J. Rodwell...,,1,eng
/works/OL42710538W,1813,Virgil,The works of Virgil,,H.C. Carey and I. Lea,,5,eng; lat
/works/OL5809495W,1813,William Painter,The palace of pleasure,,Dover Publications,Translations into English; Italian literature; English literature; Translations from Italian; Translations from classical literature; Translations; Italian fiction; Classical literature; French fiction,11,eng; ita
/works/OL7767619W,1814,"Elton, Charles Abraham Sir",Specimens of the classic poets,,R. Baldwin,Greek poetry (Collections); Latin poetry (Collections),1,eng
/works/OL3066937W,1814,Guillaume de Lorris; Jean de Meun,Roman de la Rose,"Dahlberg, Charles, 1919- tr.",Princeton University Press,Alchemy; Bookbinding; Courtly love; Facsimiles; French Illumination of books and manuscripts; French Manuscripts; French poetry; History; Lortic; Manuscripts,93,spa; ita; ger; fro; fre; frm; enm; eng
/works/OL1296078W,1814,Hugo Grotius,De jure belli ac pacis libri tres,"Whewell, William, 1794-1866, tr.",Chez Emanuel Thourneisen,Early works to 1800; International law; War (International law); Natural law; Freedom of the seas; Law of the sea; Bible; Maritime law; Commentaries; Philosophy,71,ger; fre; dut; lat; eng
/works/OL44015022W,1814,"Terence; Englefield, Henry Sir",The Andrian,,W. Bulmer and co.,,1,lat; eng
/works/OL1261049W,1814,Titus Livius,The history of Titus Livius,,J. Davis,History,1,eng
/works/OL44002905W,1814,Virgil,"Bucolica, Georgica et Aeneis",,J. Munroe and Co.,,2,lat; eng
/works/OL37015857W,1815,Cornelius Tacitus,"A treatise on the situation, manners, and inhabitants of Germany","Aikin, John, 1747-1822, translator",Printed by W. Baxter,Germanic peoples,1,eng
/works/OL43492454W,1815,Janus Secundus,The Portal to the cabinet of love,,Printed and published by Isaac Eddy,"Kissing; Poetry; Erotic poetry, Latin (Medieval and modern); Translations into English; English Erotic poetry",2,eng
/works/OL1325469W,1815,Marcus Junianus Justinus; Justin; Waldemar Heckel,Historiae Philippicae,John Yardley (Translator),"Per Fran. Oxlad, Senior et Junior",Ancient History; History; Macedonia; Early works to 1800; Emperors; Biography; Kings and rulers; Generals; Latin American literature; Medieval and modern Latin literature,73,eng; spa; lat; fre; ita
/works/OL38740119W,1815,Ovid,"P. Ovidii Nasonis Opera, ad fidem editionis Burmannianae expressa. Londini",,Sumptibus Rodwell et Martin [etc.,,1,eng
/works/OL1108300W,1815,P. Cornelius Tacitus,"A treatise on the situation, manners, and inhabitants of Germany","Aikin, John, 1747-1822 tr.",sold by T. & J. Allman,Germanic peoples,3,eng; lat
/works/OL27070142W,1815,Publius Papinius Statius; Charles Stanley Ross,Thebaid,,Johns Hopkins University Press,,2,eng
/works/OL11381925W,1815,Richard Dabney,"Poems, original and translated",,"Published by M. Carey, no. 121, Chestnut Street.",Translations into English; Greek poetry; English poetry; Latin poetry; Italian poetry; Translations from foreign languages; Translations,3,eng
/works/OL15115789M,1816,,The Portal to the cabinet of love,,Sine nomine,"Kissing -- Poetry; Erotic poetry, Latin (Medieval and modern) -- Translations into English; Erotic poetry, English -- Translations",1,eng
/works/OL55151W,1816,Benjamin Constant; B. Constant; Benjamin Constant,Adolphe,"Tancock, Leonard, tr.",Larousse,"Fiction; Social life and customs; Theater; Commitment (Psychology); French fiction; Translations into English; French literature; Planche, Gustave, 1808-1857; Swiss Novelists; Childhood and youth",134,ita; mul; fre; spa; ger; dut; eng
/works/OL10328489W,1816,Cicero,Select orations,,Clarendon Press,,16,eng; lat
/works/OL679936W,1816,Desiderius Erasmus,Enchiridion militis Christiani,"Himelick, Raymond, ed. and tr.",Ex officinâ Ioannis Maire,"Christian life; Christian literature, Latin (Medieval and modern); Early works to 1800; History; Middle Ages; Translations into German; Vie chrétienne; Histoire; Filosofia da religião; Geloofsleven",27,eng; ger; fre; lat; spa
/works/OL88203W,1816,Horace,Epistles,,Macmillan,Translations into English; Politics and government; Latin Epistolary poetry; Latin Political poetry; Poetry; Poetry (poetic works by one author); Rome,12,ger; eng; lat
/works/OL43898847W,1816,John Milton; Jacob George Strutt,The Latin and Italian poems of Milton,,J. Conder,,1,eng
/works/OL2241482W,1816,Marcus Valerius Martialis; Paul Barie; Winfried. Schindler,Epigrammata,"Mangeart, J. 1805-1874, tr.",New American Library,"Latin Epigrams; Translations into English; Poetry; Epigrams; Translations into Italian; Translations into French; Translations into Spanish; Colosseum (Rome, Italy); Adaptations; History and criticism",155,spa; ita; ger; fre; lat; eng; mul
/works/OL1133521W,1816,Snorri Sturluson,Heimskringla; Lives/Saga of the Norse Kings,"Morris, William, 1834-1896. tr.",Nauka,Discovery and exploration; Early works to 1300; History; Norse; Northmen; Old Norse literature; Sagas; Sources; Teutonic race; Translations into English,75,dan; fre; rus; und; swe; nor; fao; ice; eng
/works/OL832756W,1817,Albius Tibullus,Elegiae,,"A Boneto locatello Bergome[n]si, cui necessaria exhibuit Nobilis uir Octauianus Scotus Modoetiensis",Ancient Poetry; Authorship; History and criticism; In literature; Latin Elegiac poetry; Latin Love poetry; Poetry; Rome in literature; Translations into English; Translations into German,38,eng; ger; rus; lat; fre; ita
/works/OL88207W,1817,Horace,Quintus Horatius Flaccus,,typis Joannis Baskerville,Miniature books; Specimens,17,lat; eng
/works/OL2393744W,1817,Juan Luis Vives,Linguae latinae exercitatio,Foster Watson (Translator),Del Senia al Segura,"Conversation and phrase books; Dialogues, Latin (Medieval and modern); Didactic literature, Latin (Medieval and modern); Early works to 1800; Education; England; History; Latin Reader; Latin language; Readers",18,eng; spa; cat; lat; mul
/works/OL11015999W,1817,Juvenal,The satires of Decimus Junius Juvenalis and of Aulus Persius Flaccus,,"G. and W. Nicol, Cadell and Davies, and R.H. Evans",,1,eng
/works/OL24983279W,1817,Lucius Annaeus Seneca,Seneca's morals by way of abstract,,E. Duyckinck,Stoics; Conduct of life,4,eng
/works/OL15668640W,1817,P. Cornelius Tacitus,Agricola,"Saint-Denis, E. de ed. and tr.",Akademie-Verlag,"Readers; Manuscripts, Latin (Medieval and modern); Translations into English; Latin language; Early works to 1800; Statesmen; Germanic peoples; History; Biography; Ancient Oratory",83,eng; fre; wel; ger; mul; ita; lat; und
/works/OL15225213W,1817,Sallust,Belli Catilinarii et Jugurthini historiae,,James Eastburn et Soc.,"History; Jugurthine War, 111-105 B.C.; Jugurthine War, 111-105 B.C",4,lat; eng
/works/OL481479W,1817,Titus Maccius Plautus,Captivi,"Thierfelder, Andreas, 1903- tr.",[Clarendon Press],Criticism and interpretation; Drama; Latin drama (Comedy); Latin language materials; Suggestive Therapeutics; Play; Influence; Italian drama (Comedy),47,eng; ita; ger; mul; lat
/works/OL137870W,1818,Augustine of Hippo,Sermons pour la Pâque,,"Lang Publishing, Incorporated, Peter",Bible; Catholic Church; Christmas sermons; Church year sermons; Doctrines; Dutch Sermons; Early works to 1800; Easter; Eastertide; French Sermons,25,lat; spa; ita; eng; fre; dut; ger
/works/OL679909W,1818,Desiderius Erasmus,"Extracts from the writings of Erasmus, on the subject of war",,Printed by Bensley and Son,War; Moral and ethical aspects of War; Moral and ethical aspects; Peace; Pacifism,4,eng
/works/OL44003839W,1818,Desiderius Erasmus; John Clarke; James Ross,"Desiderii Erasmi Roterodami Colloquia familiaria nonnulla selecta, or, Some select familiar colloquies of D. Erasmus, of Rotterdam",,Published by T. & W. Bradford ...,Latin language; Texts,1,lat; eng
/works/OL15097851W,1818,Horace,Di Q. Orazio Flacco satira V,,Teubner.,Translations into English; English literature; Latin Satire; Latin poetry; Translations from Latin; Latin literature; Translations into Latin; Latin Verse satire,4,ita; lat
/works/OL38733618W,1818,Juvenal,Decimi Junii Juvenalis satirae selectae,,Cumming,,1,eng; lat
/works/OL1092608W,1818,Leigh Hunt,Foliage,,C. and J. Ollier,English poetry; Translations into English; Translations from Latin; Translations from Greek; Greek poetry; Latin poetry,1,eng
/works/OL442022W,1818,Ovid,"Metamorphoseon, with a translation into english, as near the original as the different idioms of the Latin language will allow",,Printed by George Berwick),,1,mul
/works/OL15223075W,1818,Seneca the Younger,Morals,,"Printed for Sherwood, Neely and Jones",Conduct of life; Conduct of life.; Stoics,1,eng
/works/OL102315W,1818,Seneca the Younger,Opera quae supersunt,,In aedibus B.G. Teubneri,Conduct of life; Stoics,10,eng; lat
/works/OL13106309W,1818,Thomas Rees,"The Racovian Catechism: With Notes and Illustrations, Translated from the Latin; to which is ..",,"Longman, Hurst, Rees , Orme and Brown",Unitarians; English Catechisms; Latin Catechisms; Translations from English; Translations into English; Socinianism; History; Unitarian churches; Catechisms; English,1,lat; eng
/works/OL16777262W,1818,Thomas Rees,The Racovian catechism,,"Printed for Longman, Hurst, Rees, Orme, and Brown",Unitarians; English Catechisms; Latin Catechisms; Translations from English; Translations into English; Socinianism; History,1,eng
/works/OL13098371W,1819,Francis Bacon,"The works of Francis Bacon, Baron of Verulam, Viscount St. Alban, and Lord High Chancellor of England",,Printed for C.and J. Rivington [etc.],,12,eng
/works/OL7746134W,1819,J. B. Gardin Dumesnil,"Latin synonyms, with their different significations, and examples taken from the best Latin authors",,"Printed for G. and W.B. Whittaker, Cradock and Joy, J. Cuthell, Ogle, Duncan and Co., and J. Nunn",Latin language; Synonyms and antonyms,1,eng
/works/OL38749560W,1819,Julius Caesar,C. Julii Caesaris Quae extant,"Clark, Thomas, translator",Grigg,Dutch Engraving; Early works to 1800; History; Specimens,3,lat; eng
/works/OL38748285W,1819,Marcus Tullius Cicero,Three books of offices,,Munday,,1,eng
/works/OL442172W,1819,Ovid,Six bookes of Metamorphoseos,,,,1,eng
/works/OL442173W,1819,Ovid,Six bookes of Metamorphoseos inwhyche ben conteyned the fables of Ovyde,,"From the Shakspeare Press, by W. Bulmer and Co",,1,eng
/works/OL97776W,1819,Ovid; Isocrates; G. Mathieu,Heroides,"Figiovanni, Carlo, tr.",Gio. Battista Ciotti,Latin language materials; Latin Epistolary poetry; Latin Love poetry; Classical Mythology; Love-letters; Poetry; Women; Poetry (poetic works by one author); Epic poetry; Mythology,86,mul; lat; spa; ger; ita; gre; eng; fre; cze
/works/OL15237321W,1819,Publius Vergilius Maro,P. Virgilii Maronis Georgicorum libri quatour,"Martyn, John, 1699-1768 ed. and tr.","Printed by W. Baxter; for G. and W. B. Whittaker, London",Translations into English; Agriculture; Poetry; Latin Didactic poetry,1,eng
/works/OL145025W,1819,Quintus Curtius Rufus,Historia Alexandri Magni,,A. Mondadori,Biography; Early works to 1800; Kings and rulers; History; Generals; Readers; Latin language; Latin American literature; Travel; Medieval and modern Latin literature,79,eng; ita; rus; ger; hun; fre; mul; lat; arm; spa; und
/works/OL42635790W,1820,"Brown, John of Great Yarmouth.; Juvenal",Patronage,,Printed for the author; sold by John Souter ... and Messrs. Hatchard and Son ...,Authors and patrons; Poetry,1,eng
/works/OL349325W,1820,Catholic Church; John Patrick Crichton-Stuart 3rd Marquess of Bute,The Roman Breviary,"Bute, John Patrick Crichton-Stuart, Marquess of, 1847-1900 tr.",Per Ma. M. morin i[m]pressorem iuxta prioratum sancti Laudi in eadem vrbe commorantem exarata,Breviaries; Catholic Church; Christmas; Divine office; Early works to 1800; English Hymns; Facsimiles; Franciscans; French Hymns; Hymns,140,eng; fre; ger; chu; dut; ita; cze; lat
/works/OL16791742W,1820,Cicero,Cicero De officius,,,Ethics; Early works to 1800,1,eng
/works/OL8722401W,1820,"Edward Bulwer Lytton, Baron Lytton",Ismael,,Classic Books,"Novels in verse; Poetry; English poetry; Latin poetry; Translations into English; Greek drama (Tragedy); Waterloo, Battle of, Waterloo, Belgium, 1815",2,eng
/works/OL32982636W,1820,Francis Bacon,Essays by Lords Bacon and Clarendon,,"Wells and Lilly, Court-Street",English essays,1,eng
/works/OL17751628W,1820,Gaius Julius Caesar,"C. Julio Caesaris de Bello Gallico commentariorum libri V. Accessere index geographicus, et Galliae veteris, ad Caesarum, tabula. Editio ad usum juventutis accomodata",,"excudebat E. Williams, apud quem veneunt etiam Londini",,1,eng
/works/OL42487468W,1820,Pliny the Younger; W. M. L. Hutchinson; William Melmoth,Letters,,Harvard University Press,,5,eng; mul; lat
/works/OL10702971W,1820,Publius Vergilius Maro,A translation of the works of Virgil,,"Printed for Longman, Hurst, Rees, Orme, and Brown ...",,1,eng
/works/OL15237116W,1820,Publius Vergilius Maro,The Aeneis of Virgil,,Printed by C. Whittingham for N. Hailes...,,1,eng
/works/OL15237237W,1820,Publius Vergilius Maro,The Æneis of Virgil,"Symmons, Charles, 1749-1826 tr.",Printed by C. Whittingham for N. Hailes [etc.],,1,eng
/works/OL44002935W,1820,Virgil,Opera,,impensis M. Carey & filii,,14,und; eng; ita; lat
/works/OL3554891W,1821,Aulus Persius Flaccus,The satires of Aulus Persius Flaccus,,Printed by W. Bulmer and W. Nicol,Latin Verse satire,2,eng
/works/OL44706893W,1821,Aulus Persius Flaccus; William Gifford,The satires of Aulus Persius Flaccus,,W. Bulmer and W. Nicol,,1,lat; eng
/works/OL551668W,1821,Edmond Rostand,Cyrano de Bergerac,Brian Hooker (Translator),"Lamson, Wolffe and company","Drama; History; French Authors; Cyrano de Bergerac, Savinien, 1619-1655; French drama; English drama; French language; Translations into English; Translations from French; Théâtre",309,cat; spa; ger; fre; rus; und; sco; chi; tgl; ara; heb; slo; eng
/works/OL68260W,1821,Gaius Valerius Catullus,The poems of Caius Valerius Catullus,"Lamb, George, 1784-1834, tr.",John Murray,"Love poetry, Latin",2,eng
/works/OL43771190W,1821,Horace; Thomas Chase,The works of Horace,,Eldredge,Latin language; Readers,5,lat; eng
/works/OL442184W,1821,Ovid,A translation of the first book of Ovid's Tristia,"Arden, Francis, tr.",C. S. Van Winkle,Translations into English; Latin Elegiac poetry; Exiles; Latin Epistolary poetry; Poetry,1,eng
/works/OL47101W,1821,Publius Vergilius Maro,P. Vergilius Maro,,Teubner,,2,lat; eng
/works/OL15237252W,1821,Publius Vergilius Maro,The Pastorals of Virgil,,F.C. & J. Rivingtons,Pastoral poetry; Translations into English; Latin Pastoral poetry; Illustrated books; History; Specimens,1,lat; eng
/works/OL1090223W,1821,Thomas More,The history of King Richard the Third,,"Press of C. Whittingham for R. Trip-Hook, London","Early works to 1800; Kings and rulers; Biography; History; Richard iii, king of england, 1452-1485; Great britain, kings and rulers; Great britain, history",7,lat; eng
/works/OL67414W,1822,Cicero,M. T. Cicero de Oratore,"Guthrie, William, 1708-1770 ed. and tr.",Printed for T. Waller,Oratory,2,eng
/works/OL94246W,1822,Isocrates,Isocrates,George Norlin (Translator),Clarendon,"Correspondence; Orators; Speeches, addresses, etc., Greek; Translations into English; Greek language materials; Speeches, addresses, etc.; Isocrates",22,lat; eng; gre; und; grc; mul
/works/OL697075W,1822,Juvenal,"A literal translation of those satires of Juvenal and Persius which are read in Trinity College, Dublin","Madan, Martin, 1726-1790, tr.",A. Watson,Translations into English; Latin Verse satire,1,lat; eng
/works/OL44234394W,1822,P. Cornelius Tacitus; Arthur Murphy,The works of Cornelius Tacitus,,"Printed for Wells & Lilly, Richardson & Lord, Munroe & Francis, Lincoln & Edmands, Oliver Everett, Cummings & Hilliard, Charles Ewer, Timothy Bedlington",History,2,eng
/works/OL1261028W,1822,Titus Livius,The first five books of the Roman history,,Printed for W. and C. Tait,History,1,eng
/works/OL481464W,1822,Titus Maccius Plautus,Epidicus,"Reece, Benny R., tr.",gedruckt bey Wilhelm Staritz,Criticism and interpretation; Drama; Translations into English; Latin drama (Comedy),10,ger; mul; por; lat; eng
/works/OL1393130W,1823,Boethius,De consolatione philosophiae,"Tupper, Martin Farquhar, 1810-1889 tr.",New York : Olms; Chicago: distributed by Bolchazy-Carducci,Incunabula; God; Miniature books; Medieval Education; Specimens; Medieval Philosophy; Good and evil; Theodicy; Philosophy; Medieval and modern Latin literature,118,spa; ita; grc; kor; ger; fro; fre; dut; frm; enm; lat; gre; roa; ang; eng; mul
/works/OL67541W,1823,Cicero,De republica,"Keyes, Clinton Walker, 1888- tr.",B.G. Teubner,"Early works to 1800; Political science; The State; Politics and government; Bobbio, Italy (Benedictine monastery); Latin Manuscripts; Conduct of life; Facsimiles; Amnesty; Law",55,ita; ger; hun; fre; eng; lat; rus; mul
/works/OL93213W,1823,Dante Alighieri,The portable Dante,"Rossetti, Dante Gabriel, 1828-1882, tr.",Viking Press,"Translations into English; Translations into Spanish; Dante Alighieri, 1265-1321 -- Translations into English; Divina commedia (Dante Alighieri); Purgatory; Paradise; Hell; Poetry; Italian poetry; Poetry (poetic works by one author)",21,spa; ita; eng
/works/OL14994272W,1823,Francis Bacon,Exemplum tractatus de fontibus juris,,"Printed for Waugh and Innes; Chalmers and Collins, Glasgow; and Ogle, Duncan, London",Aphorisms and apothegms; Law,1,eng
/works/OL42627685W,1823,Francis Bacon; James Glassford,Exemplum tractatus de fontibus juris,,Waugh and Innes,,1,eng
/works/OL3801778W,1823,Gottfried von Strassburg; Arthur Thomas Hatto; William T. Whobrey,Tristan und Isolde,"Weston, Jessie Laidlay, 1850-1928 tr.",A. Kümmerle,"Tristan (Legendary character); Romances; bub_upload; Arthurian romances; German Romances; Iseult (Legendary character); Translations into English; Continental european fiction (fictional works by one author); Romances, history and criticism; Queens",160,spa; ita; ger; fre; gmh; eng; mul
/works/OL15290950W,1823,Nathaniel Bacon,Meditations for every day in the year,,Benziger Bros.,Meditations; Devotional calendars; Catholic Church,3,lat; eng
/works/OL44494065W,1823,Nathaniel Bacon; Roger Baxter,Meditations for every day in the year,,J. Milligan,Devotional calendars; Catholic Church,1,eng; lat
/works/OL102324W,1823,Seneca the Younger,Tragoediae,"Richard, Pierre, joint tr.",University of Chicago Press,"Drama; Latin drama (Tragedy); Greek Mythology; Tragedy; Early works to 1800; Philosophy; Translations into German; Ancient Philosophy; Translations into English; Literature, history and criticism",53,lat; ita; eng; fre; ger; mul
/works/OL1339282W,1823,Tertullian,"The shield of Catholic faith, or, Tertullian's Prescriptions",,Printed by J. Coyne,Religious aspects of Authority; Religious aspects; Tradition (Theology); Authority; Christian Heresies,1,eng
/works/OL43490970W,1823,Titus Livius; George Baker,The history of Rome,,"Peter A. Mesier, et al.",History,1,eng
/works/OL43877537W,1823,Titus Livius; George M. Baker,The history of Rome,,"Published by Samuel F. Bradford, J. Maxwell, printer",History,1,eng
/works/OL308980W,1823,Vālmīki; Robert P. Goldman; Rosalind Lefeber,"Ramayana, a Holy Bible of India","Dutt, Romesh Chunder, 1848-1909. tr.",Typ. Regiis Sumtibus Editoris,Rāma (Hindu deity); Hanumān (Hindu deity) in literature; Translations into English; Prayer-books and devotions; Poetry; Sanskrit Epic poetry; Sanskrit Epic literature; English; Illustrations; Sanskrit,110,mal; jpn; fin; rus; eng; tam; san; tib; ben; pan; inc; ori; fre; dut; mar; nep; ita; hin; kaw; spa; guj; mul; bur; urd; tel; kas
/works/OL917273W,1824,Aulus Gellius,Noctes Atticae,"Rolfe, John Carew, 1859-1943, tr.",Harvard Univ. Press,"Latin essays; Latin prose literature; Civilization, Greco-Roman; Translations into Italian; Sources; Civilization; Translations into English; Roman law; Translations into French; Latin language materials",77,ita; ger; fre; lat; eng; mul
/works/OL24712711W,1824,Charles Swan,Gesta Romanorum,,G. Routledge & Sons,Latin Tales; Translations into English,10,lat; eng
/works/OL243472W,1824,Charles Swan,"Gesta Romanorum Or, Entertaining Moral Stories",,C. and J. Rivington,"Early works to 1800; Christian literature, Latin (Medieval and modern); Didactic literature, Latin (Medieval and modern); Translations into English; Medieval Tales; Exempla",7,eng
/works/OL67547W,1824,Cicero,Tusculanae disputationes,"King, J. E. 1858-1939, tr.","Little, Brown and Company","Early works to 1800; Happiness; Philosophy; Ethics; Latin language materials; Philosophy, ancient; Roman Gods; Theology; Political science; The State",85,eng; ger; spa; cze; lat; fre; dut; ita; mul
/works/OL10424937W,1824,Francis Bacon,"The works of Francis Bacon, Baron of Verulam, Viscount St. Albans, and Lord High Chancellor of England",,Brown and Taggard,,2,eng
/works/OL1537403W,1824,George Washington Doane,Songs by the way,,E. Bliss and E. White,Translations into English; Poetry; Latin Hymns; Texts; English Hymns; Translations from Latin; Translations from foreign literature; English poetry; Translations,3,eng
/works/OL27735491W,1824,Ovid,"Art of love with his Remedy of love, Art of beauty,and Amours ; translated by Dryden ... [et al.].",,printed by and for Hodgson,,1,eng
/works/OL47146W,1824,Publius Vergilius Maro,Publii Virgilii Maronis opera,,Imp[re]ssa impe[n]sis Anthonii Koberger,Poetry; Latin Didactic poetry; Aeneas (Legendary character); Early works to 1800; Latin Epic poetry; Latin Pastoral poetry; Agriculture; Country life; Incunabula; Specimens,16,eng; lat
/works/OL38750824W,1824,Sallust,"The works of Sallust, translated from the original by Henry Steuart",,Printed for the trade by T.H. Palmer,,1,eng
/works/OL12059872W,1824,Thomas More,"Memoirs of Captain Rock, the celebrated Irish chieftain",,"printed for Longman, Hurst, Rees, Orme, Brown and Green",History,1,eng
/works/OL481475W,1824,Titus Maccius Plautus,Rudens,,Hamilton College,"Criticism and interpretation; Translations into Spanish; Translations; Versification; Drama; Latin drama; Latin drama (Comedy); Philosophy, ancient",32,eng; ger; mul; lat; spa
/works/OL137835W,1825,Augustine of Hippo,De civitate Dei,"Healey, John, tr.",In aedibus B.G. Teubneri,"Latin Manuscripts; Kingdom of God; Theology; Apologetics; Early works to 1800; Early Christian literature; Early church, ca. 30-600; Moral conditions; History; Latin language materials",109,eng; fre; ger; spa; mul; ita; lat
/works/OL67540W,1825,Cicero,Brutus,"Alabart Sans, Gumersindo, d. 1919, ed. and tr.",Les Belles Lettres,"Early works to 1800; Ancient Oratory; Oratory; Criticism and interpretation; Theology; Ethics; Roman Gods; Divination; Latin language materials; Speeches, addresses, etc., latin",45,mul; ita; lat; spa; cat; ger; eng; fre
/works/OL67500W,1825,Cicero,Select orations of Marcus Tullius Cicero,"Yonge, Charles Duke, 1812-1891 tr.","The Translation publishing co., inc.","Speeches, addresses, etc., Latin",8,eng; lat
/works/OL24891702W,1825,Cicero,The letters of Marcus Tullius Cicero to Titus Pomponius Atticus,"Heberden, William, 1767-1845  (Translator)",Payne and Foss,Correspondence,1,eng
/works/OL11904781W,1825,Edward [Valpy,Original passages taken from Latin authors,,Valpy (pr.),Latin language; Composition,1,eng
/works/OL15333107W,1825,Francis Bacon,Works,,Hurd,Methodology; English Philosophy; Science; Law; English Police; Legal maxims; History,9,eng
/works/OL17835613W,1825,Juvenal,D. Junii Juvenalis Satirae,"Stirling, John, -1777, translator",,Latin Satire; Latin poetry; Translations into English,1,eng
/works/OL16752749W,1825,Ovid; Arthur Palmer; Kennedy,Heroides,Grant Showerman (Translator),W.B. Clive,Poetry; Latin Epistolary poetry; Latin Love poetry; Women; Translations into English; Classical Mythology; Love-letters; Translations into Italian; Mythology; Translations into Spanish,61,grc; eng; fre; spa; mul; ita; lat; und
/works/OL16867532W,1825,Publius Vergilius Maro,Publii Virgilii Maronis Bucolicôn liber,,"M. Iley; [etc., etc.]",Latin language; Readers; Country life; Translations into English; Latin Pastoral poetry; Poetry,1,lat
/works/OL38750844W,1825,Sallust,"C. Crispi Sallusti opera, omissis fragmentis, omnia",,G. et C. Carvill,,1,lat; eng
/works/OL15223083W,1825,Seneca the Younger; François-Régis Chaumartin; F.-R. Chaumartin,Tragedies,"Newton, Thomas, 1542?-1607, ed. and tr.",Les belles lettres,Drama; Classical Mythology; Latin drama (Tragedy); Translations into English; Hecuba (Legendary character); Early works to 1800; Tragedy; Translations into Italian; English Translations; Ancient Philosophy,62,mul; lat; ita; fre; grc; eng; enm; cat; spa; ger
/works/OL43502528W,1825,Virgil; T. W. C. Edwards,Publii Virgilii Maronis Bucolicôn liber,,Matthew Iley,,1,eng
/works/OL24950808W,1826,Cornelius Tacitus,Five books of the History of C. Cornelius Tacitus,,O. D. Cooke & co.,,1,eng
/works/OL44778953W,1826,Horace,The works of Horace translated literally into English prose for the use of those who are desirous of acquiring or recovering a competent knowledge of the Latin language,,"J. Mawman, etc.",,1,eng
/works/OL15292633W,1826,Ovid,Opera,,Dent,"Problems, exercises; Readers; Latin Love poetry; Poetry; Latin language; Metamorphosis; Classical Mythology; Mythology; Ovid, 43 b.c.-17 a.d. or 18 a.d.; Latin language, readers",12,lat; eng
/works/OL252661W,1826,Peter Augustine Baines,"Faith, hope and charity",,W.E. Andrews,Catholic Church; Doctrines; Apologetic works,4,eng
/works/OL1257866W,1826,Pliny the Elder,Naturalis historia,"Holland, Philemon, 1552-1637, tr.",Ex officina Elzeuiriana,"Ancient Geography; Art; Art, Greco-Roman; Astronomy; Cosmography; Early works to 1800; Geography; Glass; Gold; History",100,grc; eng; fre; ger; spa; mul; ita; lat
/works/OL1512546W,1826,Publius Terentius Afer,Andria,,Kessinger Publishing,Latin drama (Comedy); Translations into Italian; Translations into Spanish; Latin drama,46,ita; lat; spa; ger; eng; por
/works/OL1238284W,1826,Saint Ignatius of Loyola; Aloysio R.P Bellecio; Ignatius.,Exercitia spiritualia,"Mullan, Elder, 1865-1925, tr.",Kennedy,Spiritual exercises; Meditations; Spiritual retreats; Catholic Church; Meditation; Biography; Early works to 1800; Christian saints; Jesuits; Spiritual life,145,cat; spa; ita; ger; fre; lat; cze; eng; mul
/works/OL936001W,1826,Sallust,Bellum Catilinarum et Jugurthinum,,Wogan,,2,eng; lat
/works/OL3554856W,1827,Aulus Persius Flaccus,Peel & Co..,,N. Teucher,,1,eng
/works/OL33085080W,1827,Gaius Valerius Catullus,The marriage of Peleus and Thetis,,J. Hatchard and son,,1,eng
/works/OL32507783W,1827,Horace; Charles Loomis Dana; John Cotton Dana,Horace [microform],,J.F. Dove,,3,eng
/works/OL12381478W,1827,P. Cornelius Tacitus,Dissertation on the manners of the Germans and the life of Agricola,,Whitaker,,1,eng
/works/OL1108178W,1827,P. Cornelius Tacitus,Dissertations on the manners of the Germans and the Lifeof Agricola,,Whitaker,,1,eng
/works/OL15237190W,1827,Publius Vergilius Maro,Georgica Pulbii Virgilii Maronis hexaglotta,,"e typographeo Gulielmi Nicol, 1827.",Latin Didactic poetry; Translations into English; Translations into Spanish; Translations into Italian; Translations into German; Translations into French; Agriculture; Poetry,1,mul
/works/OL16898798W,1827,Publius Vergilius Maro,Georgicorum libri quatuor,,"Printed by W. Baxter, for C. and J. Rivington [etc.] London; and J. Parker, Oxford",Translations into English; Agriculture; Poetry; Latin Didactic poetry,1,eng
/works/OL481471W,1827,Titus Maccius Plautus,Amphitruo,,Focus Pub./R. Pullins Co.,"Amphitryon (Greek mythology); Drama; Latin language materials; Drama (dramatic works by one author); Latin drama, history and criticism; Amphitryon (greek mythology)--drama; Pa6568 .a6 2000; 872/.01",22,eng; fre; por; ger; mul; ita; lat
/works/OL481370W,1827,Titus Maccius Plautus,Seven comedies of Plautus,,J.F. Dove,,1,eng
/works/OL44330331W,1828,Julius Caesar,Cæsar's invasion of Britain,,Printed from J. Taylor,,1,eng
/works/OL697089W,1828,Juvenal,Satiræ expurgatæ,,"Hilliard, Gray, Little, et Wilkins",,2,lat; eng
/works/OL2504645W,1828,Marcus Manilius,Astronomicon,,"Dieterichsche Verlagsbuchhandlung, T. Weicher",Astrology; Poetry; Early works to 1800; Ancient Astronomy; Astronomy; Latin Didactic poetry; Translations into Italian; Translations into English; Translations into French; Latin language materials,31,lat; eng; fre; ita
/works/OL441926W,1828,Ovid,"Art of love; Remedy of love, Art of beauty, and Amours",,Printed by Joseph Smyth,,1,eng
/works/OL38745734W,1828,Ovid,Des Publius Ovidius Naso Festkalender,,In der Palmischen Verlagsbuchhandlung,,1,ger; eng
/works/OL24949212W,1828,Ovid,The fable of Phaeton,,Printed by J. B. Nichols,Phaethon (Greek mythology); Latin Fables; Translations into English,1,eng
/works/OL43899810W,1828,Ovid,"The first book of Ovid's Metamorphoses, with a literal interlinear translation, and illustrative notes, on the plan recommended by Mr. Locke",,printed for J. Taylor,,1,eng
/works/OL1108190W,1828,P. Cornelius Tacitus,The Germany,,Valpy (pr.),,2,lat; eng
/works/OL1108191W,1828,P. Cornelius Tacitus,The Germany of C. Cornelius Tacitus from Passow's text and,,printed by A.J. Valpy,,1,eng
/works/OL43029998W,1829,Alfred King of England; J. S. Cardale; Boethius,King Alfred's Anglo-Saxon version of Boethius De consolatione philosophiæ,,"W. Pickering; [etc., etc.",,1,eng
/works/OL10434584W,1829,Cicero,Of the nature of the Gods,,printed for R. Francklin in Covent Garden,,3,eng
/works/OL15218138W,1829,Cicero,The republic of Cicero,,G. & C. Carvill,Politics and government; Political science,2,eng
/works/OL93228W,1829,Dante Alighieri; Dante Gabriel Rossetti; Michael Palmer,Vita nuova,"Symonds, John Addington, 1807-1871, tr.",Vannini,"Italian literature; Translations into English; Translations into Ukrainian; Italian poetry; Poetry (poetic works by one author); Dante alighieri, 1265-1321; Poetry, history and criticism; Italian poetry, translations into english; Continental european fiction (fictional works by one author); Love",231,eng; fre; ukr; ger; cos; arm; mul; ita; swe
/works/OL68295W,1829,Gaius Valerius Catullus,Catulli Veronensis liber,"Westphal, Rudolf Georg Hermann, 1826-1892, ed. and tr.",In aedibus B. G. Teubneri,"Love poetry, Latin; Translations into English; Latin Love poetry; Latin Elegiac poetry; Latin Epigrams; Translations into German; Poetry; Early works to 1800",29,eng; lat; ger
/works/OL44849310W,1829,P. Cornelius Tacitus,"The life of Agricola, governor of ancient Britain",,printed for J. Taylor,,1,eng
/works/OL44130198W,1829,P. Cornelius Tacitus; Arthur Murphy,The historical annals of Cornelius Tacitus,,D. Neall,History,1,eng
/works/OL1512381W,1829,Publius Terentius Afer,"Comoediae.  The comedies of Terence.  Originally translated into English, and edited by S. Patrick.  Revised and materially improved by James Prendeville.  New ed., containing .... phraseological index",,J. Cumming,,1,eng
/works/OL13086520W,1829,Publius Vergilius Maro,Bucolica et Georgica,,"sumptus fecit R. Lampel , Ph. Wodianer et filii",,10,lat; ger; eng
/works/OL10702982W,1829,Publius Vergilius Maro,"Publii Virgilii Maronis Opera, or, The works of Virgil",,Sheldon and Co.,,5,lat; eng
/works/OL44152857W,1829,Robert Southey; Thomas More,"Sir Thomas More, or, Colloquies on the progress and prospects of society",,J. Murray,Social problems,1,eng
/works/OL683272W,1829,Theocritus; Richard Hunter,Idylls,"Montes de Oca y Obregón, Ignacio, 1840-1921, ed. and tr.",University Press,Translations into Spanish; Translations into English; Translations into Latin; Hellenistic Greek poetry; Poetry; Greek Epigrams; Translations into Italian; Greek poetry; English poetry; Translations from Greek,49,cat; spa; ita; grc; ger; fre; und; lat; gre; eng; mul
/works/OL1261102W,1829,Titus Livius,Titi Livii Patavini Historiarum liber primus et selectus guædam capita,,Hilliard et Brown,,1,eng
/works/OL481461W,1829,Titus Maccius Plautus,M. Accii Plauti Comoediae,,Typis ac sumtibus G. Bassi,Latin drama (Comedy); Early works to 1800,8,eng; lat
/works/OL67508W,1830,Cicero,M. Tullii Ciceronis opera,,curante et imprimente A.J. Valpy...,,8,eng; lat
/works/OL15078372W,1830,Cicero,M. Tullii Ciceronis orationes,,Whittaker and Co.; George Bell,"Speeches, addresses, etc., Latin",9,eng; lat
/works/OL15218399W,1830,Cicero,Pro Plancio,,Univ. Press,Criticism and interpretation,8,lat; mul; eng
/works/OL43915919W,1830,Cornelius Tacitus; Arthur Murphy,Tacitus,,Henry Colburn and Richard Bentley,,1,eng; lat
/works/OL10516988W,1830,Giordano Bruno,Opere di Giordano Bruno,,Weidmann,,1,eng
/works/OL43896216W,1830,Julius Caesar,Caesar's invasion of Britain,,J. Taylor,,1,eng
/works/OL284406W,1830,P. Cornelius Tacitus,Tacitus,John Jackson (Translator),Heinemann,"History; Politics and government; Tacitus, cornelius; Rome, historiography; Generals, biography; Early works to 1800; Latin literature; Civil War (Rome : 68-69) fast (OCoLC)fst01352315; Historiae (Tacitus, Cornelius)",25,eng; lat
/works/OL936139W,1830,Sallust,C. Crispi Sallustii De Catilinae conjuratione belloque Jugurthino historiae,,T. Tegg [etc.],"Jugurthine War, 111-105 B.C.; History",4,eng; lat
/works/OL18136258W,1830,Sallust,"Sallust, tr. by W. Rose with improvements and notes",,,,1,eng
/works/OL1261056W,1830,Titus Livius,A literal translation of the first three books of Prendeville's Livy,,J. Cumming,,1,eng
/works/OL481466W,1830,Titus Maccius Plautus,Curculio,,Cappelli,Latin drama (Comedy); Drama (dramatic works by one author),11,mul; lat; ita; fre; eng; ger
/works/OL44100405W,1831,"Aulus Persius Flaccus; Drummond, William Sir",Persius,,"printed by A. J. Valpy, M.A. and sold by all booksellers",,1,eng
/works/OL67532W,1831,Cicero,Pro Cluentio,,Rivingtons,"Speeches, addresses, etc., Latin",20,lat; eng; mul
/works/OL15733518W,1831,Cicero,Speeches,"Freese, John Henry, tr.",Harper & Brothers,"Speeches, addresses, etc., Latin; Translations into English; Sources; Politics and government; Correspondence; Readers; Latin language; Translations into German; Oratory; History",152,spa; ita; ger; afr; fre; dut; und; lat; eng; mul
/works/OL15217717W,1831,Cicero,The four orations of Cicero against Catiline,,Printed for the author and published by J. Souter,"Translations into English; Speeches, addresses, etc., Latin; History",1,eng
/works/OL42511251W,1831,Cornelius Tacitus,Works,,Sine nomine,,1,eng
/works/OL43226719W,1831,Horace,"Horace, v. 2 / translated by Philip Francis ... With an appendix, containing translations of various odes, &c. by Ben Jonson, Cowley, Milton, Dryden, Pope ... and by some of the most eminent poets of the present day",,Printed by A.J. Valpy,,1,eng
/works/OL697156W,1831,Juvenal,Juvenal,"Badham, Charles, 1780-1845, tr.",Cambridge University Press,English Verse satire; Latin Verse satire; Translations into English; Continental european fiction (fictional works by one author),9,lat; eng
/works/OL43243259W,1831,Juvenal,"Juvenal / translated by Charles Badham ; with an appendix, containing imitations of the third and tenth satires, by Dr. Samuel Johnson",,A.J. Valpy,"Satire, Latin -- Translations into English",1,eng
/works/OL44643147W,1831,Juvenal; Charles Badham,Juvenal translated by Charles Badham,,printed by A.J. Valpy,,1,eng
/works/OL7692661W,1831,Nicholas Lee Torre,Translations of the Oxford Latin prize poems,,Whitaker & Co.,Medieval and modern Latin poetry; Prize poems; Translations into English; University of Oxford; Translations; English poetry,2,eng
/works/OL10327109W,1831,P. Cornelius Tacitus,"The works of Cornelius Tacitus, with an essay on his life and genius, notes, suppls",,Jones,,1,eng
/works/OL43626275W,1831,Sallust; William Rose,Sallust,,Harper & bros.,"Jugurthine War, 111 B.C.-105 B.C.; History; Jugurthine War, 111-105 B.C.",3,lat; eng
/works/OL67535W,1832,Cicero,Academica,,"Typis academicis, sumptibus autem Corn. Crownfield ...",Early works to 1800; Theory of Knowledge; Philosophy; Ancient Philosophy; Stoics; Ancient Ethics,24,ger; fre; eng; lat; spa
/works/OL32971959W,1832,Cornelius Tacitus,"The life of Agricola, governor of ancient Britain",,Printed by John Taylor,,1,eng
/works/OL10307099W,1832,Gaius Julius Caesar,Commentaries,,Clarendon press,"History; Rome Civil War, 49-45 B.C.",7,eng
/works/OL10509610W,1832,Gaius Julius Caesar,"The commentaries of Caesar, translated into English",,Jones and Co.,History,1,eng
/works/OL16856762W,1832,Horace,Opera with annotations in English ...,,,,1,eng
/works/OL293340W,1832,Kālidāsa,Raghuvaṃśa,"Seshadri, R., B.A., B.L., tr.",Vikretā Pravīṇa Prakāśana,Translations into English; Sanskrit Epic poetry; Early works to 1800; Hindu mythology; Poetry,28,lat; san; kan; hin; eng; guj
/works/OL15704312W,1832,P. Cornelius Tacitus,The historical annals of Cornelius Tacitus,,"Published by L. Johnson, no. 6 George Street.",History,1,eng
/works/OL8396708W,1832,Publius Papinius Statius,The Achilleis of Statius,,Thomas Combe and Son,,1,eng
/works/OL44625764W,1832,Virgil,The first book of Virgil's Æneid,,J. Taylor,,1,lat; eng
/works/OL32974192W,1833,Desiderius Erasmus,"Colloquies of Erasmus, with a vocabulary",,"J.H.A. Frost, Lincoln and Edmands",,1,eng
/works/OL679915W,1833,Desiderius Erasmus,The colloquies of Erasmus,"Thompson, Craig R. 1911- tr.","J.H.A. Frost, Lincoln and Edmands","Literature; Translated; Renaissance; Latin literature; Dialogues, Latin (Medieval and modern); Translations into English; Didactic literature, Latin (Medieval and modern); Imaginary conversations",6,eng
/works/OL38489139W,1833,Julius Caesar,Cæsar,,J. & J. Harper,History,1,eng
/works/OL7692660W,1833,Nicholas Lee Torre,Translations of the Oxford and Cambridge Latin prize poems,,Longman,Translations into English; Medieval and modern Latin poetry; University of Cambridge; University of Oxford; Prize poems,1,eng
/works/OL38740103W,1833,Ovid,Ovid's Fasti,,Printed by H. Woodfall for G. Keith,,2,eng; lat
/works/OL623499W,1833,Александр Сергеевич Пушкин,Evgeniĭ Onegin,"Arndt, Walter W., 1916- ed. and tr.",Princeton University Press,Social life and customs; Man-woman relationships; Translations from Russian; Russian literature; Russian fiction; Translations into English; Poetry; Fiction; Russian poetry; Poverty,102,geo; ger; fre; tyv; rus; pol; heb; eng
/works/OL10307104W,1834,Gaius Julius Caesar,De bello civili,,Weidmann,"Sources; Military History; Campaigns; Dyrrhachium, Battle of, Durrës, Albania, 48 B.C.; History, Military; Rome Civil War, 49-45 B.C.; History; Caesar, julius; Pompey, the great, 106 b.c.-48 b.c.; Rome, history",34,eng; fre; ger; spa; pol; ita; lat
/works/OL10306940W,1834,Gaius Julius Caesar; Marieluise Deißmann,C. Iulii Caesaris Commentarii de bello gallico,"Peskett, A. G. tr.",Printed by P.P. Thoms,"History; Readers; Latin language; Latin; Histoire; Roman Personal narratives; Loeb classical library; Latin literature; Rome; Rome Civil War, 49-45 B.C.",146,eng; fre; ger; ita; lat; und
/works/OL15229222W,1834,Gaius Valerius Catullus,Selected poems,,Macmillan,Translations into Spanish; Criticism and interpretation,40,eng; ger; spa; fre; lat; ita
/works/OL813733W,1834,Jacobus de Voragine; William Caxton,Legenda aurea,"Ryan, William Granger, 1905- tr.",Herder,"Christian saints; Early works to 1800; Biography; Legends; Saints; Translations into English; Christian literature, Latin (Medieval and modern); Heiligen; French Christian literature; Catholic Church",96,spa; ita; ger; fre; pol; frm; enm; gmh; lat; cze; eng
/works/OL503861W,1834,Petronius,Satyricon,"Burnaby, William, 1672 or 3-1706, tr.",Typis Ioannis Blaeu,"Latin Satire; Translations into French; Fiction; Fiction, humorous, general; Rome, fiction; Bisexual men; Latin literature; Open Library Staff Picks; Translations into English; Humor",309,eng; ita; spa; gre; rus; ger; fre; lat; swe; dut; dan; und
/works/OL10314030W,1834,Quintilian,A new and literal translation of the tenth book of Quinctilian,,"J. Hall, and J. Hankin",,1,eng
/works/OL102320W,1834,Seneca the Younger,Medea,,Printed for Humphrey Moseley ...,Drama; Medea (Greek mythology); Continental european drama (dramatic works by one author); Ancient greek & roman drama; Curricula; Harvard University,15,lat; gre; ita; eng
/works/OL16847562W,1834,Seneca the Younger,"Medea, tragedy of Seneca",,J. Munroe & co.,Drama; Medea (Greek mythology),1,eng
/works/OL10071W,1834,Théophile Gautier; G. Charpentier (1880); Carolus Duran,Mademoiselle de Maupin,"Schurig, Arthur, 1870-1929, translator",Impr. nationale,"French language; Classic Literature; Fiction; Fiction, romance, historical; Fiction, romance, historical, general; French fiction; Translations into English; Continental european fiction (fictional works by one author); Presbyterian Church; Sermons",197,spa; ita; ger; fre; chi; ukr; eng
/works/OL481463W,1834,Titus Maccius Plautus,Truculentus,,A. W. Sijthoff,Acrostics; Bibliothèque Nationale (France). Manuscript. Latin 7889; Courtesans; Drama,9,lat; eng; ger
/works/OL137809W,1835,Augustine of Hippo,Opera omnia,,T. and T. Clark,Collected works; Theology; Early works to 1800; History,16,eng; lat
/works/OL1393084W,1835,Boethius,King Alfred's Anglo-Saxon version of the Metres of Boethius,"Fox, Samuel, 1801-1870 tr.","W. Pickering; [etc., etc.]",,1,eng
/works/OL42711828W,1835,Boethius; Alfred King of England; J. S. Cardale,King Alfred's Anglo-Saxon version of the Metres of Boethius De consolathius,,"W. Pickering [etc., etc.",,1,eng
/works/OL19587210W,1835,Boethius; Samuel Fox ; Alfred,"King Alfred's Anglo-Saxon Version of the Metres of Boethius: With an English Translation, and Notes",,W. Pickering,"Philosophy and religion; Poetry; Happiness; Medieval Philosophy; Didactic poetry, English (Old); Modernized versions",1,eng; ang
/works/OL10707225W,1835,Immanuel Johann Gerhard Scheller,Lexicon totius latinitatis,,Univ. Press,Latin language; Dictionaries,1,lat
/works/OL43170353W,1835,Julius Caesar; Maurice Whittemore Mathers,Caesar,,J. & J. Harper,History; Sources,4,lat; eng
/works/OL13110510W,1835,Pliny the Younger,Select letters of Pliny the Younger,,"Perkins, Marvin",Correspondence,3,eng
/works/OL10702992W,1835,Publius Vergilius Maro,Aeneidos liber quartus,,"Per Agostino Colaldi da Ciuita Ducale, M.D.LXIX.","Aeneas (Legendary character); Dido (Legendary character); Epic poetry, Latin; Latin Epic poetry; Poetry; Translations into English; Trojan War",22,eng; ger; lat; fre; ita; gle
/works/OL481468W,1835,Titus Maccius Plautus,Bacchides,,In Libraria Orphanotrophei,Classical drama (Comedy); Drama; Continental european drama (dramatic works by one author),14,ita; grc; fre; eng; lat; gre
/works/OL43021498W,1835,Virgil; J. G. Cooper,"Publii Virgilii Maronis Opera, or, The works of Virgil",,N. & J. White,,2,eng
/works/OL67552W,1836,Cicero; L.-A. (Léopold-Albert) Constans; Jean Bayet,Correspondence,"Ax, Wilhelm, 1890- ed. and tr.",Paulus Manutius Aldi filius,"Correspondence; Latin Authors; Statesmen; Translations into English; Latin orations; Polish Translations; Literature, collections; Cicero, marcus tullius; Authors, latin; Statesmen, europe",71,eng; fre; ger; pol; ita; lat
/works/OL93140W,1836,Dante Alighieri,Il purgatorio,"Espinasse-Mongenet, L. ed. and tr.",Independently Published,Purgatory in literature; Purgatory; Poetry; Purgatorio (Dante Alighieri); Poetry (poetic works by one author); Classic Literature; Fiction; Italian poetry; Translations into English; Romance literature,216,eng; ger; rus; spa; fre; lat; gre; ita
/works/OL16895115W,1836,Francis Bacon,"The essays of Counsels, civil and moral",,W. Pickering,English essays; Conduct of life; Early works to 1800,1,eng
/works/OL241227W,1836,Francis Sylvester Mahony,The reliques of Father Prout,,G. Bell and sons,Translations into English; History and criticism; Italian poetry; English poetry; Jesuits; Social life and customs; French poetry; Translations from Italian; Medieval and modern Latin poetry; French Ballads,9,eng
/works/OL16076865W,1836,George Buchanan,Translation of Buchanan's Latin psalms into English verse,,"Printed by Muir, Gowans & Co.",Translations from Latin; English Hymns; Translations into English; Psalters; Bible; Paraphrases; Latin Hymns,2,eng
/works/OL16896648W,1836,Juvenal,D. Junii Juvenalis Satiræ,,Printed for the editor by Nichols and son,Translations into English; Latin Verse satire,1,eng
/works/OL15237179W,1836,Publius Vergilius Maro,The first four books of the Æneid of Virgil,"Stanyhurst, Richard, 1547-1618, tr.",[Edinburgh printing co.],Latin Epic poetry; Translations into English; Poetry; Aeneas (Legendary character),1,eng
/works/OL936185W,1836,Sallust,Bellum Jugurthinum,,Macmillan,"History; Jugurthine War, 111-105 B.C.; Latin language; Readers; Translations into English; Conspiracy of Catiline (Rome : 65-62 B.C.) fast (OCoLC)fst01352536; Jugurthine War (111-105 B.C.) fast (OCoLC)fst00984778",13,lat; eng; fre
/works/OL481467W,1836,Titus Maccius Plautus,Pseudolus,,Aarhus Universitetsforlag,"Criticism and interpretation; Latin drama; Latin comedy; Theater; Plays; Plautus, titus maccius; Drama (dramatic works by one author); Romanian literature, history and criticism",14,lat; eng; ita; mul
/works/OL1847603W,1836,Vitruvius Pollio,De architectura,"Morgan, Morris Hicky, 1859-1910, tr.",C.L.F. Pankoucke,"Architecture; Early works to 1800; Water-supply; Water supply; Illustrations; Architecture, early works to 1800; Vitruvius pollio; Architecture--early works to 1800; Na2515 .v616 1997; Drawing",47,mul; ita; lat; cze; spa; hun; ger; eng; fre
/works/OL16857256W,1837,Cicero,The orations,,Harper & Brothers,,1,eng
/works/OL69433W,1837,Francis Bacon,The works of Lord Bacon,,Reeves and Turner,Law; Philosophy; Correspondence; History; Natural history; Ethics; Theology,8,eng
/works/OL10306985W,1837,Gaius Julius Caesar,The commentaries of Cæsar,"Duncan, William, 1717-1760 tr.",T. Wardle,,1,eng
/works/OL10606962W,1837,Joseph William Moss,A manual of classical bibliography,,H.G. Bohn,Classical literature; Bibliography,4,eng
/works/OL17849353W,1837,Joseph William Moss,"A manual of classical bibliography: comprising a copious detail of the various editions of the Greek and Latin classics, and of the critical and philological works, published in illustration of them, with an account of the principal translations, into English, French, Italian, Spanish, German, etc",,H. G. Bohn,Classical literature,1,eng
/works/OL936150W,1837,Sallust,The history of the conspiracy of Catiline and the Jugurthine war,"Rose, William, 1719-1786 tr.",T. Wardle,"Jugurthine War, 111-105 B.C.; History",2,eng
/works/OL137869W,1838,Augustine of Hippo,De doctrina Christiana,,Sumptibus Petri Hanstein,"Early works to 1800; Theology; History; Bible; Apologetics; Criticism, interpretation; Doctrinal Theology; Hermeneutics; Preaching; Theology, doctrinal, popular works",20,lat; ita; pol; eng
/works/OL15403036W,1838,Francis Bacon,The advancement of learning,,E. P. Dutton,Science; Methodology; Logic; Early works to 1800; Utopias; Induction (Logic); Philosophy; Learning; Theory of Knowledge; Learning and scholarship,65,eng
/works/OL13093550W,1838,Gaius Julius Caesar,"C. Julii Caesaris Quae Extant, Interpretatione Et Notis Illustravit Johannes Godvinus",,"Thomas, Cowperthwait & co.",,1,eng
/works/OL88216W,1838,Horace,Odes,"Harrison, Caskie, 1848-1902, tr.",Orion Press,Translations into English; Latin Laudatory poetry; Poetry; Latin Verse satire; Latin poetry; Translations from Latin; English poetry; Readers; Latin literature; Latin language,127,eng; ger; lat; fre; und; ita; mul
/works/OL38748415W,1838,Marcus Tullius Cicero,"Select orations of Cicero with an English commentary and historical, geographical, and legal indexes",,Harper,Politics and government; Sources,1,lat; eng
/works/OL29266453W,1838,"More, Thomas Saint",Utopia,"Firpo, Luigi, translator",Rickerby,Utopias; Sociology; Fiction; Early works to 1800,5,ita; eng
/works/OL15237208W,1838,Publius Vergilius Maro,"Hexametrical experiments, or A version of four of Virgils Pastorals",,W. Pickering,Hexameter; English language; Versification; Country life; Translations into English; Latin Pastoral poetry; Poetry; Messiah,1,eng
/works/OL44808002W,1838,Thomas More; James Augustus St. John; Francis Bacon,"Utopia, or The happy republic",,J. Rickerby,,1,eng
/works/OL8009289W,1839,Aulus Persius Flaccus; William Barr; Guy Lee,The satires,,apud Black & Armstrong,"Literary studies: general; Persius; History; Literature - Classics / Criticism; Literary Criticism; Ancient Rome; Translations into English; Ancient, Classical & Medieval; Ancient - Rome; Verse satire, Latin",7,ger; eng; ita; lat
/works/OL67544W,1839,Cicero,De finibus bonorum et malorum,,Nuova Italia,"Early works to 1800; Good and evil; Ethics; Ancient Ethics; Latin American literature; Medieval and modern Latin literature; Rome, history; Ethics, ancient; Stoics",55,ita; fre; und; lat; eng; mul
/works/OL16266886W,1839,Cicero,The Tusculan questions,,,Early works to 1800; Happiness,1,eng
/works/OL249192W,1839,Don Juan Manuel,El conde Lucanor,"Bolaño e Isla, Amancio, ed. and tr.","Kessinger Publishing, LLC","Latin American literature; Medieval and modern Latin literature; Social life and customs; Fiction; Spanish Novel And Short Story; Literature: Classics; Romance literature; Medieval Tales; Spanish language books; Other prose: classical, early & medieval",155,spa; ita; fre; roa; eng
/works/OL15097847W,1839,Horace,"The works of Horace, with English notes, critical and explanatory",,Harper & brothers,,2,eng
/works/OL697150W,1839,Juvenal,The satires of Juvenal and Persius,,Longman,Latin Verse satire,4,eng
/works/OL15516658W,1839,Ovid,Poems and Translations: Including the First Four Books of Ovid's Fasti,,Forshaw,,1,eng
/works/OL441923W,1839,Ovid,The art of love ; A remedy for love,,Sine nomine,English Love poetry,1,eng
/works/OL15292639W,1839,Ovid,Tristia,A. L. Wheeler (Translator),Clive,Poetry; Latin Epistolary poetry; Exiles; Translations into Italian; Latin Poets; Translations into English; Homes and haunts; Translations into Hebrew; Criticism and interpretation; Latin Elegiac poetry,63,lat; spa; mul; swe; heb; ita; eng; fre; ger
/works/OL1108117W,1839,P. Cornelius Tacitus,The annals and history of Tacitus,,Talboys,,1,eng
/works/OL10702931W,1839,Publius Vergilius Maro,"The Aeneid of Virgil, translated into Scottish verse","Douglas, Gawin, Bp. of Dunkeld, 1474?-1522, Tr.",,,1,eng
/works/OL15237235W,1839,Publius Vergilius Maro,The Æneid of Virgil translated into Scottish verse,"Douglas, Gawin, 1474?-1522, tr.","[T. Constable, printer]",Latin Epic poetry; Translations into Scots; Poetry; Aeneas (Legendary character),1,lat; eng
/works/OL15225175W,1839,Sallust,"De Catilinae conjuratione, Belloque Jugurthino historiae",,Printed for T. Tegg,,1,eng
/works/OL936123W,1839,Sallust,"Sallust's Jugurthine war and Conspiracy of Catiline, with an English commentary, and geographical and historical indexes",,Harper,,1,eng
/works/OL1085624W,1839,Thomas Wright,The political songs of England,,"Printed for the Camden society, by J. B. Nichols and son","Anglo-Norman poetry; English poetry; History; Medieval and modern Latin poetry; Poetry; Political ballads and songs; Political poetry, English (Middle); Political poetry, Latin (Medieval and modern); Texts; Translations into English",4,eng
/works/OL42951449W,1840,Augustine of Hippo,The confessions of S. Augustine,,John Henry Parker,,3,eng; lat
/works/OL349399W,1840,Catholic Church,The catechism for the curats,,Apud Remondini,Catechisms; Catechisms and creeds; Catholic Church; Catholic Church. Pope (1566-1572 : Pius V); Council of Trent (1545-1563); English; English Catechisms; French; Italian; Latin,27,lat; eng; ita; fre
/works/OL10434570W,1840,Cicero,"M.T. Cicero De Oratore, Or, His Three Dialogues Upon the Character and Qualifications of an Orator",,H. Slatter,,2,eng
/works/OL42722851W,1840,Francis Bacon,"The essays; or, Counsels, civil and moral",,"Little, Brown",English essays,2,eng
/works/OL44069510W,1840,Sallust,Jugurthine war and conspiracy of Catiline,,Harper & brothers,,2,lat; eng
/works/OL481478W,1840,Titus Maccius Plautus,Menaechmi,"Bovie, Smith Palmer, tr.","Leach, Shewell, & Sanborn","Latin drama (Comedy); Drama; Problems, exercises; Readers; Latin language; Comedy; Criticism and interpretation; Sources; Latin language materials; Drama (dramatic works by one author)",41,spa; ita; dut; por; lat; gre; eng; mul
/works/OL44764443W,1841,Cicero,The Tusculan disputations of M. Tullius Cicero,,"W. White, 24, Pall Mall.",,1,eng
/works/OL67439W,1841,Cicero,The political works of Marcus Tullius Cicero ..,,Edmund Spettigue,,2,eng
/works/OL42714996W,1841,Francis Bacon; Basil Montagu,"The works of Francis Bacon, lord chancellor of England",,Parry & McMillan,,3,eng
/works/OL38878784W,1841,Juvenal,The Satires of Juvenal literally translated into English prose from the texts of Rupertus and the Tauchnitz edition; with numerous grammatical and exegetical notes; a sketch of the author's life and a complete index of proper names,,Charles Richards,,1,eng
/works/OL38416996W,1841,Marcus Tullius Cicero,The political works of Marcus Tullius Cicero ...,"Barham, Francis Foster, 1808-1871, translator",E. Spettigue,,1,eng; lat
/works/OL936121W,1841,Sallust,Sallust's History of the war against Jugurtha and of the Conspiracy of Cataline,,Crocker & Brewster,"History; Jugurthine War, 111-105 B.C.",1,eng
/works/OL16866864W,1841,Sallust,"Sallust's History of the war against Jugurtha, and of the Conspracy of Catiline: with a dictionary and notes",,Crocker & Brewster [etc.],"Latin language; Readers; Jugurthine War, 111-105 B.C.; History",1,eng
/works/OL13093725W,1841,Sallust,Sallust's Jugurthine War and Conspiracy of Catiline: With an English ..,,Harper & brothers,,2,lat; eng
/works/OL44387616W,1841,Sallust,Sallust's Jugurthine war and Conspiracy of Catiline,,Harper & Brothers,,1,eng
/works/OL10456096W,1841,Sallust,Sallust's history of Catiline's conspiracy and the war with Jugurtha,,Published by John Cumming,,1,eng
/works/OL44233766W,1841,Sallust; E. A. Andrews,History of the war against Jugurtha and of the conspiracy of Catiline,,Durrie,"Jugurthine War, 111 B.C.-105 B.C.; History",1,eng; lat
/works/OL546926W,1841,Thomas Aquinas; John Henry Newman; Mark Pattison,Catena aurea,,Arte ingenoq[ue][!] Boneti Locatelli : impe[n]sa Octauiani Scoti Modoetie[n]sis,"Bible; Commentaries; Early works to 1800; Criticism, interpretation; Fathers of the church; Catenae; Gospels",45,fre; ita; eng; lat
/works/OL1090231W,1841,Thomas More,Sir Thomas More,,Clarendon Press,,5,eng
/works/OL7158054W,1842,"Herbert, William",Works of the Hon. and Very Rev. William Herbert ..,,H. G. Bohn...,Medieval and modern Latin poetry; Old Norse poetry; Scandinavian poetry; Translations into English,1,eng
/works/OL44315092W,1842,Juvenal; Persius,Select satires of Decius Junius Juvenalis and Aulus Persius Flaccus,,J. Cumming,,1,eng
/works/OL1339327W,1842,Tertullian,Tertullian,,Harvard University Press,Apologetics; Theology; Early works to 1800; History,4,lat; eng
/works/OL1339318W,1842,Tertullian,Tertullian : Apologetic and practical treatises,,J. H. Parker,Theology; History; Early works to 1800; Early church,3,eng
/works/OL27758304W,1842,Thomas Aquinas,Catena aurea,,J.H. Parker,Early works to 1800; Commentaries; Bible,1,eng
/works/OL44505137W,1842,Titus Maccius Plautus; Joannes Fredericus Gronovius; Charles K. Dillaway,M. Accii Plauti Amphitruo et aulularia,,B. Perkins,Library; Personal copy,1,eng; lat
/works/OL38750922W,1842,Virgil,"Publii Virgilii Maronis Opera, or, The works of Virgil",,"Robinson, Pratt",,1,lat; eng
/works/OL10724965W,1843,Henry Drury,Arundines cami,,Typis academicis,English poetry; Translations into Greek; Greek poetry; Translations into Latin; Latin poetry; Translations,2,gre; lat; eng
/works/OL13787651W,1843,Henry Joseph Thomas Drury,Arundines Cami,,"Typis Academicis excusus; veneunt apud J.G. Parker, Londini",English poetry (Collections); Latin poetry; Translations into Latin; English poetry; Translations from English,1,lat
/works/OL19815597W,1843,Horace; John Scriven,The odes of Horace,,W. Pickering,Translations into English; Latin Laudatory poetry; Latin Verse satire; Poetry,1,
/works/OL1257826W,1843,Pliny the Elder,Curiae Canadenses,,Rowsell,Courts,1,eng
/works/OL1257827W,1843,Pliny the Elder,"Curiæ canadenses, or, The Canadian law courts",,H. & W. Rowsell,Poetry; Courts; History,2,eng
/works/OL1499229W,1843,Pliny the Younger,The letters of the younger Pliny,"Radice, Betty, tr.",Hoffmann,"Correspondence; Latin letters; Translations into English; Latin Authors; Omens; Translations into Finnish; Biography; Pliny, the younger, 62?-113; Women, biography; Civilization",44,eng; fre; ger; fin; mul; lat
/works/OL1339344W,1843,Tertullian,Apologeticum,,Severinus,Apologetics; Early works to 1800; History; Incunabula; Religion; Specimens,20,eng; fre; spa; ita; lat
/works/OL15285865W,1843,Tertullian,The apology of Tertullian,,Griffith Farran & co.,Apologetics; History; Early works to 1800,9,lat; eng
/works/OL17007815W,1843,Titus Maccius Plautus,The Captives,,Harper,,1,eng; lat
/works/OL15796874W,1844,Augustine of Hippo,Sermons on selected lessons of the New Testament,,J.H. Parker,Commentaries; Bible; Sermons; Latin Sermons; Translations into English; English Sermons; Apostolic Fathers,2,eng
/works/OL17708005W,1844,Francis Bacon,Novum organum scientiarum; sive indicia vera de interpretatione naturae,,Edinburgh Print Co.,Science; Methodology; Methods; Nature,1,eng
/works/OL22067789W,1844,G. B.,Evenings with the old story tellers,,E. Lumley,"Early works to 1800; Christian literature, Latin (Medieval and modern); Didactic literature, Latin (Medieval and modern); Translations into English; Medieval Tales; Exempla",1,eng
/works/OL24936569W,1844,Horace,The classical student's translation of Horace,,"Longman, Brown, Green and Longmans",Translations into English,1,eng
/works/OL697137W,1844,Juvenal,"Satires III, X, XIII, and XIV",,Machen,,2,lat; eng
/works/OL42121385W,1844,Marcus Tullius Cicero,A translation of The dream of Scipio,,Printed by C.F. Berling,,1,eng
/works/OL20627111W,1844,Ovid,Ovid,"Dryden, John, 1631-1700, translator",Harper & Bros.,,1,eng
/works/OL2739687W,1844,Pope Gregory I,Moralia in Job,"Bocognano, Aristide. ed. and tr.","Sumptu Jacobi Giu[n]ti, labore & curis Antonij du Ry]",Asceticism; Bible; Biblical teaching; Catholic Church; Catholic authors; Christian ethics; Commentaries; Early church; Early works to 1800; Ethics in the Bible,19,eng; fre; lat
/works/OL15822497W,1844,Pope Gregory I,Morals on the Book of Job,,J.H. Parker,,2,eng
/works/OL962171W,1844,"Saint Cyprian, Bishop of Carthage; Apponius.; Saint Jerome",Correspondence,,Rivingtons,"Church polity; Councils of Carthage, 251-256; Baptism; Christianity; Bible. -- O.T. -- Song of Solomon -- Commentaries.; Pelagius, -- ca. 360-ca. 420; Pelagianism; Bible. -- N.T. -- Revelation -- Commentaries -- Early works to 1800.; Theology; Early works to 1800",18,lat; eng; fre; ita
/works/OL43354503W,1844,Sallust; Charles Anthon,Sallust's Jugurthine war and Conspiracy of Catiline,,Harper and Brothers,"Jugurthine War, 111 B.C.-105 B.C.; History; Jugurthine War, 111-105 B.C.",2,lat; eng
/works/OL1090119W,1844,Thomas More,A dialogue of comfort againts tribulation,,Charles Dolman,Early works to 1800; Consolation,1,eng
/works/OL44528235W,1844,Virgil,"Opera, or The works of Virgil",,"Pratt, Woodford & co.",,1,eng
/works/OL495674W,1845,Augustus Emperor of Rome; Augustus; Ekkehard Weber,Res gestae divi Augusti,,Artemis & Winkler,"Chronology; History; Rome; Sources; Latin language materials; Rome, history, sources; Augustus, emperor of rome, 63 b.c.-14 a.d.; Rome, history; Res gestae divi Augusti (Augustus); Historia",42,grc; eng; fre; ger; ita; lat; gre
/works/OL5046729W,1845,Babrius.,Fabulae Aesopeae,,impensis J. G. Parker,"Adaptations; Aesop's fables; Classical Fables; Classical poetry; Fables; Greek Fables; Influence; Parodies, imitations; Stories, plots; Translations into English",17,eng; lat; fre; grc; gre
/works/OL349607W,1845,Catholic Church,Martyrology,"Collins, Raphael J., tr.",by Thomas Gevbels,Martyrologies; Catholic Church; Devotional calendars; Roman Empire; Early works to Present; Incunabula; Liturgy; Saints; Texts; Martyrs,43,lat; eng; fre; ita
/works/OL44880224W,1845,Cicero,Select orations of Cicero,,Harper & brothers,,1,eng
/works/OL15465641W,1845,Francis Bacon,The essays or counsels civil and moral and Wisdom of the ancients,,W. Pickering,,1,eng
/works/OL15308661W,1845,Francis Bacon,"The essays, or counsels civil and moral and wisdom of the ancients",,William Pickering,English essays,5,eng
/works/OL15359014W,1845,Henry Alford,[Progymnasmata],,Deighton,Latin language; Greek language; Composition,1,eng; lat; grc
/works/OL88127W,1845,Horace,"The epodes, satires, and epistles of Horace","Howes, Francis, 1776-1844, tr.",W. Pickering,Translations into English; Latin Laudatory poetry; Latin Verse satire; Latin Epistolary poetry,2,eng
/works/OL697148W,1845,Juvenal,Satirae XVI,,in novo Biliopolio,,3,lat; eng
/works/OL697138W,1845,Juvenal,The Satires of Persius and Juvenal,,Longman,,2,lat; eng
/works/OL33004051W,1845,Martin Luther,"Hymns of the Reformation by Dr. Martin Luther, and others, from the German to which is added, his life, translated from the original Latin of Philip Melancthon","Fry, Henrietta Joan, approximately 1800-1860, translator","Charles Gilpin, 5, Bishopsgate Without",German Hymns; Translations into English; English Hymns; Lutheran Church; Hymns,1,eng
/works/OL2739646W,1845,Pope Gregory I,"Morals on the book of Job, Vol. III, Second Part",,J. Parker,Bible; Commentaries; Ethics,1,eng
/works/OL15237171W,1845,Publius Vergilius Maro,"The Eneis, books I and II",,"MacLachlan, Stewart, and Co",,1,eng
/works/OL13093720W,1845,Sallust,Jugurthine War and Conspiracy of Catiline with an English Commentary and Geographical and ..,,Harper & brothers,,1,eng
/works/OL15223082W,1845,Seneca the Younger,Hercules furens,,"Lang GmbH, Internationaler Verlag der Wissenschaften, Peter","Drama; Hercules (Roman mythology); Hercules (Roman mythology) in literature; Seneca, lucius annaeus, approximately 4 b.c.-65 a.d.; Hercules (roman mythology), drama; In literature",9,eng; ita; lat; fre
/works/OL11830796W,1845,Thomas More,"Utopia, or, The happy republic",,Bohn,Utopias,2,eng
/works/OL43463200W,1845,Titus Livius; Charles Folsom,Titi Livii Patavini historiarum liber primus et selecta quaedam capita,,Samuel G. Simpkins,History,1,lat; eng
/works/OL44024471W,1845,Virgil; James Henry,"The Eneis, books I and II",,"MacLachlan, Stewart, and Co.",,1,eng
/works/OL42886756W,1846,Terence; John Phillips,The comedies of Terence,,John Cumming,,1,lat; eng
/works/OL546929W,1846,Thomas Aquinas; Joseph Rickaby; Cyrille Michon,Summa contra gentiles,Vernon J. Bourke (Translator),B. Herder,Apologetics; Early works to 1800; Catholic Church; History; Theology; Apologetic works; Doctrines; Doctrinal Theology; God; Early works to 1500,53,eng; spa; fre; lat; chi; ita
/works/OL44276713W,1846,Virgil,Eclogues and Georgics,,,,1,eng
/works/OL16444720W,1846,Фёдор Михайлович Достоевский,Бедные люди,Constance Garnett (Translator),Deutscher Taschenbuch Verlag,Continental european fiction (fictional works by one author); Fiction; Translations into English; Friendship -- Fiction; Russia -- Social life and customs -- 1533-1917 -- Fiction; Poor -- Fiction,145,eng; ger; yid; rus; per
/works/OL137864W,1847,Augustine of Hippo,Enarrationes in Psalmos,,Oxford,"Bible; Criticism, interpretation; Early works to 1800; Latin Sermons; Translations into Polish; Translations into Italian; Commentaries; History",17,ita; ger; pol; lat; eng
/works/OL14994382W,1847,Francis Bacon,Selections from the works of Lord Bacon,"Moffett, Thomas W., ed. and tr.","J. McGlashan; [etc., etc.]",,1,lat; eng; fre
/works/OL1108314W,1847,P. Cornelius Tacitus,Opera minora,,Clarendon Press,Early works to 1800; Germanic peoples; Oratory; History,9,eng; und; lat
/works/OL1108273W,1847,P. Cornelius Tacitus,The Germania and Agricola of Caius Cornelius Tacitus,,D. Appleton and Company,Germanic peoples; Early works to 1800,3,eng
/works/OL16502937W,1847,P. Cornelius Tacitus,The Germania and Agricola of Tacitus,,Harper & brothers,Germanic peoples; Early works to 1800; History,1,eng
/works/OL1257863W,1847,Pliny the Elder,Pliny's Natural history. In thirty-seven books,,Barclay,Natural history; Pre-Linnean works,2,eng
/works/OL1090236W,1847,Thomas More,A dialogue of comfort against tribulation,,BiblioBazaar,Consolation; Early works to 1800,21,eng
/works/OL7875218W,1847,William John Copeland,Hymns for the week and hymns for the seasons,,W.J. Cleaver,English Hymns; Translations into English; Translations from Latin; Hymns; Catholic Church; Latin Hymns,2,eng
/works/OL243075W,1847,William Peter,Specimens of the poets and poetry of Greece and Rome,,Carey and Hart,Translations from Latin; Translations from Greek; English poetry; Greek poetry; Latin poetry; Translations into English,3,eng
/works/OL137801W,1848,Augustine of Hippo,Homilies on the Gospel according to St. John,,J.H. Parker,Commentaries; Bible; Bible. N.T. 1 John; Sermons,2,eng
/works/OL15078393W,1848,Cicero,The life and letters of Marcus Tullius Cicero,"Heberden, William, 1710-1801, tr. & ed.",Henry G. Bohn,,3,eng
/works/OL38875360W,1848,Marcus Tullius Cicero,Select orations of Cicero,,Harper & Brothers,,1,eng
/works/OL1237227W,1848,Pierre Louÿs; Jean-Paul Goujon; Prepared by Pierre Louys; Willis L. Parker,Aphrodite (ancient manners),,A. Michel,Fiction; French Erotic literature; French Historical fiction; History; Translations into English; Greek Mythology; Goddesses; Pierre Louys; Erotica; Aphrodite,142,eng; fre; chi; ger; spa; jpn; dut; arm; rus; urd; cat
/works/OL9740270W,1848,Sallust,De Bello Catilinario Et Jugurthino,,Echo Library,,11,eng; lat
/works/OL16226346W,1848,Titus Livius,Selections from the First Five Books: Together with the Twenty-first and Twenty-second Book Entire,,G.S. Appleton,,1,eng
/works/OL1261086W,1848,Titus Livius,"Selections from the first five books, together with the twenty-first and twenty-second books entire. Chiefly from the text of Alschefski. With English notes for schools and colleges",,D. Appleton & company,,1,eng
/works/OL481460W,1848,Titus Maccius Plautus,T. Macci Plavti Trinvmmvs,"Smalley, Frank, b. 1846, jt. tr.","Nov. Ebor., ex typis D. Mason et soc.",,7,lat; eng
/works/OL15733511W,1849,Cicero,Selections from Cicero,"Pearl, Joseph, tr.",Rivington,"Correspondence; Translations into English; Early works to 1800; Latin Authors; Speeches, addresses, etc., Latin; Statesmen; Readers; Philosophy; Latin language; Oratory",11,eng; lat
/works/OL679912W,1849,Desiderius Erasmus,Pilgrimages to Saint Mary of Walsingham and Saint Thomas of Canterbury,,John Murray,"Christian pilgrims and pilgrimages; Our Lady of Walsingham; Pilgrims and pilgrimages; Religious life and customs; Shrine of Our Lady of Walsingham (Little Walsingham, England); Apparitions and miracles",4,eng
/works/OL17029878W,1849,Desiderius Erasmus,Pilgrimages to Saint Mary of Walsingham and Saint Thomas of Canterbury...,,,,1,eng
/works/OL3145804W,1849,"Gaume, J. (Jean), 1802-1879",The Catechism Of Perseverance,,M.H. Gill,Bible; Catechisms; Catholic Church; Doctrines; English; English Catechisms; French; History of Biblical events; Italian; Translations from French,24,eng; ita; fre
/works/OL5057050W,1849,Heinrich Bullinger,Sermonum decades,,Printed at the University Press,English Sermons; Latin Sermons; Reformed Church; Sermons; Translations from Latin; Translations into English,7,eng
/works/OL21171997W,1849,Heinrich Bullinger,The decades of Henry Bullinger,,University Press,Translations from Latin; English Sermons; Latin Sermons; Reformed Church; Translations into English; Sermons,1,eng
/works/OL43638151W,1849,Julius Caesar,Commentaries on the Gallic war,,"D. Appleton & co., etc., etc.",,1,eng
/works/OL13103976W,1849,P. Cornelius Tacitus,The Histories of Caius Cornelius Tacitus,,G.S. Appleton,History,5,eng
/works/OL1108200W,1849,P. Cornelius Tacitus,The Histories of Caius Cornelius Tacitus: With Notes for Colleges,,G.S. Appleton,History,3,eng
/works/OL43674648W,1849,Virgil,"The Bucolics, Georgics, and Aeneid",,B.B. Mussry and co.,,1,eng
/works/OL568419W,1850,Augustine Baker,Sancta Sophia,,E. Dunigan,Asceticism; Catholic Church; Monastic and religious life; Mysticism; Perfection; Religious aspects of Perfection,11,eng
/works/OL67491W,1850,Cicero,Cicero's three books of offices,"Edmonds, Cyrus R., ed. and tr.",H.G. Bohn,Ethics,5,eng
/works/OL67519W,1850,Cicero,"Cicero's three books of offices, or moral duties",Cyrus R. Edmonds (Translator),Henry G. Bohn,Ethics,16,eng
/works/OL43501876W,1850,Cornelius Tacitus,"Germania, Agricola and First Book of the Annals",,"Taylor, Walton, & Maberly",,1,eng; lat
/works/OL43543827W,1850,Cornelius Tacitus; W. S. Tyler,The Germania and Agricola of Caius Cornelius Tacitus,,D. Appleton and Co.,,3,lat; eng
/works/OL12253689W,1850,Gregory the great Saint.,"Morals on the Book of Job by S. Gregory the Great, the first Pope of that name, translated with notes and indices in three volumes",,John Henry Parker,,1,eng
/works/OL25397W,1850,Hans Christian Andersen,Fairy Tales and Stories,"Leyssac, Paul, d. 1946, tr.",Lademann,"Fairy tales; Children's stories, Danish; Translations into English; Short stories; Translations into German; Translations into French; Translations into Mongolian; Miniature books; Juvenile literature; Translations into Chinese",145,spa; ita; kor; ger; fre; rus; pol; jpn; chi; vie; wel; fin; mon; dan; eng; mul
/works/OL32031599W,1850,Sallust,Sallust's History of the war against Jugurtha,,Crocker & Brewster,"History; Jugurthine War, 111-105 B.C.; Jugurthine War, 111 B.C.-105 B.C.",1,eng
/works/OL20971576W,1850,Tertullian,Liber Apologeticus,,J. Deighton,Apologetics; Early works to 1800; Early church; History,1,eng
/works/OL15402446W,1850,Tertullian,"Q.S.F. Tertulliani Liber Apologeticus: The Apology of Tertullian, with English Notes and a Preface",,J. Deighton,Apologetics; Early works to 1800; History,1,lat; eng
/works/OL33082772W,1850,Titus Livius,The history of Rome,"McDevitte, W. A. (William Alexander), translator","Printed for A. Strahan, and T. Cadell Jun. and W. Davies",History,2,eng
/works/OL44708815W,1850,Titus Livius; John Larkin Lincoln,Selections from the first five books,,Appleton,History,2,lat; eng
/works/OL481457W,1850,Titus Maccius Plautus,Stichus,,Longo,Comedy,6,ger; eng; lat; ita
/works/OL17923893M,1851,,Hymnal noted.  Parts I. & II.,,"Novello, Ewer","Church of England -- Hymns; Hymns, Latin -- Translations into English; Hymns, English -- Translations from Latin",1,eng
/works/OL15161379W,1851,Catholic Church,The Latin hymns of the Anglo-Saxon church,,"G. Andrews; [etc., etc.","Catholic Church; Manuscripts, Latin (Medieval and modern); Manuscripts, English (Old); Anglo-Saxons; Translations into English; Hymns; Hymns, Latin (Medieval and modern); Latin Hymns; Politics and government; Indian Round Table Conference (November 12, 1930-January 19, 1931 : London)",1,eng; ang; lat
/works/OL16791775W,1851,Cicero,Select orations of M. Tullius Cicero,,"Pratt, Woodford, and company","Latin language; Oratory; Speeches, addresses, etc., Latin; Readers",1,eng
/works/OL679718W,1851,Desiderius Erasmus,The life of Dean Colet,,Sine nomine,,1,eng
/works/OL15155002W,1851,Hans Christian Andersen,The Ugly Duckling,Anne Stewart (Translator),Kaye & Ward Ltd.,"Ducklings; Swans; Juvenile literature; Fairy tales; Translations into English; Children's stories, Danish; Folklore; Juvenile fiction; Ducks; Fiction",122,eng; fre; spa; jpn; pol; dan
/works/OL32971584W,1851,J. M. Neale,Mediaeval hymns and sequences,,J. Masters,Latin Hymns; Translations into English; English Hymns; Translations from Latin,1,eng; lat
/works/OL32985850W,1851,J.A. Novello & Masters,Hymnal noted,,J.A. Novello & Masters,Latin Hymns; Translations into English; English Hymns; Hymns; Church of England,1,eng
/works/OL43979458W,1851,Julius Caesar; J[esse] A[mes] Spencer,C. Julius Caesar's Commentaries on the Gallic War,,Geo. S. Appleton,History,2,lat; eng
/works/OL42518113W,1851,Marcus Tullius Cicero; Charles Duke Yonge,The orations of Marcus Tullius Cicero,,"Printed for T. Waller, at the Crown and Mitre","Ancient Oratory; Speeches, addresses, etc., Latin",3,eng
/works/OL97765W,1851,Ovid,"The fasti, Tristia, Pontic epistles, Ibis, and Halieuticon of Ovid",,George Bell & sons,,10,eng; lat
/works/OL18993W,1851,Rumi (Jalāl ad-Dīn Muḥammad Balkhī); Camille Adams Helminski; Kabir Helminski,Mas̲navī,Camille Helminski (Translator),I.al-D. Shitā,"Persian Sufi poetry; Persian language; Texts and translations; Translations into Arabic; Translations into English; Islam; Sufi poetry, Persian; Philosophy; Eastern - General; Religion / Sufism",39,tur; per; eng; uzb; ara; ger; hin
/works/OL44474198W,1851,Sallust,History of the war against Jugurtha,,Crocker & Brewster,,1,eng
/works/OL40213508W,1851,Titus Lucretius Carus; William Ellery Leonard,On the Nature of Things,,CreateSpace Independent Publishing Platform,,7,eng
/works/OL14994316W,1852,Francis Bacon,Lord Bacon's Tract on universal justice,,Hodges & Smith,,1,eng
/works/OL69437W,1852,Francis Bacon,The moral and historical works of Lord Bacon,,Henry G. Bohn,,9,eng
/works/OL24996435W,1852,Francis Bacon,"The works of Francis Bacon, Lord Chancellor of England",,Hart,,3,eng
/works/OL10306982W,1852,Gaius Julius Caesar,The commentaries of Caesar,,Bangs,"Military art and science; Jugurthine War, 111-105 B.C.; History",1,lat; eng
/works/OL42517892W,1852,Lucius Annaeus Seneca; Friedrich Haase,L. Annaei Senecae opera quae supersunt,,Sumptibus et Typis B.G. Teubneri,,4,lat; eng
/works/OL43467420W,1852,Marcus Tullius Cicero; Charles Anthon,Select orations of Cicero,,Harper & brothers,,3,lat; eng
/works/OL97752W,1852,Ovid,The Heroïdes,"Riley, Henry T. 1816-1878, tr.",Bell & Daldy,Translations into English; Latin Didactic poetry; Latin Love poetry; Latin Erotic poetry; Seduction; Latin Epistolary poetry; Separation (Psychology); Classical Mythology; Mythology; Women,3,eng
/works/OL16890060W,1852,Ovid,"The Heroïdes; or, Epistles of the heroines, The Amours, Art of love, Remedy of love, and minor works of Ovid",,H.G. Bohn,,1,eng
/works/OL16200776W,1852,P. Cornelius Tacitus,Historiae,"Jackson, John, 1881- tr.",Murray,"History; Early works to 1800; History, ancient; World history, early works to 1800; Rome, history, military; 18.46 ancient Latin literature; Romeinse oudheid; Ancient History; Sources; Rome, history, empire, 30 b.c.-476 a.d.",51,fre; eng; lat
/works/OL1108306W,1852,P. Cornelius Tacitus,The Germania and Agricola,,Echo Library,Germanic peoples; History; Early works to 1800,10,lat; eng
/works/OL44766854W,1852,P. Cornelius Tacitus; William Seymour Tyler; Henry M. Tyler,The Germania and Agricola of Caius Cornelius Tacitus,,American book co.,Germanic peoples; Early works to 1800,3,lat; eng
/works/OL24756311W,1852,Persius; Sulpicia; Juvenal,"The Satires Of Juvenal, Persius, Sulpicia And Lucilius",,Arkose Press,,5,lat; eng
/works/OL16824406W,1852,Sallust,"Sallust's history of the Conspiracy of Catiline, and Jugurthine war",,"Pratt, Woodford and company","Latin language; Readers; Jugurthine War, 111-105 B.C.; History",1,eng
/works/OL936182W,1852,Sallust; Lucius Annaeus Florus; C. Velleius Paterculus,"Sallust, Florus, and Velleius Paterculus","Watson, J. S. (John Selby), 1804-1884, translator",Harper & brothers,History,14,lat; eng
/works/OL313297W,1852,Teresa of Avila; E. Allison Peers,Camino de perfección [por] Santa Teresa de Jesús,"Peers, E. Allison 1891-1952 ed. and tr.",Image Books,Mysticism; Lord's prayer; Perfection; Worship and love; Catholic Church; Religious aspects of Perfection; God; Catholic authors; Early works to 1800; God (Christianity),71,eng; fre; ita; spa
/works/OL15468615W,1852,Titus Maccius Plautus,Comedies,,G. Bohn,,1,eng
/works/OL481477W,1852,Titus Maccius Plautus,Plays,Paul Nixon (Translator),Arthur L. Humphreys,Translations into English; Latin Manuscripts; Theater; Facsimiles; Drama; Latin literature; Latin drama; Comedy; History; Comedies,47,eng; mul; lat
/works/OL481462W,1852,Titus Maccius Plautus,Selected works,,printed for T. Becket and P.A. de Hondt,,9,eng
/works/OL43424743W,1852,Virgil,The eclogues and Georgics of Virgil,,Harper & brothers,,1,eng
/works/OL67538W,1853,Cicero,Pro Milone,,Univ. Pr,"Speeches, addresses, etc., Latin; Criticism and interpretation; Translations",27,mul; fre; eng; dut; lat; ita
/works/OL67511W,1853,Cicero,The Academic questions,"Yonge, Charles Duke, 1812-1891, tr.",G. Bell & Sons,Early works to 1800; Ethics; Happiness,7,eng; lat
/works/OL10434620W,1853,Cicero,The treatises of M.T. Cicero,,Bell,,2,eng
/works/OL33143407W,1853,Cornelius Tacitus,The Germania and Agricola,,American Book co.,,1,eng
/works/OL29272681W,1853,Francis Bacon,"The essays or counsels, civil and moral",,Parker,,2,eng
/works/OL10424949W,1853,Francis Bacon,The physical and metaphysical works of Lord Bacon,,H. G. Bonn,Science; Methodology; Logic; Early works to 1800; Induction (Logic),11,eng
/works/OL33000407W,1853,Francis Bacon,The works of Lord Bacon ...,,Bohn,,1,eng
/works/OL15699508W,1853,Gaius Julius Caesar,Commentaries on the Gallic War,,Appleton,,1,eng
/works/OL43441932W,1853,Horace; F. W. Newman,The Odes of Horace,,J. Chapman,Latin Laudatory poetry; Translations into English,2,lat; eng
/works/OL15359492W,1853,"Kennedy, Charles Rann",Specimens of Greek and Latin verse,,H.G. Bohn,Latin language; Greek language; Composition; Medieval and modern Latin literature; Modern Greek literature; English poetry; Translations into Greek; Greek poetry; Translations from English; Medieval and modern Latin poetry,1,eng; lat; grc
/works/OL16837068W,1853,"Latham, John",English and Latin poems,,"T. Richards, printer",Translations into Latin. [from old catalog]; Medieval and modern Latin poetry; English poetry,1,eng
/works/OL658215W,1853,Lucius Apuleius,The works of Apuleuis,,H.G. Bohn,,16,eng
/works/OL15238969W,1853,Publius Terentius Afer,The comedies of Terence and the fables of Phaedrus,,G. Bell & Sons,,7,eng
/works/OL15237231W,1853,Publius Vergilius Maro,"A literal translation of the works of Virgil comprising the Eclogues, Georgics and Aeneid into English prose from the text of Wagner and Forbiger",,William Tegg and Co.,,1,eng
/works/OL33051649W,1853,Publius Vergilius Maro,Æneïd of Virgil,,Harper & Bros.,,1,eng
/works/OL43270647W,1853,Titus Maccius Plautus; W. M. Lindsay,Captivi,,Clarendon Press,,3,lat; eng
/works/OL19570946W,1854,Aristaenetus; Petronius; Sextus Propertius,"Erotica: The Elegies of Propertius, The Satyricon of Petronius and The Kisses of Johannes ...",,,Erotic literature; Classical literature; Translations into English,1,eng
/works/OL15218139W,1854,Cicero,Rhetorica Ad Herennium,Harry Caplan (Translator),Loeb Classical Library,,3,lat; eng
/works/OL38753630W,1854,Cornelius Tacitus,"The Germania and Agricola, and also selections from the Annals, of Tacitus",,Harper,,1,und; eng
/works/OL7767620W,1854,"Elton, Charles Abraham Sir",Specimens of the Greek and Roman classic poets,,F. Bell,Greek poetry; Latin poetry,1,eng
/works/OL16909364W,1854,Gaius Julius Caesar,The first six books of Cæsar's commentaries on the Gallic war,,"Pratt, Woodford, Farmer, and Brace",Readers; Latin language; Gaul; History,1,eng
/works/OL15229216W,1854,Gaius Valerius Catullus,Erotica,"Grainger, James, 1721?-1766, tr.",Fredonia Books (NL),"Latin poetry; Translations into English; Latin Erotic poetry; Fiction, general; Fiction, erotica, general; English literature; Translations from Latin",2,eng
/works/OL33082599W,1854,Gaius Valerius Catullus,"The poems of Catullus and Tibullus, and the Vigil of Venus",,Henry G. Bohn,Latin poetry; Translations into English,1,eng
/works/OL394405W,1854,Gaius Valerius Catullus,"The works of Catullus and Tibullus, and the Vigil of Venus",,Henry G. Bohn,Translations into English; Latin poetry; Poetry; Latin Elegiac poetry,1,eng
/works/OL658221W,1854,Lucius Apuleius,The Fable Of Cupid And Psyche,"Zinzow, Adolf, b. 1822, ed. and tr.",Apvd P.H. Lee Warner,"Fiction; Eros (Greek deity); Psyche (Greek deity); Fiction, religious; Women; Folklore; Translations into French; Latin fiction; Classical Mythology; Illustrations",59,eng; ger; fre; lat
/works/OL16226170W,1854,Pliny the Elder,C. Plini Secundi naturalis historiae libri XXXVII,,in aedibus B.G.Teubneri,Natural history; Pre-Linnean works; Oats,5,lat; eng
/works/OL15641647W,1854,Publius Vergilius Maro,The fugitive,,Fetridge,Pamphlets; Poetry,1,eng
/works/OL15237390W,1854,Publius Vergilius Maro,Virgilii Carmina ..,,W. and R. Chambers,Poetry; Latin Pastoral poetry; Latin Didactic poetry; Country life; Latin Epic poetry; Agriculture; Aeneas (Legendary character),2,eng
/works/OL16866870W,1854,Sallust,"Sallust's History of the war against Jugurtha, and of the Conspiracy of Cataline: with a dictionary and notes",,Crocker & Brewster,"Latin language; Readers; Jugurthine War, 111-105 B.C.; History; Jugurthine War, 111 B.C.-105 B.C.",1,eng; lat
/works/OL10520846W,1854,Tertullian,Apologetic and practical treatises,,J. H. Parker,Theology; History,2,eng
/works/OL43447096W,1854,Virgil,"Works, with the original text reduced to the naturel order of construction; and an interlinear translation, as nearly literal as the idiomatic difference of Latin and English languages will allow, adapted to the system of classical instruction, combining the methods of Ascham, Milton, and Locke",,"Cowperthwait, Desilver, & Butler",,1,eng
/works/OL6680217W,1854,Walter Keating Kelly,Erotica,,H. G. Bohn,Classical literature; English literature; Erotic literature; Translations from classical languages; Translations from classical literature; Translations into English,2,eng
/works/OL18776285M,1855,,Leabhar imuinn.,,Irish Archaeological and Celtic Society,"Hymns, Irish; Hymns, Latin; Hymns, Irish -- Translations into English; Hymns, English -- Translations from Irish; Hymns, Latin -- Translations into English; Hymns, English -- Translations from Latin",1,gle
/works/OL1158921W,1855,Charles Baudelaire,Les fleurs du mal,"Millay, Edna St. Vincent, 1892-1950 tr.",Glomeau,Traducciones al español; Translations into Spanish; Translations into English; French Poets; Biography; Psychoanalysis; French language books; French poetry; Literatura francesa; Criticism and interpretation,363,spa; ita; ger; fre; rus; dut; por; cze; heb; eng; mul
/works/OL15733389W,1855,Cicero,Cicero on Oratory and Orators: With His Letters to Quintus and Brutus,,George Bell and sons,Early works to 1800; Oratory,2,eng
/works/OL43425001W,1855,Cornelius Tacitus; W. S. Tyler,The Germania and Agricola of Laius Cornelius Tacitus,,D. Appleton & Co.,,1,eng; lat
/works/OL15406263W,1855,Dante Alighieri,Dante,,A. Colin,Politics and government; Early works to 1800; Italy; Political science; Church and state; Translations into English,4,eng
/works/OL42509651W,1855,Dante Alighieri; Ichabod Charles Wright; John Flaxman,Dante,,H.G. Bohn,Translations into English,1,eng
/works/OL69400W,1855,Francis Bacon,The novum organon,,University Press,Science; Methodology,2,eng
/works/OL10424913W,1855,Francis Bacon,"The novum organon, or a true guide to the interpretation of nature",,Oxford University Press,,2,eng
/works/OL10307057W,1855,Gaius Julius Caesar,Caii Julii Caesaris commentarii,,Jacobum Parker et Socios,"History; Rome Civil War, 49-45 B.C.",2,lat; eng
/works/OL15226800W,1855,Gaius Julius Caesar,"The commentaries of Cæsar, translated into English",,Bangs,,1,eng
/works/OL1114830W,1855,Heinrich Cornelius Agrippa von Nettesheim,De Occulta Philosophia,,Printed by R.W. for Gregory Moule,Occultism; Magic; Early works to 1800; Early works to 1900; Magic symbols; Geomancy; Magie; Godsdienst; Filosofia do renascimento; Ocultismo,19,ger; eng; lat; rus
/works/OL15266936W,1855,John Edwin Nixon,Prose extracts arranged for translation into English and Latin,,Macmillan,Latin language; Composition,1,lat; eng
/works/OL1108301W,1855,P. Cornelius Tacitus,Werke,,Metzler,,5,eng; ger
/works/OL8662132W,1855,Pliny the Younger,The Natural history of Pliny,,Bohn,Natural history; Pre-Linnean works,1,eng
/works/OL47141W,1855,Publius Vergilius Maro,The works of Publius Virgilius Maro,,"Kessinger Publishing, LLC",Poetry; Latin Didactic poetry; Latin poetry; Aeneas (Legendary character); Country life; Latin Epic poetry; Agriculture; Latin Pastoral poetry,12,lat; eng
/works/OL43643995W,1855,Sallust,"History of the war against Jugurtha, and of the Conspiracy of Catiline",,Crocker & Brewster,,2,eng
/works/OL936122W,1855,Sallust,Sallust's Jugurtha and Catiline,,D. Appleton and Co.,"History; Latin language; Readers; Jugurthine War, 111-105 B.C.",1,eng
/works/OL43638164W,1855,Titus Livius,Selections from the first five books,,Appleton,,2,lat; eng
/works/OL44002923W,1855,Virgil,Works,,Harper & brothers,,1,eng
/works/OL43447099W,1855,Virgil; R.C. Singleton,Works,,"Cowperthwait, Desilver & Butler",,2,eng
/works/OL10307096W,1856,Gaius Julius Caesar,Caesar's Commentaries on the Gallic and civil wars,"Bohn, W. S.. tr.",H.G. Bohn,History; Military History,6,eng
/works/OL88211W,1856,Horace,Epistulae,,"Société d'édition ""Les Belles Lettres""",Latin Epistolary poetry; Poetry; Early works to 1800; Translations into Italian; Politics and government; Readers; Poetics; Translations into German; Translations into Spanish; Latin Political poetry,31,lat; mul; fre; eng; spa; ger; ita
/works/OL20966607W,1856,Horace,The works of Horace with English notes,,Allyn and Bacon,,1,eng
/works/OL15097832W,1856,Horace,"The works of Horace, with English notes",,J. Bartlett,,1,eng
/works/OL43260408W,1856,Horace; John L. Lincoln,The works of Horace,,Appleton,,2,eng
/works/OL24868821W,1856,Publius Vergilius Maro,"The Aeneı̈d of Virgil with English notes, critical and explanatory",,Harper,,1,eng
/works/OL10314048W,1856,Quintilian,Institutio oratoria,"Watson, J. S. 1804-1884 ed. and tr.",e typographeo Clarendonian,Oratory; Ancient Rhetoric; Latin literature; Ancient Oratory,28,eng; fre; mul; lat
/works/OL10314043W,1856,Quintilian,"Quintilian's Institutes of oratory; or, Education of an orator",,G. Bell and Sons,"Oratory; Rhetoric, Ancient; Ancient Rhetoric",2,eng
/works/OL16109397W,1856,Sallust,The Commentaries of Caesar,,Edwards & Bushnell,"Jugurthine War, 111 B.C.-105 B.C.; Military art and science; History; Jugurthine War, 111-105 B.C.",1,eng
/works/OL16280567W,1856,Titus Livius,Titi Livi Ab urbe condita libri,,In aedibus B.G. Teubneri,History; Maps,20,eng; ger; lat
/works/OL43193530W,1856,Titus Livius; John L. Lincoln; C. F. S. Alschefski,Selections from the first five books,,D. Appleton & co.,,2,lat; eng
/works/OL42468769W,1857,Francis Bacon,Bacon's essays,,J.W. Parker,,3,eng
/works/OL42375354W,1857,Francis Bacon,The works of Francis Bacon ...,,Longmans,,2,lat; eng
/works/OL14994414W,1857,Francis Bacon,"The works of Francis Bacon, Baron of Verulam ..",,Longman,English Philosophy; English literature; Early modern,1,eng
/works/OL3646652W,1857,John Gower; Sian Echard; Claire Fanger,Confessio amantis,Andrew Galloway (Translator),Penguin Books,"Christian ethics; Christian poetry, English (Middle); Courtly love; Love poetry, English (Middle); Poetry; Translations into Spanish; Works by individual poets: classical, early & medieval; Medieval And Early Modern Latin Literature; Middle English Literature; English",21,eng; enm; spa; lat
/works/OL15236601W,1857,Juvenal,"The satires of Juvenal, Persius, Sulpicia, and Lucilius","Evans, Lewis, 1814 or 15-1869 tr.",G. Bell and sons,,8,lat; eng
/works/OL7980333W,1857,Ovid,The Epistles Of Ovidius Naso,John Jump (Translator),"Kessinger Publishing, LLC",,3,eng
/works/OL16833313W,1857,Publius Vergilius Maro,"The works of Publius Virgilius Maro, from the text of Heyne and Wagner",,R. Griffin and company,Latin Pastoral poetry; Latin Didactic poetry; Country life; Latin Epic poetry; Agriculture; Poetry; Aeneas (Legendary character),1,eng
/works/OL16226306W,1857,Titus Livius,"The History of Rome: The Third Decade; Part the First Illustrated by Copious Notes, Historical ..",,"Longman, Brown, Green , and Longmans",History,1,eng
/works/OL43324724W,1857,Titus Lucretius Carus; Thomas Creech; Siwart Haverkamp,De rerum natura libri sex,,B.G. Teubneri,,5,lat; eng
/works/OL43960465W,1857,Virgil; Archibald H. Bryce; Philipp Wagner,The works of Publius Virgilius Maro,,"R, Griffin and company",,1,eng; lat
/works/OL256614W,1858,Adam de Saint-Victor,Poems,"Wrangham, Digby S. d. 1892 tr.","K. Paul, Trench",Medieval and modern Latin literature; Texts; Translations into English; Latin Hymns,6,lat; eng; fre
/works/OL137868W,1858,Augustine of Hippo,Select letters,,Brepols,"Correspondence; Bible; Christian saints; Criticism, interpretation; History; Theology; Early works to 1800; God; Corresondence; Latin language materials",18,lat; mul; fre; und; eng; grc
/works/OL24589617W,1858,Cicero; Cyrus R. Edmonds,"Cicero's Three Books of Offices, Or Moral Duties",,Andesite Press,,2,eng
/works/OL42636538W,1858,Cornelius Tacitus; Thomas Gordon,The works of Tacitus,,Harper & Brothers,,3,eng
/works/OL4981964W,1858,George Chapman,"Homer's Batrachomyomachia, hymns and epigrams",,J.R. Smith,"Classical literature; Greek Fables; Hero (Greek mythology); Leander (Greek mythology); Translations into English; Poetry; Hymns, Greek (Classical)",1,gre; eng
/works/OL24414820W,1858,Horace; A J. Macleane; Reginald H. Chase,The Works of Horace,,J. Bartlett,,3,eng
/works/OL19554737W,1858,Horace; Henry Thomas Liddell Ravensworth,The Odes of Horace,,Upham and Beet,Latin Laudatory poetry; Translations into English,1,
/works/OL43638143W,1858,Julius Caesar,"Commentaries on the Gallic war, and the first book of the Greek paraphrase",,Harper & brothers,,1,eng
/works/OL38750560W,1858,Martial,Martial and the moderns,,Bell and Daldy,,1,eng
/works/OL15236768W,1858,P. Cornelius Tacitus,Works,,American Book Co.,,6,eng; lat
/works/OL47148W,1858,Publius Vergilius Maro,P. Vergili Maronis Opera,,E. Typographeo Clarendoniano (Clarendon P.),Poetry; Latin Didactic poetry; Latin Pastoral poetry; Aeneas (Legendary character); Country life; Latin Epic poetry; Agriculture; Readers; Latin language; Latin poetry,36,lat; eng
/works/OL1097439W,1858,Roger Bacon,The famous historie of Fryer Bacon,,,,2,eng
/works/OL936186W,1858,Sallust,Catilina,,Macmillan,"History; Jugurthine War, 111-105 B.C.; Sallust, 86 b.c.-34 b.c.; Jugurthine War, 111 B.C.-105 B.C.",33,eng; lat; fre; dan; gle
/works/OL43432757W,1858,Titus Livius; John L. Lincoln,"Selections from the first five books, together with the twenty-first and twenty-second books entire",,D. Appleton & Co.,,1,eng
/works/OL17320633W,1858,William Bernard Ullathorne; Pope Gregory I; Henry Formby,The life and miracles of the Holy Father Benedict,,Birmingham : Depot of the Pictorial Bible Stories,,1,eng
/works/OL16874485W,1859,Abraham Coles,Dies irae in thirteen original versions,,D. Appleton and Co.,Translations into English; Dies irae (Music); Latin Hymns; History and criticism; Stabat Mater dolorosa (Music); History and          criticism; Autographs,2,eng
/works/OL15234306W,1859,Francesco Petrarca,Epistolae,"Robinson, James Harvey, 1863-1936, ed. and tr.",Weidmann,"Authors, Latin (Medieval and modern); Correspondence; Foreign influences and relations; German literature; Humanism; Humanists; Intellectual life; Italian Authors; Italian literature; Italy",37,eng; ita; lat
/works/OL10307000W,1859,Gaius Julius Caesar,Cæsar's Commentaries on the Gallic and civil wars,,Harper & brothers,,1,eng
/works/OL15236602W,1859,Juvenal,Saturae,,M. Huever,"Latin language materials; Literature, history and criticism; Latin Satire; Latin poetry",9,ger; eng; mul; lat
/works/OL998027W,1859,Omar Khayyam,Rubaiyat of Omar Khayyam,"Roe, George, b. 1861, tr.",R.G. Badger,Miniature books; Specimens; Illustration of books; Translations into English; Poetry (poetic works by one author); Persian Quatrains; Persian poetry; Persian literature; Didactic poetry; Omar khayyam,149,ita; ger; per; fre; dut; dan; eng
/works/OL44048484W,1859,Publius Terentius Afer; Henry T. Riley; George Colman,The comedies of Terence,,Harper,,2,eng
/works/OL16880582W,1859,Publius Vergilius Maro,A translation into English verse of Virgil's fourth Georgic,,[Priv.] print. by N. Merridew,Translations into English; Agriculture; Poetry; Latin Didactic poetry,1,eng
/works/OL1097395W,1859,Roger Bacon,Fr. Rogeri Bacon Opera qud\25A1am hactenus inedita. Vol. I. containing I.--Opus tertium. II.--Opus minus. III.--Compendium philosophi.\25A1,,"Longman, Green, Longman and Roberts",,1,lat; eng
/works/OL15868607W,1859,Roger Bacon,Fr. Rogeri Bacon Opera quædum hactenus inedita,,"Longman, Green, Longman and Roberts",,2,lat; eng
/works/OL936092W,1859,Sallust,"Jugurthine War, and conspiracy of Catiline",,Harper,,2,eng
/works/OL75212W,1859,Thomas Moore,"Cantus hibernici, latine redditi",,T. Knibb,Latin poetry; Translations into Latin; English poetry; Translations from English,2,lat
/works/OL44532483W,1859,Titus Livius; D. Spillan; Cyrus R. Edmonds,The History of Rome,,A. Hinds & co.,,2,eng; lat
/works/OL10727055W,1860,Augustine of Hippo,"St. Augustin's confessions, or, Praises of God",,D. & J. Sadlier & Co.,,1,eng
/works/OL43471018W,1860,Cornelius Tacitus; W. S. Tyler,The Germania and Agricola,,D. Appleton and Co.,Germanic peoples; History,2,eng; lat
/works/OL19804875W,1860,Ethan Allen Andrews; Gaius Julius Caesar,Commentaries on the Gallic War: With a Dictionary and Notes,,Crocker & Brewster,,1,lat; eng
/works/OL13125784W,1860,Francis Sylvester Mahony,The Reliques of Father Prout ..,,H. G. Bohn,French ballads and songs; History and criticism; French poetry; Translations into English; Italian poetry; Medieval and modern Latin poetry; Social life and customs; French Ballads; English poetry; Translations into French,3,eng
/works/OL13060927W,1860,Gaius Julius Caesar,"Caesar's Commentaries on the Gallic War, and the First Book of the Greek ..",,Harper,,1,eng
/works/OL39480442W,1860,Gaius Valerius Catullus,"Selections from the poems of Catullus, Tibullus, Propertius, and Ovid",,publisher not identified,,1,eng
/works/OL52424W,1860,Henrik Ibsen,Bygmester Solness,"Archer, William, 1856-1924, tr.",Nick Hern Books,Drama; Translations into English; Architects; Norwegian drama; Continental european drama (dramatic works by one author); English drama; Translations from Norwegian,49,ger; dan; urd; wel; nor; eng
/works/OL891563W,1860,Janus Secundus,Basia,,"printed by D. Bond, for J. Bew","Comparative Literature; Erotic poetry, Latin (Medieval and modern); Kissing; Marriage; Poetry; Themes, motives; Translations into English; Translations into French; European Love poetry; History and criticism",17,fre; eng; ger; lat
/works/OL2241481W,1860,Marcus Valerius Martialis,Epigrams,"Tatum, Henry Francis, 1853-, jt. tr.",Harvard Univ. Press,Epigrams; Latin Epigrams; Latin Occasional verse; Poetry; Translations into English; Latin language materials; Poetry (poetic works by one author); Traductions anglaises; Épigrammes latines; Poésie de circonstance latine,46,ger; eng; lat; mul
/works/OL16747414W,1860,Martial,Epigrams,,H.G. Bohn,,1,eng
/works/OL44249207W,1860,P. Cornelius Tacitus,The histories [of Caius Cornelius Tacitus],,"D. Appleton & co., etc., etc.",,1,eng
/works/OL2830733W,1860,"Peter Chrysologus, Saint, Archbishop of Ravenna; St. Peter Chrysologus; Peter.",Sermons,William B. Palardy (Translator),Brepols,"Bible; Latin Sermons; Sermons; Translations into English; Early Christian Sermons; German Sermons; Church year sermons; Early works to 1800; Translation from Latin; Sermons, Latin",7,ger; eng; lat
/works/OL1512547W,1860,Publius Terentius Afer,Phormio,,Leach,Drama; Master and servant; Slaves; Facsimiles; Manuscripts; Latin Manuscripts; Readers; Translations into English; Latin language; Latin drama (Comedy),56,eng; spa; lat
/works/OL8810983W,1860,Sallust,Conspiracy of Catiline and the Jugurthine War,John Selby Watson (Translator),IndyPublish.com,,10,eng
/works/OL38754803W,1860,Sallust,Jugurtha and Catiline,,Appleton,,1,eng
/works/OL44091180W,1860,Sallust; George Long,C. Sallusti Crispi Catilina et Jugurtha,,Whittaker,"History; Jugurthine War, 111 B.C.-105 B.C.",1,lat; eng
/works/OL936113W,1860,Sallust; Lucius Annaeus Florus; Velleius Paterculus,"Sallust, Florus, and Velleius Paterculus, literally translated with copious notes and a general index by John Selby Watson",,Harper,,2,eng
/works/OL43722786W,1860,Virgil; Charles Anthon; William Trollope,The Æneid of Virgil,,W. Reeves,,2,eng; lat
/works/OL15218242W,1861,Cicero,Three books of offices,,Bell,Ethics,2,eng
/works/OL44212210W,1861,Cicero; Ebenezer Alfred Johnson,Select orations,,D. Appleton and company,,5,eng
/works/OL43399485W,1861,Cornelius Tacitus; Percival Frost,The Germania and Agricola of Tacitus,,Whittaker,Germanic peoples; History; Statesmen; Biography,1,lat; eng
/works/OL15465614W,1861,Francis Bacon,Of the proficience and advancement of learning,,Bell & Daldy,Science; Early works to 1800; Methodology; Logic,1,eng
/works/OL10424953W,1861,Francis Bacon,The letters and the life of Francis Bacon,,Longmans etc.,,10,eng
/works/OL14994419W,1861,Francis Bacon,"The letters and the life of Francis Bacon including all his occasional works, namely letters, speeches, tracts, state papers, memorials, devices and all authentic writings not already printed among his philosophical, literary, or professional works",,"Longman, Green, Longman, and Roberts",,1,eng
/works/OL44903219W,1861,Francis Bacon; James Spedding; Robert Leslie Ellis,The philosophical works of Francis Bacon,,"Longman & Co., etc.",English Philosophy,1,eng; lat
/works/OL68293W,1861,Gaius Valerius Catullus,Carmen 63,"Michie, James tr.",Penguin,"Translations into English; Latin Love poetry; Poetry; Latin Epigrams; Latin Elegiac poetry; Collections; Latin Occasional verse; Attis (God); Early works to 1800; Love poetry, Latin",44,lat; eng; ita; mul
/works/OL68245W,1861,Gaius Valerius Catullus,Poems,"Peter Whigham (Editor, Translator)",W. Blackwood,Translations into English; Latin Love poetry; Latin Elegiac poetry; Latin Epigrams; Poetry; Poetry (poetic works by one author); Elegiac poetry; Love poetry,21,lat; eng; mul
/works/OL16324771W,1861,Julius Caesar; William Duncan,Commentaries,,H.W. Derby,History,2,eng
/works/OL16648916W,1861,"Thomas of Celano; Stryker, Melancthon Woolsey",Dies iræ,,Priv. print.,Dies irae (Medieval Latin poem),4,eng; lat
/works/OL32295049W,1862,,A literal extension of the Latin text,,Vacher & Sons,Domesday book,1,eng
/works/OL19973431M,1862,,"A literal extension of the Latin text, and an English translation, of Domesday book in relation to ... Surrey",,Vacher,,1,eng
/works/OL19871520M,1862,,Literal extension of the Latin text; and an English translation of Domesday Book in relation to the County of Middlesex.,,Vacher and Sons,,1,eng
/works/OL17211012W,1862,Armenian Church; Catholic Church,The Armenian Liturgy,,Venice : Printed at the Armenian Monastery of St. Lazarus,Armenian rite; Liturgy; Texts; Catholic Church; Armenian Church,1,
/works/OL350615W,1862,Catholic Church,The Armenian liturgy,,Printed at the Armenian Monastery of St. Lazarus,Catholic Church; Armenian Church; Liturgy; Texts; Armenian rite; History; Armenian rite.,4,eng
/works/OL38753620W,1862,Cornelius Tacitus,"C.C Tacitus, the Germany and Agricola and Histories of Tacitus complete",,Kelly,,1,lat; eng
/works/OL241225W,1862,Francis Sylvester Mahony,"The reliques of Father Prout, late P.P. of Watergrasshill, in the county of Cork, Ireland",,George Bell & Sons,"Translations into English; History and criticism; Italian poetry; English poetry; Translations from Italian; Social life and customs; Latin poetry, Medieval and modern; French poetry; Translations from French; French ballads and songs",3,eng
/works/OL13120583W,1862,Herbert Kynaston,Occasional Hymns: Original and Translated,,"Printed for the author by R. Clay, Son, and Taylor",English Hymns; Latin Hymns; Translations into English; Translations from Latin,1,eng
/works/OL15701296W,1862,John Keats,"Keatsii Hyperionis, libri I, II",,Macmillan,English poetry; Translations into Latin; Latin poetry; Translations from English,1,lat
/works/OL15428224W,1862,Ovid,P. Ovidii nasonis fastorum,,Rollo & Adam,Lectures et morceaux choisis; Latin language; Latin (Langue); Readers,2,eng
/works/OL15237174W,1862,Publius Vergilius Maro,The farm and fruit of old,,"S. Low, Son",Translations into English; Agriculture; Poetry; Latin Didactic poetry,1,eng
/works/OL16280123W,1862,Publius Vergilius Maro,Virgil's Aeneid: With Explanatory Notes,,D. Appleton and co.,Latin Epic poetry; Translations into English; Poetry; Aeneas (Legendary character),1,
/works/OL16881544W,1862,Publius Vergilius Maro,Virgil's Eclogues and Georgics,,Crocker and Brewster,Latin Pastoral poetry; Translations into English; Agriculture; Poetry; Latin Didactic poetry,1,eng
/works/OL38744625W,1862,Titus Livius,Titi Livii Patavini Historiaæ Romanæ,,Kelly,,1,eng
/works/OL28208354W,1863,Einhard,Vita Karoli Magni,,Reclam,"Sources; History; Manuscripts, Latin (Medieval and modern); Facsimiles; Österreichische Nationalbibliothek; Codex Vindobonensis 529 (fol. 1-13)",7,eng; lat; ger
/works/OL959926W,1863,Giordano Bruno; Artemide Libri; Arthur D. Imerti,Spaccio de la bestia trionfante,"Imerti, Arthur D., ed. and tr.",Alianza,"Christianity; Controversial literature; Early works to 1800; Hermetism; Christianity, controversial literature",35,eng; ita; fre; spa
/works/OL15083838W,1863,P. Cornelius Tacitus,Oeuvres Completes,,Hachette,,3,eng; fre
/works/OL14398372M,1864,,"A literal extension of the Latin text, and an English translation, of DomesdayBook in relation to the county of Leicestershire.",,J.and T. Spencer,,1,eng
/works/OL14398381M,1864,,literal extension of the Latin text and an English  translation of Domesday Book inrelation to the country of Rutland.,,Vacher & Sons,,1,eng
/works/OL15269254W,1864,Boethius,King Alfred's Anglo-Saxon version of Boethius De consolatione philosophiae,,G. Bell,Consolation,2,lat; eng; ang
/works/OL1150487W,1864,Gaius Julius Caesar,"Caesar's Commentaries on the Gallic war, with a vocabulary and notes",,"Sterling, Campbell & Albright",History,1,eng
/works/OL959873W,1864,Giordano Bruno; Sidney L. Sondergard; Madison U. Sowell,La cabala del cavallo Pegaseo,Sidney L. Sondergard (Translator),Les Belles lettres,Donkeys; History; Mental efficiency; Miscellanea; Voting; Party affiliation; Partis politiques; Adhésion; Politique et gouvernement; SOCIAL SCIENCE,17,fre; ita; eng; ger
/works/OL10709711W,1864,Henry Hayman,Exercises in translation from English poetry into Greek and Latin verse,,Nutt,Translations into Greek; Latin language; Greek language; English poetry; Translations into Latin; Composition and exercises,1,eng; grc
/works/OL15097570W,1864,Horace,Horace's Art of poetry literally translated into English verse,,C. Aitchison,,1,eng
/works/OL13103966W,1864,P. Cornelius Tacitus,The Germania and Agricola of Caius Cornelius Tacitus: With Notes for Colleges,,D. Appleton & Co.,Germanic peoples; Early works to 1800,1,lat; eng
/works/OL16200763W,1864,P. Cornelius Tacitus,The history of Tacitus,"Brodribb, William Jackson, 1829-1905 ed. and tr.",Macmillan and co.,History,9,eng
/works/OL15237407W,1864,Publius Vergilius Maro,Virgil's Aeneid book V,,Sine nomine,,2,eng
/works/OL7523246W,1865,Charles Cooper Nott,The seven great hymns of the mediaeval church,,Anson D.F. Randolph,Latin Hymns; History and criticism; Translations into English; Hymn writers; Biography,5,mul; eng
/works/OL13087862W,1865,Cicero,Ausgewählte Briefe,,Teubner,,6,eng; ger
/works/OL24936293W,1865,Cicero,Cicero's three books of offices of moral duties,,Bell & Daldy,Ethics,1,eng
/works/OL15733515W,1865,Cicero,Epistolae,,Weidmann,"Correspondence; Latin Authors; Statesmen; Cicero, marcus tullius; Authors, latin; Statesmen, correspondence; Statesmen, italy; Correspondencecicero, marcus tullius; Authors, latin--correspondence; Pa6297 .a23 1980",20,eng; ger; lat; ita; mul
/works/OL67381W,1865,Cicero,"The Academic questions, treatise de finibus and tusculan disputations of M. T. Cicero","Yonge, Charles Duke, 1812-1891 tr.",G.Bell,,2,eng
/works/OL1115809W,1865,Heinrich Hoffmann,Struwwelpeter,"Twain, Mark, 1835-1910, tr.",Pestalozzi-Verlag,"Children's poetry, German; Behavior; Fiction; Stories in rhyme; Heinrich-Hoffmann-Museum; Translations into English; Conduct of life; Juvenile poetry; German language materials; Poetry",48,epo; ger; yid; lat; dan; eng; mul
/works/OL16834308W,1865,Horace,"The I and II books of the Odes of Horace, tr. ...",,,Latin Laudatory poetry; Translations into English,1,eng
/works/OL28527243W,1865,Ovid; Publius Vergilius Maro; James Hobbs Hanson,Selections from Ovid and Virgil : A Shorter Handbook of Latin Poetry,,O.S. Felt,,3,eng
/works/OL7629147W,1865,Pliny H. White,"Annals of Salem, Vermont",,Sine nomine,History,1,eng
/works/OL15329149W,1865,Pliny the Elder,Histoire naturelle,,Didot,Natural history; Pre-Linnean works; Translations into French; Latin Didactic literature,6,eng; fre
/works/OL16888985W,1865,Publius Vergilius Maro,The Georges of Virgil,,Printed by W. C. Clowes and sons,Translations into English; Agriculture; Poetry; Latin Didactic poetry,1,eng
/works/OL15225218W,1865,Sallust,Jugurtha,,Weidmann,"Jugurthine War, 111-105 B.C.",10,eng; fre; ita; lat
/works/OL28505164W,1865,W. J. Rolfe; Publius Vergilius Maro; James Hobbs Hanson,Selections from Ovid and Virgil,,"Woolworth, Ainsworth",,4,lat; eng
/works/OL17899986W,1866,Abraham Coles,Dies irae,,D. Appleton and Company,Dies irae (Medieval Latin poem); Poetry; Judgment Day; Latin Hymns,1,eng
/works/OL43962161W,1866,Apuleius; Mary Tighe; Hudson Gurney,The works of Apuleius,,G. Bell and Daldy,,1,eng
/works/OL7048006W,1866,"Calverley, Charles Stuart",Translations into English and Latin,,Deighton,Latin poetry; English poetry; Translations into English; Translations into Latin; Translations from Latin; Translations from English; Translations from the Latin; Translations from the English,7,eng; lat
/works/OL13122338W,1866,Charles C. Nott,The Seven Great Hymns of the Mediaeval Church,,A. D. F. Randolph,"Hymns, Latin (Medieval and modern); Translations into English; Latin Hymns",3,eng
/works/OL44147688W,1866,Cicero,The oration against Q. Cæcilius,,J. Parker and co.,,1,eng
/works/OL15227390W,1866,Desiderius Erasmus,Erasmi Colloquia selecta,,Printed for A. Bettesworth ... [et al.],,20,eng; lat
/works/OL5216118W,1866,Francis Sylvester Mahony,"The reliques of Father Prout, late P. P. of Watergrasshill, in the county of Cork, Ireland",,Bell & Daldy,French Ballads; French poetry; History and criticism; Italian poetry; Jesuits; Latin poetry; Medieval and modern Latin poetry; Social life and customs; Translations into English,3,eng
/works/OL37460295W,1866,John David Chambers,Laude Syon,,J. Masters,Hymns; Latin Hymns; Translations into English; Church of England,1,lat; eng
/works/OL18426798W,1866,Lewis Gidley,Fasciculus,,J. Parker,Latin poetry; Translations into Latin; English poetry; Translations from English,2,lat
/works/OL44190586W,1866,Petronius Arbiter; Calvin Blanchard,"The Satyricon, or, Trebly voluptuous",,C. Blanchard,Latin Satire,1,eng
/works/OL15237408W,1866,Publius Vergilius Maro,"Virgil's Aeneid, book VI",,Sine nomine,,2,eng
/works/OL32879028W,1866,Thomas Aquinas,Memoranda of angelical doctrine,,A. Brown and Co.,Doctrines; History; Doctrinal Theology; Catholic Church,1,eng
/works/OL33145277W,1866,Titus Maccius Plautus,T. Macci Plauti Aulularia,,D. Bell and Co.,,2,eng; lat
/works/OL19593905W,1866,Titus Maccius Plautus; Wilhelm Wagner,Aulularia,,Deighton Bell ; Bell and Daldy,,1,eng; lat
/works/OL29560817W,1866,W. C. Firebaugh; Norman Lindsay; Petronius,SATYRICON,,Independently Published,,3,eng
/works/OL14208677M,1867,,Mediaeval hymns and sequences,,Joseph Masters,"Hymns, Latin -- Translations into English; Hymns, English -- Translations from Latin",1,eng
/works/OL67409W,1867,Cicero,In Verrem,,Artemis & Winkler,"Politics and government; Translations into Italian; Translations into English; Early works to 1800; Rome; Speeches, addresses, etc., Latin; Translations into German",12,lat; ger; ita; fre; eng
/works/OL10307021W,1867,Gaius Julius Caesar,"The first six books of Caesar's Commentaries on the Gallic war, adapted to Bullions' Latin grammar",,Sheldon and Co.,History,1,eng
/works/OL394386W,1867,Gaius Valerius Catullus,The poems of Valerius Catullus,,William P. Nimmo,,1,eng
/works/OL40465214W,1867,Gaius Valerius Catullus; Restoration Restoration Editors,Poems of Valerius Catullus Translated into English Verse,,CreateSpace Independent Publishing Platform,,1,eng
/works/OL88202W,1867,Horace,Quinti Horati Flacci Opera,,"Longmans, Green, and Co.",Translations into English; Latin poetry; Juvenile literature,2,lat
/works/OL15249103W,1867,Horace,The complete works of Horace,"Marshall, John, 1845-1915, tr.","J.M. Dent & Sons, ltd.",Translations into English; Latin poetry; Juvenile literature; Poetry,13,gre; eng; lat
/works/OL15097841W,1867,Horace,"The odes, epodes, and the secular song",,"Longmans, Green",,2,eng
/works/OL43370W,1867,Ivan Sergeevich Turgenev,Отцы и дети,Rosemary Edmonds (Translator),New American Library,Fiction; Social life and customs; Fathers and sons; Social conditions; Nihilism (Philosophy); Correspondence; Russian language; Texts; Readers; Translations into English,208,epo; spa; ger; fre; yid; por; chi; eng; wel; fin; rus; pan
/works/OL38978299W,1867,J. M. Neale,Mediæval hymns and sequences,,J. Masters,Latin Hymns; Translations into English; English Hymns; Translations from Latin,1,eng; lat
/works/OL39483849W,1867,Julius Caesar,Caesar's commentaries on the Gallic and Civil wars,,publisher not identified,,1,eng
/works/OL43312630W,1867,Juvenal; Charles Anthon,The Satires of Juvenal and Persius,,Harper & Brothers,,1,eng
/works/OL24913994W,1867,Lucius Apuleius,The birth of pleasure,,"Publication office, Bible House",,1,eng
/works/OL1512544W,1867,Publius Terentius Afer,Adelphi,"Echard, Laurence, 1670?-1730, tr.",im Selbstverlage des Herausgebers,Latin drama (Comedy); Translations into English; Translations into Italian; Translations into Spanish; Continental european drama (dramatic works by one author),35,spa; ita; ger; eng; lat; por
/works/OL16911686W,1867,Publius Vergilius Maro,The ÁEneis of Virgil,,Dorrell & son,Latin Epic poetry; Translations into English; Poetry; Aeneas (Legendary character),1,eng
/works/OL27754657W,1867,Thomas Aquinas,"Memoranda of angelical doctrine, fasciculus second, or, A digest of the doctrine of S. Thomas on the Sacraments",,J.T. Hayes,Sacraments; Early works to 1800; Catholic Church; Doctrines; Doctrinal Theology,1,eng
/works/OL546842W,1867,Thomas Aquinas,Ninety-nine homilies of S. Thomas Aquinas upon the epistles and gospels foforty-nine Sundays of the christian year,,Church Press,,2,eng
/works/OL17861051W,1867,Thomas Aquinas,Ninety-nine homilies of S. Thomas Aquinas upon the epistles and gospels for forty-nine Sundays of the Christian year,,Church Press Co.,Church year sermons; Translations into English; Sermons; Catholic Church,1,eng
/works/OL40285159W,1867,Titus Livius,Selections from the first five books .,,Appleton,,1,eng
/works/OL42510039W,1867,Virgil; John Conington,The Aeneid of Virgil,,"Lockwood, Brooks & Co.",,4,eng; lat
/works/OL17000824W,1868,Abraham Coles,Latin hymns with original translations,,D. Appleton,Hymns; Latin Hymns; History and criticism; Translations into English; Catholic Church,4,eng
/works/OL886738W,1868,Anonymous,Poema de mio Cid,"Sherwood, Merriam, 1892-1961, tr.",New American Library,"Romances; Spanish poetry; Poetry; Poetry anthologies: classical, early & medieval; Spanish Epic poetry; Poesía; Poesía española; Poesía épica española; Translations into English; Criticism and interpretation",269,spa; ita; ger; fre; por; chi; mac; lav; ukr; ara; roa; eng
/works/OL1393051W,1868,Boethius,"Chaucer's translation of Boethius's ""De consolatione philosophiæ.""",,"Pub. for the Early English Text Society, by N. Trübner & Co.",,1,eng
/works/OL15218049W,1868,Cicero,The Philippic orations of M. Tullius Cicero,,Clarendon press,,3,eng
/works/OL69416W,1868,Francis Bacon,Bacon's Essays and Colours Of Good And Evil,,Macmillan & co.,,6,eng
/works/OL15333101W,1868,Francis Bacon,The Letters and the Life of Francis Bacon Including All His Occasional Works ..,,"Longman, Green, Longman, and Roberts",English Philosophy,3,eng
/works/OL31683165W,1868,Francis Bacon; William Aldis Wright,Bacon's essays,,"Little, Brown & Co.",,4,eng
/works/OL6804186W,1868,Francis William Newman,Translations of English poetry into Latin verse: designed as part of a new method of instructing ..,,Trübner,English poetry; Translations into Latin; Latin poetry,2,lat
/works/OL44091809W,1868,Martial,Epigrammata selecta,,"Whittaker and co., etc.",,1,eng
/works/OL24958645W,1868,Martial,"The index expurgatorius of Martial, literally translated",,Sine nomine,Latin Epigrams; Translations into English,1,eng
/works/OL1108255W,1868,P. Cornelius Tacitus; Alfred John Church; William Jackson Brodribb,The Agricola and Germany of Tacitus,,Macmillan,,9,eng
/works/OL1113298W,1868,Polydore Vergil,De rerum inventoribus,"Langley, Thomas, d. 1581, tr.",Per Thomam Guarinum,"Catholic Church; Church history; Civilization; Commentaries; Didactic literature, Latin (Medieval and modern); Discoveries in science; Early works to 1800; History; Inventions; Learning and scholarship",14,ita; eng; lat
/works/OL16911930W,1868,Publius Vergilius Maro,The Eclogues of Virgil translated into English verse,,"W. & F. Dawson, printers]",Country life; Translations into English; Latin Pastoral poetry; Poetry,1,eng
/works/OL43781858W,1868,Sallust; Noble Butler; Minard Sturgis,Jugurtha and Catiline,,D. Appleton & co.,,1,eng
/works/OL7902517W,1868,T.G Crippen,Ancient hymns and poems,,Hodder,Latin Hymns; Translations into English,1,eng
/works/OL1339338W,1868,Tertullian,Adversus Marcionem,"Evans, Ernest, b.1889, tr.",Editions du Cerf,Apologetics; Early works to 1800; History; Theology; Adversus Marcionem (Tertullian); Apologétique; Histoire; Marcionieten; Godsleer; Latin (Langue),7,fre; lat; eng; ita
/works/OL1339314W,1868,Tertullian,The five books of Quintus Sept. Flor. Tertullianus against Marcion,,T. & T. Clark,Apologetics; Early works to 1800; Theology,2,eng
/works/OL7890169W,1868,Thomas Herbert Noyes,Lyrics and Bucolics,,Hotten,Latin poetry; Translations into English,1,eng
/works/OL43835094W,1868,Virgil,The Eclogues,,Harper,,1,eng
/works/OL15733508W,1869,Cicero,Orator,,In aedibus B.G. Teubneri,Oratory; Early works to 1800; open_syllabus_project,10,eng; mul; ger; lat
/works/OL29272848W,1869,Cornelius Tacitus,Germania,,Macmillan,,4,eng; ger
/works/OL44643042W,1869,"Gaius Valerius Catullus; Wratislaw, Albert Henry; F. N. Sutton","Catulli, Tibulli, Propertii Poemata selecta",,Whittaker,Latin Elegiac poetry,1,lat; eng
/works/OL4576620W,1869,Giraldus Cambrensis,The historical works,"Hoare, Richard Colt, Sir, 1758-1838 tr.",George Bell & sons,Description and travel; Early works to 1800; Folklore; History; Medieval and modern Latin literature; Translations into English,3,lat; eng
/works/OL1366111W,1869,Guido delle Colonne,Historia destructionis Troiae,,Editorial Complutense,"Legends; Trojan War; Early works to 1800; Romances, Latin (Medieval and modern); Translations into Czech; Translations into English; Romances; Translations into Italian; Translations into Spanish; Romances, legends",14,spa; ita; ger; lat; cze; eng
/works/OL43772355W,1869,"Horace; Edward Bulwer Lytton, Baron Lytton; Edward Bulwer Lytton Lytton",The Odes and Epodes of Horace,,W. Blackwood and Sons,Translations into English,1,eng; lat
/works/OL44044789W,1869,Horace; John Ware Lincoln,The works of Horace,,Harper & Brothers,,2,lat; eng
/works/OL1108254W,1869,P. Cornelius Tacitus,The Agricola and Germania,,Macmillan,Germanic peoples; History; Readers; Latin language; Statesmen; Biography; Early works to 1800,7,lat; eng
/works/OL44249194W,1869,P. Cornelius Tacitus; William Jackson Brodribb; Alfred John Church,The Agricola and Germania,,Macmillan and co.,,1,eng
/works/OL808821W,1869,Pu Songling; Herbert Allen Giles,聊齋誌異,"Giles, Herbert Allen, 1845-1935 tr.",Zhongguo wen lian chu ban gong si,Chinese Ghost stories; Fiction; Translations into Vietnamese; Social life and customs; Chinese Short stories; Translations into English; Chinese language; Readers; Supernatural; Chinese literature,125,ger; cmn; rus; fre; chi; vie; eng
/works/OL24982819W,1869,Publius Vergilius Maro,The second book of the Æneid of Virgil,,Printed by Spottiswoode & co.,Aeneas (Legendary character); Poetry; Latin Epic poetry; Translations into English,1,eng
/works/OL16911086W,1869,Quintilian,The tenth & twelfth books of the Institutions of Quintilian,,D. Appleton & co.,,1,eng
/works/OL38740476W,1869,Terence,"Eunuchus, comoedia",,Strahan,,1,eng; lat
/works/OL10520864W,1869,Tertullian,The  writings of Quintus Sept. Flor. Tertullianus ..,,"T. & T. Clark (etc., etc.)",Theology; Heresy; Soul; Christianity; Collections; Early works to 1800; History; Early Christian literature; Latin authors; Early church,6,eng
/works/OL15793097W,1869,Tertullian,The writings of Quintus Sept. Flor. Tertullianus,,T. & T. Clark,Heresy; Theology; Soul; Christianity,1,eng
/works/OL14934417W,1869,Thomas Aquinas,On being and essence,"Maurer, Armand A. 1915- ed. and tr.",Pontifical Inst of Medieval,"Substance (Philosophy); Ontology; Early works to 1800; Essentia; Ontologia; Filosofia patrística; Filosofia medieval; Filosofia cristã; Philosophy, medieval",16,eng
/works/OL350047W,1870,Catholic Church,The Little Office of the Blessed Virgin Mary,,Sine nomine,Catholic Church; Prayer-books and devotions; Liturgy; Texts; Latin; Prayers and devotions; English; Early works to 1800; Polyglot; Cult,23,lat; eng
/works/OL43876498W,1870,Cornelius Tacitus,Notes to the Annals of Tacitus,,James Parker and co.,,1,eng
/works/OL15227374W,1870,Desiderius Erasmus,In Praise of Folly,,CreateSpace Independent Publishing Platform,Folly; Early works to 1800; Catalogs,6,eng
/works/OL267542W,1870,Francis Bacon,A Conference Of Pleasure,,Printed by Whittingham and Wilkins,,4,eng
/works/OL10306989W,1870,Gaius Julius Caesar,"Commentarii de bello Gallico with explanatory notes, lexicon map ..",,,History,1,eng
/works/OL24982392W,1870,Horace,The satires of Horace in rhythmic prose ...,,,Latin Verse satire; Translations into English,1,eng
/works/OL42521474W,1870,Horace; R. M. Millington,The satires of Horace in rhythmic prose for the student,,"Longmans, Green, Reader, & Dyer",,1,eng
/works/OL43896119W,1870,Julius Caesar,Commentaries,,"C. DeSilver, etc., etc.",,1,eng
/works/OL16735838W,1870,Julius Caesar; Aulus Hirtius; William Alexander McDevitte,Caesar's Commentaries on the Gallic and Civil wars,,Harpers,,2,eng
/works/OL15237188W,1870,Publius Vergilius Maro,A free and independent translation of the first and fourth books of the Aeneid of Virgil,,Printed and sold at the Winsted Herald Office,"Parodies, imitations",2,eng
/works/OL10314044W,1870,Quintilian,The tenth and twelfth books of the Institutions of Quintilian,,Appleton,Oratory,2,eng
/works/OL44634563W,1870,Sallust; Charles Anthon,Jugurthine war and conspiracy of Catiline,,Harper & Brothers,,1,eng
/works/OL683338W,1870,Theocritus,Idyllia,,C. Signorelli,Country life; Translations into English; Latin Pastoral poetry; Poetry,3,ita; gre
/works/OL481428W,1870,Titus Maccius Plautus,"T. Macci Plauti Captivi, Trinummus, et Rudens",,Harper & Brothers,,2,eng; lat
/works/OL42487596W,1870,Titus Maccius Plautus; Henry T. Riley,The comedies of Plautus,,Bell and Daldy,,1,eng; lat
/works/OL7742493W,1870,William John Hope-Edwardes,Prooimia ..,,Printed for private circulation at the University press [by C.J. Clay],Classical literature; Translations into English,1,gre
/works/OL16610470M,1871,,year with great preachers,,J. T. Hayes,"Sermons, Latin -- Translations into English -- Translations into English.; Sermons, English.",1,eng
/works/OL15055489W,1871,Augustine of Hippo,"The city of God, tr. and ed. by Marcus Dods",,Hafner Pub. Co.,Apologetics; Kingdom of God; History,3,eng
/works/OL15055795W,1871,Augustine of Hippo,The works of Aurelius Augustine,,T. & T. Clark,Theology; Early works to 1800; History,1,eng
/works/OL10328452W,1871,Cicero,The orations of Cicero against Catilina,,St. Martin's Press,,8,eng; lat
/works/OL17349011W,1871,Cicero,"Three books of Offices ; or, Moral duties",,Harper,,1,eng
/works/OL29273561W,1871,Cornelius Tacitus,The works of Tacitus,,Bell & Daldy,,1,eng
/works/OL27765463W,1871,David Thomas Morgan,Hymns of the Latin Church,,Privately printed [Chiswick Press],Latin Hymns; Translations into English; English Hymns; Translations into Latin; Hymns; Catholic Church,1,eng
/works/OL10424940W,1871,Francis Bacon,A harmony of the essays etc,,A. Constable,English essays; History and criticism,4,eng
/works/OL15732663W,1871,Francis Bacon,"A harmony of the essays, etc",,Edward Arber,English essays; History and criticism,2,eng
/works/OL42348328W,1871,Francis Bacon,"A harmony of the essays, etc. of Francis Bacon",,,English essays; History and criticism,1,eng
/works/OL15703428W,1871,Gaius Julius Caesar,Commentarii de Bello Gallico,,Whittaker,,1,eng; lat
/works/OL68272W,1871,Gaius Valerius Catullus,Poems and fragments,,Murray,"Love poetry, Latin",3,eng; lat
/works/OL7982142W,1871,Gaius Valerius Catullus,The Poems and Fragments of Catullus,,Echo Library,,2,eng; gre
/works/OL42693747W,1871,Julius Caesar; Aulus Hirtius,Cæsar's Commentaries on the Gallic and civil wars,,Harper & Brothers,History,1,eng
/works/OL44201563W,1871,Julius Caesar; Charles Anthon,Caesar's Commentaries on the Gallic war,,Harper,History,1,eng
/works/OL3029661W,1871,Lactantius,The works of Lactantius,William Fletcher (Translator),T. & T.Clark,Theology; God; Early works to 1800; Christianity; Ancient Philosophy; History,5,eng; lat
/works/OL38740127W,1871,Ovid,Excerpta ex P. Ovidii Nasonis Carminibus,,Sheldon,,1,eng; lat
/works/OL20548839W,1871,Ovid,The Metamorphoses of Ovid,,Bell & Daldy,,1,eng
/works/OL10429785W,1871,Pope Gregory I,Regula pastoralis,,Kraus Reprint Co,,4,eng; ang
/works/OL2739689W,1871,Pope Gregory I; Bruno Judic; Floribert Rommel,Regula pastoralis,"Davis, Henry, 1866-1952, ed. and tr.",Published for the Early English Text Society by Oxford University Press,Pastoral theology; Catholic Church; Early works to 1800; English language; Early works to 1900; Texts; Incunabula; Grammar; Specimens; Ouvrages avant 1800,34,eng; fre; lat; und; fro; ang; ita
/works/OL15477016W,1871,Publius Vergilius Maro,The first six books of Virgil's Aeneid,,A.S. Barnes,Latin Epic poetry; Translations into English; Poetry; Aeneas (Legendary character); Legends,3,lat; eng
/works/OL16881995W,1871,Publius Vergilius Maro,"The works of Virgil, rendered into English prose with introductions, running analysis and an index",,Macmillan and co.,Latin Didactic poetry; Country life; Latin Epic poetry; Translations into English; Agriculture; Latin Pastoral poetry; Aeneas (Legendary character),1,eng
/works/OL47116W,1871,Publius Vergilius Maro,Virgil in English rhythm,"Singleton, Robert Corbet, 1810-1881, tr.",Bell and Daldy,Translations into English; Poetry; Latin Didactic poetry; Latin Pastoral poetry; Aeneas (Legendary character); Country life; Latin Epic poetry; Agriculture,2,eng
/works/OL44893330W,1871,Sallust; Lucius Annaeus Florus; Velleius Paterculus,"Sallust, Florus, and Velleius Paterculus",,Harper & Brothers,,1,eng
/works/OL16280558W,1871,Titus Livius,"Livy, books I-X",,Clarendon Press,,3,eng
/works/OL44678233W,1871,Virgil,The AEneïd of Virgil,,Harper & brothers,,1,eng
/works/OL20648454W,1872,Augustine of Hippo,"The works of Aurelius Augustine, Bishop of Hippo",,T. & T. Clark,Early church; Theology,1,eng
/works/OL15097059W,1872,Augustine of Hippo,Works,,T. & T. Clark,Collected works; Early church; Theology,1,eng
/works/OL19584221W,1872,Aulus Persius Flaccus; John Conington; Henry Nettleship,The satires of A. Persius Flaccus,,Clarendon Press,,2,eng
/works/OL679796W,1872,Desiderius Erasmus,The prayers of Erasmus,,John Hodges,Prayers,1,eng
/works/OL22095020W,1872,Heinrich Cornelius Agrippa von Nettesheim,Henrici Cornelii Agrippae ab Nettesheym à consiliis & archiuis inditiarii sacrae Caesareae maiestatis,,J. Mayer,Occultism,1,eng
/works/OL19666145W,1872,Horace,The Odes and Epodes of Horace,,"Longmans, Green, and Co.",Latin language materials,1,eng
/works/OL697158W,1872,Juvenal,Thirteen satires of Juvenal,"Owen, S. G. b. 1858. tr.",Gg. Olms,Latin Satire; Latin Verse satire; Poetry; Latin language materials,20,eng; lat
/works/OL97721W,1872,Ovid,"The Fasti, Tristia, Pontic Epistles, Ibis, and Halieuticon","Riley, Henry T. 1816-1878 tr.",George Bell,,2,eng; lat
/works/OL441959W,1872,Ovid,"The Fasti, Tristia, Pontic epistles, Ibis, and Halluticonof Ovid",,Bell & Daldy,,1,eng
/works/OL43416368W,1872,Ovid; J. H. Haydon,Ovid,,Harper,,2,eng
/works/OL15902600W,1872,P. Cornelius Tacitus,-- Annales,"Brodribb, William Jackson, 1829-1905, tr.",New American Library,Comparative Grammar; Readers; Early works to 1800; French; Sources; Latin language; open_syllabus_project; Germanic peoples; great_books_of_the_western_world; Biography,51,spa; ita; fre; lat; eng
/works/OL1108319W,1872,P. Cornelius Tacitus,Dialogus de oratoribus,,Allyn and Bacon,"Latin Dialogues; Ancient Oratory; Oratory; Oratory, ancient; Rhetoric, ancient; Dialogues latins; Eloquence antique; Retorica; Oratoria; Éloquence antique",36,eng; ger; spa; lat; ita; mul
/works/OL1512535W,1872,Publius Terentius Afer,Hauton timorumenos,,Macmillan,Translations into Spanish; Latin drama (Comedy); Continental european drama (dramatic works by one author); Criticism and interpretation,9,eng; mul; lat; spa
/works/OL13086529W,1872,Publius Vergilius Maro,The Æneid,"Dryden, John, 1631-1700, tr.",printed for J. Johnson,Poetry; Latin Epic poetry; Translations into English; Aeneas (Legendary character); Legends,7,lat; eng
/works/OL38851438W,1872,Quintilian,M. Fabi Quintiliani Institutionis oratoriae liber decimus,,Deighton Bell,Ancient Rhetoric; Oratory,2,eng; lat
/works/OL1090218W,1872,Thomas More,The wisdom and wit of Blessed Thomas More,,Burns & Oates,,2,eng
/works/OL15055647W,1873,Augustine of Hippo,On Christian doctrine ; The enchiridion,,T. & T. Clark,Bible; Apostles' Creed; Theology; Catechetics; Preaching; Hermeneutics,1,eng
/works/OL16837700W,1873,Cicero,Cicero's Tusculan disputations,,,Early works to 1800; Happiness,1,eng
/works/OL67536W,1873,Cicero,In Catilinam,,Hachette,"Speeches, addresses, etc., Latin; History; History and criticism; Sources; Oratory; Readers; Latin American literature; Translations into Spanish; Criticism and interpretation; Medieval and modern Latin literature",12,mul; lat; eng; fre
/works/OL43279W,1873,Ivan Sergeevich Turgenev,Dimitri Roudine,,J. Lovell,Classic Literature; Fiction; Translations into English; Social conditions,4,fre; eng
/works/OL441974W,1873,Ovid,"The heroi des, or, epistles of the heroines ; The amours",,Bell & Daldy,,1,eng
/works/OL44863483W,1873,Ovid; Thomas Clark; George William Heilig,"Selections from the Metamorphoses and Heroides of Publius Ovidius Naso, with a literal and interlineal translation on the Hamiltonian translation, as improved by Thomas Clark",,"C. Desilver, etc., etc.",,1,eng
/works/OL43394857W,1873,Quintilian; Henry S. Frieze,The tenth and twelfth books of the Institutions of Quintilian,,D. Appleton,Ancient Oratory,2,lat; eng
/works/OL6584651W,1873,Richard Claverhouse Jebb,Translations into Greek and Latin verse,,Deighton,Latin language; Greek language; Composition; Translations into Greek; Greek poetry; English poetry; Translations into Latin; Latin poetry; English literature; Translations,3,lat; eng; gre; grc
/works/OL43693949W,1873,Robert Bruce Boswell,"Metrical translations from Greek and Latin poets, and other poems",,King,Greek language; Metrics and rythmics; Latin language; Modern Greek poetry; Translations into English; Latin poetry; Translatins into English,1,eng
/works/OL18347299M,1873,Roger William Bede Vaughan,Ecclesia Christi,,Burns and Oats,Catholic Church -- Government.; Catholic Church -- England. -- Government.,1,eng
/works/OL27754852W,1873,Thomas Aquinas,The homilies of S. Thomas Aquinas upon the Epistles and Gospels for the Sundays of the Christian year,,J.T. Hayes,Sermons; Medieval Sermons; Festival-day sermons; Catholic Church,1,eng
/works/OL43478291W,1873,Titus Livius,"Livy, books XXI-XXIV",,,,1,eng
/works/OL43503305W,1873,Titus Livius,"Selections from the first five books of [his] Roman history, with the twenty-first and twenty-second books entire",,D. Appleton and co.,,1,eng
/works/OL481429W,1873,Titus Maccius Plautus,T. Macci Plauti Mostellaria,,P.C. Malling,,2,eng; lat
/works/OL3554900W,1874,Aulus Persius Flaccus,The satires of A. Persius Flaccus,"Conington, John, 1825-1869, tr.",Basil Blackwell,Latin Satire; Latin Verse satire; Poetry; Translations into English,9,eng; lat
/works/OL67489W,1874,Cicero,Cicero: select letters,,Clarendon Press,Correspondence; Briefwisseling; Latin Authors; Statemen; Latyns Skrywers; Staatsmanne,5,lat; eng
/works/OL15733497W,1874,Cicero,Pro lege Manilia,,Harvard University Press,"Speeches, addresses, etc.",6,mul; lat; eng
/works/OL16901733W,1874,Cicero,"Select orations of M.T. Cicero, accompanied with a Latin ordo, & illustrated with English notes, explanatory & critical",,H. Holt & company,,1,eng
/works/OL42952203W,1874,Francis Bacon,"Essays, or, Counsels, civil and moral",,Printed by R. Urie,Philosophy; Early works to 1800; Ethics,4,eng
/works/OL10307023W,1874,Gaius Julius Caesar,Gai Ivli Caesaris De bello Gallico,,"Ginn, Heath, & Co.",History,1,eng
/works/OL13060936W,1874,Gaius Julius Caesar,"Gai Ivli Caesaris De bello Gallico: Caesar's Gallic war, four books ..",,"Ginn, Heath Bros. & Co.",,1,eng
/works/OL16881934W,1874,Horace,The works of Horace rendered into English prose,,Macmillan and co.,Translations into English,1,eng
/works/OL248086W,1874,John Edwin Nixon,"Parallel extracts arranged for translation into English and Latin, with notes on idioms ..",,Macmillan and co.,Composition and exercises; Latin language,4,eng; lat
/works/OL697083W,1874,Juvenal,"The Satires of Decimus Junius Juvenalis, with a literal interlineal translation on the Hamiltonian system. With the life of Juvenal, by William Gifford",,C. Desilver,,1,eng
/works/OL44315220W,1874,Juvenal; William Gifford; Lewis Evans,"The satires of Juvenal, Persius, Sulpicia, & Lucililius",,Harper,,1,eng
/works/OL43639971W,1874,Marcus Tullius Cicero,The first and second philippic orations,,J. Parker and co.,,1,eng
/works/OL42908027W,1874,Mary Hillhouse,Hymns from the Latin,,"M. H. Mallory & Co., printers",Latin Hymns; Translations into English; English Hymns; Translations from Latin,1,eng
/works/OL44338687W,1874,P. Cornelius Tacitus,The works of Tacitus,,Harper & Brothers,,2,eng
/works/OL2739658W,1874,Pope Gregory I,Regulae pastoralis liber =,,James Parker,,1,eng
/works/OL2739621W,1874,Pope Gregory I,The dialogues of St. Gregory the Great,"W. P., tr.",Burns and Oates,Miracles; Christian saints; Early works to 1800; Immortality; Italian Saints,1,eng
/works/OL17627257W,1874,Publius Terentius Afer,The comedies of Terence,,Harper and brothers,,1,eng
/works/OL15237450W,1874,Publius Vergilius Maro,The poems of Virgil,,"Longmans, Green",Poetry; Translations into English; Latin Pastoral poetry; Readers; Aeneas (Legendary character); Latin language; Country life; Latin Epic poetry,9,lat; eng
/works/OL44487185W,1874,Titus Livius; Henry Lee-Warner,Extracts from Livy,,The Clarendon Press,,1,eng
/works/OL42984101W,1874,Titus Livius; John Robert Seeley,"Livy, books I-X",,The Clarendon Press,,1,eng
/works/OL67394W,1875,Cicero,Cicero's life and letters,,Chatto and Windus,,2,eng
/works/OL67539W,1875,Cicero,Philippicae,"Ker, Walter C. A. 1853-1929, tr.",Teubner,"Early works to 1800; Speeches, addresses, etc., Latin; Translations into English; Politics and government; Sources; Translations into Romanian; Latin language materials; Roman law; Antonius, marcus, 83 b.c.?-30 b.c.; Latin literature, translations into english",37,ger; eng; rum; lat; mul; ita
/works/OL43748672W,1875,Cornelius Tacitus,Historiae,,,,1,eng
/works/OL24948049W,1875,Francis Bacon,The essays of Lord Bacon,,"Longmans, Green & Co.",,1,eng
/works/OL4801800W,1875,Ludovico Maria Sinistrari,De la démonialité et des animaux incubes et succubes,Montague Summers (Translator),Dover Publications,Demonology; Spirituality; Doctrines; Early works to 1800; Catholic Church; Incubi; Succubi,25,lat; eng; fre; ita
/works/OL1108302W,1875,P. Cornelius Tacitus,Cornelii Taciti Historiarum libri qui supersunt,,B.G. Teubner,History,10,eng; lat
/works/OL20950742W,1875,Persius,Satires,,American Book,,2,eng
/works/OL16775078W,1875,Philip Stanhope Worsley,Poems and translations,,William Blackwood,English Hymns; Translations into English; Translations; English poetry; Latin Hymns,1,eng
/works/OL15237447W,1875,Publius Vergilius Maro,Poems,"Rhoades, James, 1841-1923, tr.",Encyclopædia Britannica,Translations into English; Poetry; Legends; Latin Didactic poetry; Latin Pastoral poetry; Aeneas (Legendary character); Country life; Latin Epic poetry; Agriculture,3,eng
/works/OL1153451W,1875,Quintilian,Quintilian's Institutes of oratory,"Watson, J. S. 1804-1884, tr.",Bell,Early works to 1800; Oratory,1,eng
/works/OL44683647W,1875,Sallust; Joseph Henry Allen; William Francis Allen,Gai Salusti Crispi De Catilinae coniuratione,,Ginn Bros.,History,1,eng; lat
/works/OL44838188W,1875,Titus Livius,Selections from the first five books of Livy's Roman history,,Appleton,,1,eng
/works/OL15308865W,1875,Titus Livius,The twenty-second book of Livy,,"Longmans, Green, and Co.",,1,eng
/works/OL20971638W,1876,Augustine of Hippo,The anti-pelagian works,"Holmes, Peter, 1815-1878, translator",T. & T. Clark,Pelagianism,1,eng
/works/OL12812819W,1876,Bernard of Cluny,"The rhythm of Bernard de Morlaix, monk of Cluny, on the celestial country",,J. T. Hayes,"English Hymns; Heaven; Hymns, English; Hymns, Latin; Latin Hymns; Translations from Latin; Translations into English; Religious poetry",2,eng
/works/OL67474W,1876,Cicero,M.T. Ciceronis In Gaium Verrem actio prima,,University press,,4,eng; lat; mul
/works/OL67417W,1876,Cicero,M.T. Ciceronis oratio pro L. Murena,,Cambridge University Press,,3,eng; lat
/works/OL10434586W,1876,Cicero,On oratory and orators,,Bell,Orations and oratory,3,eng
/works/OL24955795W,1876,Cornelius Tacitus,History,,Macmillan,History,1,eng
/works/OL15261586W,1876,Francis Sylvester Mahony,The final reliques of Father Prout (the Rev. Francis Mahony),,Chatto and Windus,Social life and customs; French ballads and songs; History and criticism; French poetry; Translations into English; English poetry; Translations into French; Italian poetry; Translations from Italian; Medieval and modern Latin poetry,2,eng
/works/OL13808768W,1876,Hadrian Emperor of Rome,"Translations, literal and free, of the dying Hadrian's address to his soul ..",,"Printed at the ""Chronicle"" office",Latin poetry; Translations into English; English poetry; Death,1,eng
/works/OL10719506W,1876,John M. Ashley,A promptuary for preachers,,J. T. Hayes,"English Sermons; Latin Sermons; Outlines, syllabi; Outlines, syllabi, etc; Sermons; Sermons, English; Sermons, Latin; Translations into English; Church year sermons; Translations from Latin",2,eng
/works/OL43199991W,1876,"Mahoney, Francis, 1804-1866;  Jerrold, Blanchard, 1826-1884",The final reliques of Father Prout,,Chatto and Windus,"Prout, Father, pseud.; Jesuits; Folk songs, French--History and criticism; French poetry--Translations into English; English poetry--Translations into French; Italian poetry--History and criticism; Italian poetry--Translations into English; English poetry; Latin poetry, Medieval and modern; French ballads and songs--History and criticism",1,eng
/works/OL12241879W,1876,P. Aelius Adrianus,"Translations, literal and free, of the dying Hadrian's address to his soul",,Chronicle Office,Latin poetry; Translations into English; English poetry; Translations from Latin,1,eng
/works/OL33127251W,1876,Publius Vergilius Maro,The Aeneids of Virgil,,Roberts Bros.,,1,eng
/works/OL15237236W,1876,Publius Vergilius Maro,The Æneids of Virgil,"Morris, William, 1834-1896, tr.",Roberts brothers,Latin Epic poetry; Translations into English; Poetry; Aeneas (Legendary character),1,und; eng
/works/OL44409854W,1876,Titus Livius,Extracts from Livy with English notes and maps by H. Lee-Warner,,Clarendon press,,1,eng
/works/OL34074875W,1876,Titus Livius,Livy,,"Creative Media Partners, LLC",,6,eng
/works/OL43153537W,1876,Titus Maccius Plautus,Comoediae,,Clarendoniano,,3,lat; eng
/works/OL39487808W,1876,Virgil,The Aeneid of Virgil,,publisher not identified,,1,eng
/works/OL67528W,1877,Cicero,Pro Archia,,Macmillan,"Speeches, addresses, etc., Latin; Homes and haunts; Oratory; Readers; Greek Poets; Intellectual life; Latin language",14,lat; por; ita; eng
/works/OL679929W,1877,Desiderius Erasmus,De civilitate morum puerilium,,Ex officina Henrici Loëi ...,Children; Conduct of life; Early works to 1800; Etiquette; Etiquette for children and teenagers; Medieval Etiquette; Savoir-vivre médiéval (Jusqu'à 1600),12,eng; ita; fre; lat
/works/OL15227338W,1877,Desiderius Erasmus,The Apophthegmes of Erasmus,,R.Roberts,Aphorisms and apothegms; Latin Quotations,3,lat; eng
/works/OL69414W,1877,Francis Bacon,"The works of Lord Bacon, moral and historical",,Ward,English Philosophy,2,eng
/works/OL893957W,1877,Gustave Flaubert,Trois contes,"Whitehouse, Roger, tr.",Catedra,"Classic Literature; Fiction; French language; Programmed instruction; Translations into English; French language materials; French literature, translations into english; Continental european fiction (fictional works by one author); Manners and customs; Flaubert, gustave, 1821-1880",155,cat; spa; ger; fre; dut; und; eng
/works/OL44493239W,1877,Horace; Juvenal; O.,Translations,,"Hatchards, publishers",,1,eng
/works/OL20653831W,1877,Lucius Annaeus Seneca,"Treatises On providence, On tranquillity of mind, On shortness of life, On happy life",,Harper & Brothers,,1,eng
/works/OL16540585W,1877,N. B. Smithers,Translations of Latin hymns of the middle ages,,James Kirk & Sons,Translations into English; Latin Hymns,1,eng
/works/OL32819682W,1877,Nathaniel B. Smithers,Translations of Latin hymns of the middle ages,,"J. Kirk & Sons, printers",Latin Hymns; Translations into English; English Hymns; Translations from Latin,3,lat; eng
/works/OL1108106W,1877,P. Cornelius Tacitus,Agricola and Germany and the Dialogue on Oratory,,Macmillan,Germanic peoples; History,1,eng
/works/OL15304351W,1877,Poggio Bracciolini,Facetiae,"Hurwood, Bernhardt J., tr.",A. Sommaruga,Medieval Wit and humor,17,fre; eng; lat; ita
/works/OL16280198W,1877,Publius Vergilius Maro,Translation of the Sixth Book of Virgil's Eneid,,Chapman,,2,eng; lat
/works/OL102298W,1877,Seneca the Younger,"Treatises On providence, On tranquillity of mind, On shortness of life, On happy life",,Harper & Brothers,,3,eng
/works/OL44091310W,1877,Titus Maccius Plautus; John Proudfit,The captives,,Harper & brothers,,1,eng
/works/OL19691985W,1877,Wynnard Hooper,Gesta Romanorum,,G. Bell & Sons,"Christian literature, Latin (Medieval and modern); Translations into English",2,eng
/works/OL67529W,1878,Cicero,Somnium Scipionis,"Kleist, James A. b. 1873 ed. and tr.",Gruppo editoriale internazionale,Early works to 1800; Conduct of life,17,grc; eng; spa; mul; ita; lat
/works/OL44294292W,1878,Cicero,The four orations against Catiline,,J. Parker and co.,,1,eng
/works/OL67454W,1878,Cicero,Treatises,"Yonge, Charles Duke, 1812-1891, tr.",G. Bell,Early works to 1800; Fate and fatalism; Political science; Roman Gods; Law; Divination; Theology,2,eng
/works/OL16266873W,1878,Gaius Julius Caesar,The vade mecum of the Latinist,,H. Holt and company,Latin language; Readers,1,eng
/works/OL88210W,1878,Horace,Q. Horati Flacci opera,,Clarendon Press,Latin Laudatory poetry; Latin Verse satire; Latin Epistolary poetry,20,lat; eng; mul
/works/OL9707493W,1878,John Wilson Ross,Tacitus And Bracciolini The Annals Forged In The Xvth Century,,Franklin Classics,,10,eng
/works/OL44336101W,1878,Julius Caesar,"A word for word rendering into English of C. Julii Caesar commentarii de bello gallico, Book I, to accompany ""Talks with Caesar, De bello gallico"" by L. Sauveur",,"F.W. Christern, etc., etc.",,1,eng
/works/OL15236593W,1878,Juvenal,Thirteen satires,,Macmillan,,2,eng
/works/OL38615855W,1878,Marcus Tullius Cicero,Philippic orations of M. Tullius Cicero,,At the Clarendon Press,,1,lat; eng
/works/OL1499225W,1878,Pliny the Younger,Selected letters of Pliny,,D. C. Heath,"Correspondence; Authors, biography; Pliny, the younger, 62?-113",13,ukr; lat; eng
/works/OL1499219W,1878,Pliny the Younger,The letters of Caius Plinius Caecilius Secundus,"Melmoth, William, 1710-1799, tr.",G. Bell,Correspondence; Translations into English; Latin letters,7,lat; eng
/works/OL6584650W,1878,Richard Claverhouse Jebb,Translations,,Bell,Greek literature; Latin literature; Translations into English; Classical philology; Composition; Classical literature; Translations into Greek; English literature; Translations into Latin; Translations,4,gre; eng; lat
/works/OL936119W,1878,Sallust,Sallust's Catiline with explanatory notes and a special vocabulary,,D. Appleton and Company,History; Latin language; Readers,1,lat; eng
/works/OL102288W,1878,Seneca the Younger,L. Annaei Senecae opera quae supersunt,,Teubner,Latin literature; Stoics; Ancient Philosophy,4,lat; eng
/works/OL12995026W,1878,Tertullian,The  five books ... against Marcion,,Clark,,1,eng
/works/OL17593806W,1878,Walter K. Kelly,Erotica,"Halhed, Nathaniel Brassey, 1751-1830, translator",George Bell & Sons,Classical literature; Translations into English; Translations from classical literature; English literature; Erotic literature,1,eng
/works/OL24451004W,1879,Alfred John Church; William Jackson Brodribb; Cornelius Tacitus,The Agricola and Germania of Tacitus,,Franklin Classics,,5,lat; eng
/works/OL15733510W,1879,Cicero,The correspondence of M. Tullius Cicero,,"Hodges, Figgis, & Co.",Correspondence; Statesmen; Latin Authors,10,lat; eng
/works/OL10434636W,1879,Cicero,The letters to his friends,W.G. Williams (Translator),Nella Stamperia di Giovanni Zempel,"Correspondence; Statesmen; Latin Authors; Latin language materials; Early works to 1800; Political campaigns; Greek letters; Latin letters; Cicero, marcus tullius; Statesmen, italy",44,ita; fre; lat; eng; mul
/works/OL38659158W,1879,Cornelius Tacitus,"The Agricola and Germania of Tacitus with a revised text, English notes, and maps",,Macmillan and co.,History; Germanic peoples,1,eng
/works/OL15333104W,1879,Francis Bacon,"Essays, and Colours of good and evil",,Macmillan,English essays; Good and evil; Good and evil.,7,eng
/works/OL68284W,1879,Gaius Valerius Catullus,Select poems of Catullus,,Macmillan,"Love poetry, Latin",7,lat; eng
/works/OL35348600W,1879,Gaius Valerius Catullus; T. Hart-Davies,Catullus,,Kegan Paul,,2,eng
/works/OL52429W,1879,Henrik Ibsen,Et dukkehjem,,Philipp Reclam jun. Stuttgart,Drama; Wives; Translations from Norwegian; Husband and wife; English drama; Translations into English; Norwegian drama; Marriage; Women's rights; Women,14,ger; dan; wel; mon; nor; eng
/works/OL15097831W,1879,Horace,"The works of Horace, rendered into English prose, with introductions, running analysis, notes, and an index by James Lonsdale and Samuel Lee","Lee, Samuel 1837-1892, jt. tr.",Macmillan,,1,eng
/works/OL38809198W,1879,J. E. Nixon,"Parallel extracts arranged for translation into English and Latin, with notes on idioms",,Macmillan and Co.,Latin language; Composition and exercises,1,eng; lat
/works/OL15373639W,1879,John Edwin Nixon,Parallel extracts arranged for translation into English and Latin,,Macmillan,Latin language; Composition,1,lat; eng
/works/OL1683471W,1879,Lorenzo Valla,De falso credita et ementita Constantini donatione declamatio,,University of Toronto Press in association with the Renaissance Society of America,Church and state; Constitutum Constantini; Controversial literature; Early works to 1800; Forgery of manuscripts; Monastic and religious life; Popes; Temporal power; Renaissance,9,lat; eng; fre
/works/OL2241467W,1879,Marcus Valerius Martialis,Select epigrams from Martial for English readers,,Macmillan,Latin Epigrams,1,lat; eng
/works/OL42476575W,1879,"More, Thomas Sir, Saint; J. Rawson Lumby; Ralph Robinson",More's Utopia,,The University Press,Utopias,3,eng
/works/OL97770W,1879,Ovid,Selections from Ovid,,Clarendon Press,"Problems, exercises; Poetry; Readers; Latin language; In literature",12,eng; lat
/works/OL38992617W,1879,Poggio Bracciolini,The facetiae or jocose tales of Poggio,,I. Liseux,Medieval Wit and humor,1,eng
/works/OL15237083W,1879,Publius Vergilius Maro,"Aeneid, books 5 to 12, with English notes",,Whittaker,,1,eng
/works/OL47131W,1879,Publius Vergilius Maro,"Bucolica, Georgica, Aeneis",,"[apud Franciscum Rampazetum, expensis Melchioris Sessae",Poetry; Latin Pastoral poetry; Latin Didactic poetry; Country life; Latin Epic poetry; Agriculture; Aeneas (Legendary character),4,eng; lat
/works/OL16854950W,1879,Publius Vergilius Maro,The Æneid of Virgil,,"Lockwood, Brooks & company",Latin Epic poetry; Translations into English; Poetry; Aeneas (Legendary character),1,eng
/works/OL253324W,1879,Roger William Bede Vaughan,Science and religion,,P.J. Kenedy,Apologetics; History; Religion and science; Catholic Church; Apologetics works; Faith and reason,3,eng
/works/OL18075723W,1879,Sidney J. H. Herrtage,The Early English Versions of the Gesta Romanorum,,"Pub. for the Early English Text Society, by N. Tru bner & Co.","Early works to 1800; Christian literature, Latin (Medieval and modern); Didactic literature, Latin (Medieval and modern); Translations into English; Medieval Tales; Exempla; Latin Tales; Translations into Middle English",1,eng; enm
/works/OL546820W,1879,Thomas Aquinas,The Bread of life,,Burns & Oates,Lord's Supper; Meditations; Early works to 1800,2,eng
/works/OL44298063W,1879,Titus Maccius Plautus; C. S. Harrington,"T. Macci Plauti Caprivi, Trinummus, et Rudens",,Harper & Brothers,,1,eng
/works/OL33108012W,1880,Bernard of Cluny,"The rhythm of Bernard de Morlaix in English, on the heavenly country",,[publisher not identified],"Christian poetry, Latin (Medieval and modern); Translations into English",1,eng
/works/OL16727155W,1880,Cicero,Academics,,Macmillan,,1,eng
/works/OL16093744W,1880,Cicero,S. Roscius Amerinus,,A.T. Shrimpton,,1,eng
/works/OL15727940W,1880,Cicero,The Academics of Cicero,,Macmillan,,4,eng
/works/OL43531968W,1880,Cornelius Tacitus; Clifford Herschel Moore; John Jackson,Tacitus,,W. Heinemann,History,2,eng; ger
/works/OL11957618W,1880,David Thomas Morgan,Hymns and Other Poetry of the Latin Church,,Rivingtons,Hymns; Latin Hymns; Translations into English; English Hymns; Catholic Church; Church of England; Translations from Latin,1,eng
/works/OL44408705W,1880,Horace; Joseph Currie,Works of Horace,,W. Blackwoods,,3,eng
/works/OL697105W,1880,Juvenal,Selections from the Satires of Juvenal,,Eldredge & brother,,1,eng
/works/OL11020457W,1880,Pliny the Younger,"Pliny's letters, Book III",,Macmillan and Co,,3,eng
/works/OL2739677W,1880,"Pope Gregory I; Benedict Saint, Abbot of Monte Cassino.; Saint Gregory",The life and miracles of St. Benedict,,R. Wasbourne,Biography; Christian saints; Benedictines; Saints,3,lat; eng
/works/OL2739678W,1880,Pope Gregory I; Gregory,De vita et miraculis venerabilis Benedicti,"McMahon, Aurelius, father, 1819-1882, tr.",Printed by J. Murphy,"Benedictines; Biography; Christian saints; Rules; Monasticism and religious orders; Early works to 1800; Benedict; Benedict, saint, abbot of monte cassino; Italy, biography; Saints, biography",4,lat; eng; ger
/works/OL1512476W,1880,Publius Terentius Afer,Three of the Comedies,,D. McKay,,1,eng
/works/OL47128W,1880,Publius Vergilius Maro,P. Vergili Maronis Aeneidos,,University Press,,3,eng; lat
/works/OL15237446W,1880,Publius Vergilius Maro,"The Eclogues, Georgics And Moretum Of Virgil",,Eldredge & Brother,Poetry; Country life; Latin Pastoral poetry; Agriculture; Latin Didactic poetry,4,lat; eng
/works/OL47111W,1880,Publius Vergilius Maro,Translation of the first four books of the Aeneis of P. Vergilius Maro,,[The Editor],,2,eng
/works/OL16280197W,1880,Publius Vergilius Maro,Translation of the first four books of the Aeneis of P. Vergilius Maro: with other poetical devices thereto annexed.  (June) 1582,"Stanyhurst, Richard, 1547-1618, tr.",Sine nomine,Poetry; Latin Epic poetry; Translations into English; Aeneas (Legendary character); Legends,2,eng
/works/OL15237367W,1880,Publius Vergilius Maro,Translation of the first four books of the Æneis of P. Virgilius Maro,,[The editor],,1,eng
/works/OL27773061W,1880,Roger William Bede Vaughan,Pastorals and speeches on education,,E.F. Flanagan,Education; Pastoral letters and charges; Catholic Church,1,eng
/works/OL17328020W,1880,Seneca the Younger,"Seneca's morals, by way of abstract",,Lippincott,Conduct of life; Stoics,1,eng
/works/OL9434101W,1880,St. Gregory The Great; Andrea Vaccari; Edmund John Luck,The Life And Miracles Of St. Benedict,,R. Washbourne,"Benedict of Nursia, Saint, c.480-c.550",4,eng
/works/OL7982117W,1880,Thomas More,More's Utopia,Ralph Robinson (Translator),"Kessinger Publishing, LLC",Utopias; Early works to 1800; Consolation,7,eng
/works/OL43781350W,1880,Titus Livius; John King Lord,"Livy, books XXI and XXII",,Macmillan and Co.,,2,lat; eng
/works/OL24972630W,1880,Titus Lucretius Carus,On the nature of things (De Rerum Natura),,G. Routledge & Sons,,1,eng
/works/OL38747330W,1880,Titus Maccius Plautus,T. Macci Plauti Captivi,,W.S. Sonnenschein and Allen,,1,eng
/works/OL17595161W,1880,Titus Maccius Plautus,The Mostellaria of Plautus,,Allyn,,1,lat; eng
/works/OL38877095W,1880,Virgil,Translation of the first four books of the Aeneis of P. Virgilius Maro,"Stanyhurst, Richard, 1547-1618, translator",The Editor,,1,eng
/works/OL42515255W,1880,Virgil; John Dryden,The works of Virgil,,Martin and Bain,,2,eng; lat
/works/OL42483518W,1880,Virgil; Richard Stanyhurst; Edward Arber,Translation of the first four books of the Aeneis of P. Vergilius Maro,,A. Constable,,2,eng
/works/OL267110W,1880,Лев Толстой,Крейцерова соната,"Tucker, Benjamin Ricketson, 1854-1939, tr.",Fawcett,Translations into English; Man-woman relationships; Jealousy; Fiction; Continental european fiction (fictional works by one author); Classic Literature; Marriage; Arts and society; Children's fiction; Crime,141,eng; fre; chi; ger; spa; ukr; yid; rus; guj; ita; pan; urd; cat; swe; hin
/works/OL166973W,1880,Фёдор Михайлович Достоевский,Идіотъ,"Qiu, Guang, translator",Картя Молдовавеняскэ,Russia in fiction; Fiction; Social conditions; Social life and customs; Russian fiction; Translations into English; Russia; Classic Literature; Continental european fiction (fictional works by one author); Television adaptations,277,spa; ita; ger; fre; rus; yid; pol; jpn; por; chi; fin; lit; dan; eng; pan
/works/OL15055492W,1881,Augustine of Hippo,Coelestia,,C. Kegan Paul...,Mysticism; Theology,1,eng
/works/OL15733517W,1881,Cicero,Cicero,L. H. G. Greenwood (Translator),Penguin Classics,"Oratory; Ancient Rhetoric; Correspondence; Early works to 1800; Translations into English; Speeches, addresses, etc., Latin; Old age; History; Stoics; Philosophy",64,eng; ita; mul; lat
/works/OL15742535W,1881,Cicero,Oration on behalf of the poet Archias,,Canada Pub. Co.,,2,lat; eng
/works/OL69426W,1881,Francis Bacon,History of the reign of King Henry VII,,Cambridge University Press,History,6,eng
/works/OL5216119W,1881,Francis Sylvester Mahony,The works of Father Prout (the Rev. Francis Mahony),,G. Routledge and sons,English literature; Latin poetry; Social life and customs; Translations into English; Medieval and modern Latin poetry; French Folk songs; History and criticism; French Ballads; French poetry; Italian poetry,3,eng
/works/OL15705684W,1881,Gaius Julius Caesar,"""Bellum Britannicum"", De bello Gallico, IV. 20-30, V. 8-23",,Gage,,1,eng; lat
/works/OL15428022W,1881,Gaius Julius Caesar,"Caesar's ""Bellum britannicum""",,W.J. Gage & Co.,Textbooks; Latin language; History,1,eng; lat
/works/OL1150537W,1881,Gaius Julius Caesar,Caesar's Bellum britannicum,,the copp clark company limited,History; Textbooks; Latin language; Latin literature,4,eng
/works/OL9079770W,1881,Gaius Julius Caesar,The First [-seventh] Book of Caesar's Gallic War,,"Longmans, Green & co.",,1,eng
/works/OL2239408W,1881,Joris-Karl Huysmans,En ménage,,Fasquelle,Translations from French; Translations into English; Fiction in English; French fiction; Classic Literature; Fiction; French literature; Prefaces; Criticism and interpretation,24,eng; fre
/works/OL39438514W,1881,Julius Caesar,Caesar's Bellum britannicum,,"Copp, Clark",,2,eng; lat
/works/OL39438087W,1881,Marcus Tullius Cicero,Oration on behalf of the poet Archias,,Canada Pub. Co.,,1,eng; lat
/works/OL43432103W,1881,Marcus Tullius Cicero; Albert Watson; W. W. How,Cicero,,The Clarendon Press,,2,eng; lat
/works/OL6021521W,1881,Mary Francis Cusack,Cloister Songs and Hymns for Children,,M.H. Gill,Irish Hymns; Translations into English; Latin Hymns,1,eng
/works/OL13551087W,1881,Nathaniel Barratt Smithers,Translations of Latin Hymns of the Middle Ages,,"J. Kirk & Sons, printers",Latin Hymns; Translations into English; English Hymns; Translations from Latin,1,lat; eng
/works/OL97769W,1881,Ovid,Ibis,,E Typographeo Clarendoniano,"Poetry; Blessing and cursing; Enemies (Persons); Enemies; Love poetry, Latin; Love-letters",13,lat; eng; fre; spa; mul; ger
/works/OL13103968W,1881,P. Cornelius Tacitus,The life of Agricola and Germany,,"Ginn, Heath & co.",,1,eng
/works/OL15438654W,1881,Publius Vergilius Maro,"Bucolica, Georgica, Aeneis, the works of Virgil",,"Longmans, Green",,2,eng
/works/OL13086530W,1881,Publius Vergilius Maro,"The Æneid of Virgil: With English Notes, Critical and Explanatory; a Metrical Clavis, and an ..",,W. Reeves,Latin Epic poetry; Translations into English; Legends; Aeneas (Legendary character),1,eng
/works/OL15237383W,1881,Publius Vergilius Maro,Vergil's Æneid,"Howland, George, 1824-1892, tr.",D. Appleton,Latin Epic poetry; Translations into English; Poetry; Aeneas (Legendary character),1,eng
/works/OL523972W,1881,"Saint Ambrose, Bishop of Milan","The letters of S. Ambrose, Bishop of Milan",,J. Parker,Correspondence; Bishops,2,lat; eng
/works/OL44279864W,1881,Titus Livius,The illustrated history of Rome,,Gebbie,,1,lat; eng
/works/OL481470W,1881,Titus Maccius Plautus,Miles gloriosus,,Weidmann,"Drama; Soldiers; Plautus, titus maccius; Greek drama, history and criticism",19,eng; ita; ger; lat
/works/OL481439W,1881,Titus Maccius Plautus,The Miles gloriosus of T. Maccius Plautus,,Macmillan and co.,,3,eng
/works/OL43850466W,1882,Alfred John Church; Titus Livius,Stories from Livy,,"Dodd, Mead",,1,eng
/works/OL12294319W,1882,Augustine Wirth,New Lenten sermons,,The translator,"Catholic Church; English Sermons; German Sermons; Lenten sermons; Sermons; Sermons, English; Sermons, German",1,eng
/works/OL16093001W,1882,Augustine Wirth,"New Lenten sermons, translated from the German",,The translator,Catholic Church; German Sermons; Sermons; Translations into English. [from old catalog]; Lenten sermons,1,eng
/works/OL44396501W,1882,Charles Gipps Prowett,Translations and original pieces,,"Deighton, Bell",English poetry; Translations; Latin poetry; Translations into English,1,eng
/works/OL15217891W,1882,Cicero,M. Tulli Ciceronis pro P. Cornelio Sulla,,Cambridge at the University Press,,2,lat; eng
/works/OL16837790W,1882,Cicero,Selection orations ...,,,"Translations into English; Speeches, addresses, etc., Latin",1,eng
/works/OL15078385W,1882,Cicero,The speech for Cluentius,,J. Thornton,,2,eng
/works/OL15218222W,1882,Cicero,The speech of Cicero for Cluentius,,J. Thor̄nton,,1,eng
/works/OL44066910W,1882,George Henry Jennings; W. S. Johnstone,Half-hours with Greek and Latin authors,,Appleton,Greek literature; Latin literature; Translations into English,1,lat; grc; eng
/works/OL16881931W,1882,Horace,The works of Horace with English notes...,,,Latin language; Poetry; Readers,1,eng
/works/OL19766901W,1882,Juvenal,D. Iunii Iuvenalis Satirae,,Trübner,,1,eng
/works/OL697069W,1882,Juvenal,"Juvenal, Persius, Martial and Catullus",,"K. Paul, Trench & co.",,1,eng
/works/OL15236590W,1882,Juvenal,"Satirae, with a literal English prose translation and notes by John Delaware Lewis",,Macmillan,,2,eng
/works/OL43510235W,1882,Juvenal; John Delaware Lewis,Satirae,,Macmillan,,1,eng
/works/OL19820518W,1882,Juvenal; John E. B. Mayor,Thirteen Satires of Juvenal,,J. Allyn,,1,eng
/works/OL42804054W,1882,Lucius Annaeus Seneca; Lucilius Iunior; Roger L'Estrange,"Seneca's Morals of a happy life, benefits, anger and clemency",,Cornelius H. Shaver,Conduct of life,1,eng
/works/OL442205W,1882,Ovid,Selections from the poems of Ovid,,D. Appleton and Company,Latin Love poetry; Latin Didactic poetry; Latin Epistolary poetry; Latin Fables,2,eng
/works/OL16200239W,1882,P. Cornelius Tacitus,History,,Macmillan,History,1,eng
/works/OL16899529W,1882,P. Cornelius Tacitus,The annals,,Macmillan,,1,eng
/works/OL1499208W,1882,Pliny the Younger,Select letters,,"Longmans, Green",,1,eng
/works/OL16226118W,1882,Pliny the Younger,Selections from the Letters of the Younger Pliny,,Allyn and Bacon,Correspondence,3,lat; eng
/works/OL1512423W,1882,Publius Terentius Afer,P. Terenti Adelphoe,"Colman, George, 1732-1794. tr.",,,1,eng
/works/OL32982034W,1882,Publius Vergilius Maro,The works of P. Virgilius Maro,,David McKay,Translations into English; Poetry; Latin Pastoral poetry; Latin Didactic poetry; Country life; Agriculture; Latin Epic poetry; Legends,1,eng
/works/OL15237429W,1882,Publius Vergilius Maro,"The works of P. Virgilius Maro, including the æneid, Bucolics and Georgics, with the original text reduced to the natural order of construction, and an interlinear translation, as nearly literal as the idiomatic difference of the Latin and English languages will allow",,D. McKay,,1,eng
/works/OL15225199W,1882,Sallust,The Catiline and Jugurtha of Sallust,,Macmillan,"Jugurthine War, 111-105 B.C.; History",2,eng
/works/OL15223020W,1882,Seneca the Younger,"Seneca's morals of a happy life, benefits, anger and clemancy",,"Belford, Clarke & co.",,1,eng
/works/OL102278W,1882,Seneca the Younger,"Seneca's morals of a happy life, benefits, anger and clemency","L'Estrange, Roger, Sir, 1616-1704 tr.","Belford, Clarke & co.",Conduct of life; Stoics,2,eng
/works/OL313299W,1882,Teresa of Avila; F. Benedict Zimmerman; The Beneditines Of Stanbrokk,Castillo interior o las moradas,Benedictines of Stanbrook (Translator),SCM Press,Spiritual life; Catholic Church; J; Early works to 1800; Mysticism; Doctrines; Prayer books; Conduct of life; Visions; Christian life,117,fre; eng; spa
/works/OL29269333W,1882,Titus Livius,Livy's Roman history,,Americna Book,History,1,eng
/works/OL481398W,1882,Titus Maccius Plautus,"Captivi, Trinummus, et Rudens",,Harper,,2,eng; lat
/works/OL44052789W,1882,Titus Maccius Plautus; E. A. Sonnenschein,T. Macci Plauti Captivi,,W. Swan Sonnenschein & co.,,2,lat; eng
/works/OL39438672W,1882,Virgil,The works of P. Virgilius Maro,,D. McKay,Translations into English; English; Latin Epic poetry; Poetry; Latin Didactic poetry; Latin Pastoral poetry; Agriculture; Country life; English National characteristics; Anglais,1,eng
/works/OL44834578W,1882,Virgil; Levi Hart; V. R. Osborn,The works of P. Virgilius Maro,,D. McKay,Latin language,1,eng
/works/OL495673W,1883,Augustus Emperor of Rome; Robert S. Rogers; Kenneth Scott,Res Gestae,,Wayne State Univ Pr,"History; Latin language; Problems, exercises; Readers; European history: BCE to c 500 CE; Ancient Rome; Literature: Classics; Classical literature, translations into english",7,grc; ita; lat; eng
/works/OL35989W,1883,Benedictus de Spinoza; Wolfgang Bartuschat,Ethica,"Stern, J., tr.",Fisher Unwin,"Correspondence; Philosophers; God; Prejudices; Morale; Early works to 1800; Ethics; Modern Ethics; Spinoza, benedictus de, 1632-1677; Ethics, modern",75,mul; lat; ita; fre; eng; yid; chi; und; spa; ger
/works/OL1527356W,1883,Carlo Collodi,Le avventure di Pinocchio,"McSpadden, J. Walker 1874-1960, tr.",A. Mondadori,"Fantasy; Puppets; Fiction; Fairy tales; Children's stories, Italian; Latin language; Readers; dormice; ringmasters; glowworrms",431,eng; gle; tib; ita; per; rus; ger; ara; chi; fre; epo; lat; kaz; wel; vie; spa; por; dut
/works/OL67420W,1883,Cicero,M. Tulli Ciceronis Pro Publio Sestio,,Macmillan and Co.,Criticism and interpretation,3,mul; eng; lat
/works/OL38754659W,1883,Cornelius Tacitus,The histories of Cornelius Tacitus,,D. Appleton and Company,History,1,eng; lat
/works/OL43698307W,1883,Cornelius Tacitus; J. T. Champlin,Excerpta Tacitiana,,J. Allyn,,1,eng; lat
/works/OL18090915W,1883,David Young Comstock ; Gaius Julius Caesar,A First Latin Book: Designed as a Manual of Progressive Exercises and ...,,J. Allyn,"latin; Latin language; Grammar; Problems, exercises; History; Composition and exercises",1,lat; eng
/works/OL679720W,1883,Desiderius Erasmus,"The lives of Jehan Vitrier, warden of the Franciscan convent at St. Omer, and John Colet, Dean of St. Paul's, London",,G. Bell,,1,eng
/works/OL10424896W,1883,Francis Bacon,"The essays or counsels, civil and moral, of Francis Bacon",,McClurg,Aphorisms and apothegms,8,eng
/works/OL24948067W,1883,Francis Bacon,"The essays, or counsels civil and moral of Francis Bacon",,"Homewood Pub., Co.",,1,eng
/works/OL10424924W,1883,Francis Bacon,The promus of formularies and elegancies,,"Longmans, Green and Co",Authorship; Baconian theory,3,eng
/works/OL16899645W,1883,"Johnson, Franklin",The Dies irae,,Privately Printed,Translations into English; Dies irae (Music); Latin Hymns; History and criticism; Dies irae (Medieval Latin poem),1,lat; eng
/works/OL47107W,1883,Publius Vergilius Maro,A revised text of the poems of Vergil,,American Book Co.,"Poetry; Readers; Latin Pastoral poetry; Latin Didactic poetry; Aeneas (Legendary character); Dictionaries, indexes; Latin language; Country life; Latin Epic poetry; Agriculture",2,lat; eng
/works/OL15237121W,1883,Publius Vergilius Maro,An English version of the Eclogues,,Seeley,,1,eng
/works/OL15237122W,1883,Publius Vergilius Maro,An English version of the Eclogues of Virgil,"Palmer, Samuel, 1805-1881, illus. and tr.",Seeley & company,Country life; Translations into English; Latin Pastoral poetry; Poetry,1,eng
/works/OL44211996W,1883,Sallust; E. A. Andrews,"Sallust's History of the war against Jugurtha, and of the Conspiracy of Cataline",,"Houghton, Mifflin and Company","Jugurthine war, B.C. 111-105 B.C.; History",1,eng
/works/OL15404887W,1883,Suetonius,The lives of the twelve Cæsars,,Printed by Thomas Hodgkin,Early works to 1800; Emperors; Biography; History,3,eng
/works/OL1090229W,1883,Thomas More,History of King Richard III,,University Press,"History; Early works to 1800; Kings and rulers; Biography; Richard iii, king of england, 1452-1485; Correspondence; Sources; Politics and government; Intellectual life; Christian martyrs",7,eng
/works/OL1090212W,1883,Thomas More,More's History of King Richard III,,Cambridge University Press,,3,eng
/works/OL1261061W,1883,Titus Livius,"Livy, Book 21-25",,Macmillan,History,2,eng
/works/OL43781348W,1883,Titus Livius,Roman history,,D. Appleton and co.,,1,eng
/works/OL1261053W,1883,Titus Livius,The legendary history of Rome,"Baker, George, tr.",Gebbie & Co.,History,1,eng
/works/OL44795447W,1883,Titus Livius; Alfred John Church; William Jackson Brodribb,"Livy, books xxi-xxv",,Macmillan,"Punic War, 2nd, 218-201 B.C.",1,eng
/works/OL44012677W,1883,Virgil; James Lonsdale; Samuel Lee,The works of Virgil rendered into English prose,,Macmillan,Texas Rangers,1,eng
/works/OL42829816W,1883,Virgil; Samuel Palmer; A. H. Palmer,An English version of the eclogues of Virgil,,Seeley,Latin Pastoral poetry; Translations into English; English Pastoral poetry; Translations from Latin,1,eng
/works/OL20841808M,1884,,"Wine, women, and song",,Chatto and Windus,"Students' songs, Latin -- Translations into English.; Goliards.; English poetry -- Translations from Latin.",1,eng
/works/OL39004818W,1884,Augustine of Hippo,Seventeen short treatises,"Cornish, C. L., translator",W. Smith,,1,eng
/works/OL39440968W,1884,Augustine of Hippo,The confessions of S. Augustine ... A new translation,,,,1,eng
/works/OL19610853W,1884,Cato the Elder; Marcus Terentius Varro; Heinrich Keil,M. Porci Catonis De agri cultura liber,,in aedibus B. G . Teubneri,Agriculture; Early works to 1800,5,eng
/works/OL67387W,1884,Cicero,Cicero de amicitia,,"Little, Brown",,2,eng
/works/OL15078363W,1884,Cicero,De amicitia (on friendship) and Scipio's dream,,Little Brown,Friendship,1,eng
/works/OL24871686W,1884,Cornelius Tacitus,Annals,,Macmillan,History,2,eng
/works/OL69383W,1884,Francis Bacon,Bacon's essays and Wisdom of the ancients,,"Little, Brown, and company",Classical Mythology,2,eng
/works/OL38509550W,1884,Francis Bacon,"The essays or counsels, civil and moral of Francis Bacon",,David Scott,English essays,2,eng
/works/OL33055005W,1884,Francis Bacon,"The essays, or, Counsels civil and moral of Francis Bacon",,George Routledge and Sons,,1,eng
/works/OL10307083W,1884,Gaius Julius Caesar,Caesar's commentaries,"Clark, Thomas, 1787-1860, tr.",David McKay,Latin language; Latin literature; Readers,3,eng; lat
/works/OL15097833W,1884,Horace,The works of Q. Horatius Flaccus,,D. McKay,,1,eng
/works/OL61096W,1884,John Addington Symonds; Doug Brown; Hamish Brown,"Wine, women and song",,AMS Press,"English poetry; Goliards; Medieval and modern Latin poetry; Songs and music; Songs, Latin (Medieval and modern); Students' songs; Students' songs, English; Students' songs, Latin; Texts; Translations",44,lat; eng; chi
/works/OL2239396W,1884,Joris-Karl Huysmans,À rebours,John Howard (Translator),Fasqelle,"Aesthetics; Fiction; Fiction, general; Translations from French; Translations into English; Fiction in English; French fiction; Classic Literature; French Translations; Continental european fiction (fictional works by one author)",336,eng; ita; spa; ger; fre; dut; und
/works/OL43161899W,1884,Julius Caesar; James Hamilton; Thomas Clark,Caesar's commentaries,,David McKay,Julius Caesar; Study and teaching,1,lat; eng
/works/OL38729198W,1884,Marcus Tullius Cicero,Cicero's second Philippic,,Macmillan,Politics and government,1,lat; eng
/works/OL2241444W,1884,Marcus Valerius Martialis,Extracts from Martial,,"J.Thin, printer to the University",,1,eng
/works/OL38750414W,1884,Martial,Extracts from Martial,,"J.Thin, printer to the University",,1,eng
/works/OL43580390W,1884,"More, Thomas Saint; William Roper; J. Rawson Lumby","Utopia, the English translation thereof made by R. Robynson",,,,1,eng
/works/OL4955924W,1884,Nivardus; J. Mann; 12th Cent Nivardus,Ysengrimus,"Mierlo, J. van 1878- ed and tr.",Brill,"Animals; Fables, Latin (Medieval and modern); Fiction; Foxes; Poetry; Reynard the Fox (Legendary character); Translations into English; Translations into French; Wolves; Literary studies: classical, early & medieval",8,ger; lat; dut; eng; fre
/works/OL33192899W,1884,Persius,The satires of Aulus Persius Flaccus,,A.S. Barnes & Co.,Latin Verse satire,1,eng
/works/OL38750834W,1884,Sallust,C. Sallusti Crispi De coniuratione Catilinae liber ; De bello Iugurthino liber,,At the Clarendon Press,,1,lat; eng
/works/OL15225212W,1884,Sallust,Sallust's Catiline,,American Book Company,History; Latin language; Readers,3,lat; eng
/works/OL102327W,1884,Seneca the Younger,Dialogi,"Cardó, Carles, 1884-1959, ed. and tr.",Wohler,"Early works to 1800; Philosophy; Conduct of life; Translations into Italian; Dialogues, Latin; Ethics; Stoics; Filosofía; Consolation; Obras anteriores a 1800",37,cat; spa; ita; ger; fre; lat; eng; mul
/works/OL43989068W,1884,Titus Livius; Thomas Chase,"The histories of Livy, books I, XXI, and XXII, with extracts from books IX, XXVI, XXXV, XXXVIII, XXXIX, XLV",,Eldredge & Brother,History,1,lat; eng
/works/OL1548672W,1884,Titus Lucretius Carus,The scheme of Epicurus,Thomas C. Baring (Translator),"Kessinger Publishing, LLC",,4,eng
/works/OL44623600W,1884,Titus Maccius Plautus,"Rudens. As represented by the Ladies' Literary Society of Washington University, May 23, 1884",,,,1,eng
/works/OL10434635W,1885,Cicero,Letters of Cicero,"Shuckburgh, Evelyn S. (Evelyn Shirley), 1843-1906, translator",Rivingtons,"Correspondence; Translations into English; Statesmen; Latin Authors; Latin letters; Cicero, marcus tullius; Statesmen, italy; Authors, latin; Authors, correspondence",40,eng; fre; lat
/works/OL24983188W,1885,Cicero,[Select orations of Cicero],,,"Speeches, addresses, etc., Latin; Translations into English; History",1,lat; eng
/works/OL44351633W,1885,Cicero; J. W. Underwood; Thomas Clark,Select orations,,C. Desilver,,1,eng
/works/OL69434W,1885,Francis Bacon,Bacon's History of the reign of King Henry VII,,Cambridge U.P.,History,9,eng
/works/OL98174W,1885,Friedrich Nietzsche,Jenseits von Gut und Böse,"Kaufmann, Walter Arnold, ed. and tr.",Outlook Verlagsgesellschaft mbH,Ethics; Philosophy; Translations into English; Good and evil.; German Philosophy; Asceticism; Good and evil; Nonfiction; open_syllabus_project; Continental european drama (dramatic works by one author),415,eng; fre; ger; spa; ita
/works/OL38518227W,1885,J. E. Nixon,Prose extracts,,Macmillan,Latin language; Composition and exercises,1,lat; eng
/works/OL16883455W,1885,"Johnson, Franklin",The Stabat mater speciosa and the Stabat mater dolorosa,,D. Lothrop and Co.,Stabat mater dolorosa (Music); Translations into English; Latin Hymns; History and criticism,2,eng
/works/OL441967W,1885,Ovid,Four books of the Metamorphoses of Publius Ovidius Naso,,T.W. Hartley & co.,Poetry; Classical Mythology; Mythology; Metamorphosis; Latin Fables,1,eng
/works/OL97723W,1885,Ovid,"The Heroïdes; or, Epistles of the heroines; the Amours; Art of loving, Remedy of love, and minor works of Ovid","Riley, Henry T. 1816-1878 tr.",George Bell,"Love poetry, Latin; Love-letters",4,eng
/works/OL16200757W,1885,P. Cornelius Tacitus,Cornelii Taciti Annalium libri I-IV,,Clarendon press,,6,eng; lat; mul
/works/OL15083835W,1885,P. Cornelius Tacitus,The Agricola and Germania of Cornelius Tacitus,,A.S. Barnes & company,Latin language materials,1,eng
/works/OL1108104W,1885,P. Cornelius Tacitus,"The Agricola and Germania of Tacitus with a revised text, English notes, and maps",,Macmillan and co.,Germanic peoples; Early works to 1800,1,lat; eng
/works/OL44528224W,1885,P. Cornelius Tacitus,"The histories of Caius Cornelius Tacitus, with notes",,D. Appleton and co.,,1,eng
/works/OL44069511W,1885,P. Cornelius Tacitus; William Francis Allen,The life of Agricola and Germany,,"Ginn, Heath",,2,eng
/works/OL1257852W,1885,Pliny the Elder,The boys' and girls' Pliny,,G.P. Putnam's Sons,Animals; Juvenile literature; Natural history; Physical sciences,2,eng
/works/OL10314006W,1885,Quintilian,Institutes of oratory,,G. Bell,Oratory,1,eng
/works/OL18076568W,1885,Sallust,"The Jugurtha of Sallust, ed. by W.P. Brooke",,,,1,eng
/works/OL42347464W,1885,Seneca,Canoe and camp cookery,,Forest and Stream Pub. Co.,,1,eng
/works/OL20653458W,1886,Augustine of Hippo,A select library of the Nicene and Post-Nicene Fathers of the Christian church,,The Christian literature co.,Early Christian literature,1,eng
/works/OL16094081W,1886,Augustine of Hippo; Philip Schaff,A Select library of the Nicene and post-Nicene fathers of the Christian church Volume XIII,,Christian Literature Co.,Early Christian literature; Collections; Fathers of the church,1,
/works/OL32789019W,1886,Augustine of Hippo; Philip Schaff,A select library of the Nicene and post-Nicene fathers of the Christian church [1st series],,W.R. Eerdmans,Early Christian literature,4,eng
/works/OL17910331W,1886,Augustine of Hippo; Philip Schaff; Richard N. Longenecker,Nicene and post-Nicene fathers,,Hendrickson Pub,"Fathers of the church; Early Christian literature; Litterature chretienne primitive; Criticism, interpretation; Creeds in the Bible; Bible; Apostolic Fathers; Biblical concordances & commentaries; Biblical studies, criticism & exegesis; New Testament",16,eng
/works/OL10509457W,1886,Boethius,"Chaucer's ""Boece""",,Pub.for the Early English Text Society by N.Trübner & co.,,2,eng; enm
/works/OL1393126W,1886,Boethius,"Chaucer's ""Boece"" Englisht from Boethius's ""De Consolatione philosophiae""",,Johnson Reprint Corp,Medieval Philosophy; French language; Translating into English; Latin language,4,eng
/works/OL1393049W,1886,Boethius,"Chaucer's 'Boece' Englisht from ""Anicii Manlii Severini Boethii Philosophiae consolationis, libri quinque""",,Pub. for the Chaucer Society by N. Trübner,,1,eng
/works/OL1393110W,1886,Boethius,"Chaucer's 'Boece' Englisht from ""Anicii Manlii Severini Boethii Philosophiæ consolationis libri quinque.""","Chaucer, Geoffrey, d. 1400 tr.",Pub. for the Chaucer society by N. Trübner & co.,,2,eng
/works/OL1393124W,1886,Boethius,"Chaucer's 'Boece' Englisht from ""Anicii Manlii Severini Boetii Philosophiae consolationis, libri quinque""",,Pub. for the Chaucer Society by N. Trübner & Co,,3,eng
/works/OL1393050W,1886,Boethius,"Chaucer's 'Boece' Englisht from Boethius's ""De consolatione philosophiæ.""","Chaucer, Geoffrey, d. 1400 tr.",Pub. for the Chaucer society by N. Trübner & co.,,1,eng
/works/OL10328511W,1886,"Calverley, Charles Stuart",Translation into English and Latin,,G. Bell,English poetry; Latin poetry; Translations from Latin; Translations from English; Translations into English; Translations into Latin,1,
/works/OL10328481W,1886,Cicero,First oration of Cicero against Catiline,,Hinds & Noble,"Latin orations; Speeches, addresses, etc., Latin; Discours latins",5,lat; eng
/works/OL67452W,1886,Cicero,"Three books of offices, or Moral duties",,American Book Company,,2,eng
/works/OL20966625W,1886,Cornelius Tacitus,The Agricola and Germania,,Rarebooksclub Com,,2,eng
/works/OL69412W,1886,Francis Bacon,The wisdom of the ancients,,Cassell,Utopias; Greek Mythology,3,eng
/works/OL44873359W,1886,Gaius Valerius Catullus; William James Linton; Appledore Press,In dispraise of a woman,,Appledore Private Press,English Quatrains,1,eng; lat
/works/OL17860949W,1886,Horace,The odes and saecular hymn,"Duncan, Charles William, translator",Phillipson and Golder,,1,eng
/works/OL32029593W,1886,Horace,Translations from Horace and a few original poems,"De Vere, Stephen E. (Stephen Edward), Sir, 1812-1904, translator",G. Bell,,1,eng
/works/OL15236591W,1886,Juvenal,Saturae 13,,Macmillan,,2,eng
/works/OL38750511W,1886,Juvenal,Supplement to Mayor's edition of Juvenal Vol. 1,,Macmillan,,1,fre; grc; eng; lat
/works/OL3029660W,1886,Lactantius,The works..,,Clark,,2,eng
/works/OL16200573W,1886,P. Cornelius Tacitus,"The Agricola and Germania of Tacitus: With a Revised Text, English Notes, and Maps",,Macmillan,History,1,eng
/works/OL1108312W,1886,P. Cornelius Tacitus,The Germania of Tacitus,,Macmillan,Germanic peoples; Early works to 1800; History,6,mul; lat; eng
/works/OL8687088W,1886,Thomas Aquinas,St Thomas Aquinas Summa Theologica Volume 2,,Thomas More,Controversial literature; Catholic Church,4,eng; lat
/works/OL1090227W,1886,Thomas More,"The "" Utopia"" and the History of Edward v","Robinson, Ralph, b. 1521, tr.",W. Scott,Utopias; Early works to 1800,4,eng
/works/OL16734888W,1886,Titus Livius,"Books 21, 22, and 23",,Clarendon Press,,1,eng
/works/OL1261131W,1886,Titus Livius,The last two kings of Macedon,,Macmillan,,3,eng; lat
/works/OL42472936W,1886,Titus Lucretius Carus; Carlo Giussani; Ettore Stampini,T. Lucreti Cari De rerum natura libri sex,,G. Chiantore,Ancient Philosophy; Ancient Science; Latin Didactic poetry,6,ger; eng; lat
/works/OL18231217M,1887,,Corolla hymnorum sacrorum,,Estes and Lauriat,"Hymns, Latin -- Translations into English.; Hymns, English -- Translations.",1,eng
/works/OL42303937W,1887,,Victorian hymns,,"K. Paul, Trench",English Hymns; Latin Hymns; Translations into English,1,eng
/works/OL20972824W,1887,Augustine of Hippo,City of God [tr. by Marcus Dods] ; and Christian Doctrine [tr. by J.F. Shaw],"Dods, Marcus, 1834-1909, translator",Christian Literature Co.,,2,eng
/works/OL20972814W,1887,Augustine of Hippo,On the holy trinity ; Docrinal treatises ; Moral treatises,"Hadden, Arthur West, 1816-1873, translator",Christian Literature Co.,,2,eng
/works/OL20972816W,1887,Augustine of Hippo,The writings against the Manichaeans and against the Donatists,"Newman, Albert Henry, 1852-1933, translator",Christian Literature Co.,,2,eng
/works/OL15217712W,1887,Cicero,Ethical writings of Cicero,,"Little, Brown",,1,eng
/works/OL1150538W,1887,Gaius Julius Caesar,"Caesar's Bellum gallicum, (B.I., Chapters I.-XXXIII)",,"Copp, Clark",Textbooks; Latin literature; History,2,eng
/works/OL959862W,1887,Giordano Bruno; L. Williams; L. WILLIAMS,Gli eroici furori,"Memmo, Paul Eugene, 1918- ed. and tr.",University of North Carolina Press,Enthusiasm; Renaissance Philosophy; Early works to 1600; Early works to 1800; Ethics; Philosophical anthropology; Philosophy,49,rus; ita; eng; ger
/works/OL6668488W,1887,Henry Nettleship,Passages for translation into Latin prose,,G. Bell,Latin prose literature; Translating into Latin; Readers; History and criticism; Latin language; English language,2,eng
/works/OL1108859W,1887,Johann Amos Comenius,The Orbis pictus of John Amos Comenius,"Hoole, Charles, 1610-1667, tr.",Singing Tree Press,"Early works to 1800; Latin Reader; Latin language; Natural history; Problems, exercises; Readers; Picture books for children; Juvenile literature; Picture-books for children",4,eng; lat
/works/OL15465244W,1887,John Lord Hayes,Corolla hymnorum sacrorum,,Estes,Latin poetry; Latin Hymns; Translations into English,1,eng; lat
/works/OL44386569W,1887,Juvenal; Persius,The satires of Juvenal and Persius,,Harper & Brothers,,2,eng; lat
/works/OL33221258W,1887,Lucius Annaeus Seneca,The tenne tragedies of Seneca,,Printed for the Spenser Society by C.E. Simms,,1,eng
/works/OL38754496W,1887,Marcus Tullius Cicero,Select orations ...,,,,1,eng
/works/OL37795821W,1887,Martial,Selected epigrams,,Macmillan,,2,eng
/works/OL3284718W,1887,Philip Schaff; Augustine of Hippo,On the Holy Trinity Doctrinal Treatises Moral Treatises,,Eerdmans,"Christian ethics; Doctrinal Theology; Theology, Doctrinal; Trinity; Fathers of the church",5,eng
/works/OL1499221W,1887,Pliny the Younger,Selected letters,,Macmillan,,5,eng
/works/OL17819732W,1887,Publius Terentius Afer; Henry Thomas Riley,The Comedies of Terence,,Harper,,1,eng
/works/OL15237093W,1887,Publius Vergilius Maro,Aeneid IX,,Clarendon Press,Virgil; Aeneas (Legendary character) in literature; Latin Epic poetry; In literature,2,lat; eng
/works/OL16280210W,1887,Publius Vergilius Maro,Georgicon,,Macmillan,,2,eng; lat
/works/OL16510848W,1887,Publius Vergilius Maro,Virgil in English verse,,John Murray,Latin Epic poetry; Translations into English; Latin Pastoral poetry; Poetry; Aeneas (Legendary character),1,eng
/works/OL1153452W,1887,Quintilian,"Quintilian's Institutes of oratory, or, Education of an orator",,Bell,Oratory,1,eng
/works/OL17359837W,1887,Seneca the Younger,L. Annaeus Seneca On Benefits,,George Bell & sons,,2,lat; eng
/works/OL12862138W,1887,Seneca the Younger,On benefits,,The Floating Press,History; Nonfiction; Philosophy,2,eng
/works/OL15223033W,1887,Seneca the Younger,The tenne tragedies of Seneca translated into English in 1581,,Printed for the Spenser Society,,1,eng
/works/OL29268288W,1887,Thomas Aquinas,Summa theologica,,Ex Typographia Forzani,Doctrines; Doctrinal Theology; Catholic Church,5,ita; eng; lat
/works/OL1261118W,1887,Titus Livius,The twenty-third book of Livy,,Longmans,,2,lat; eng
/works/OL38741885W,1887,Titus Maccius Plautus,The comedies of Plautus literally translated into English prose,,G. Bell & Sons,,1,eng
/works/OL44765369W,1887,Titus Maccius Plautus; C. S. Harrington,T. Macci Plauti Captivi,,Harper & Brothers,,1,eng
/works/OL38747098W,1887,Virgil,Virgil in English verse,"Bowen, Charles Synge Christopher Bowen, Baron, 1835-1894, translator",Murray,Translations into English; Latin Pastoral poetry; Latin Epic poetry; Poetry,1,eng
/works/OL15088382W,1887,Лев Толстой,The Kreutzer sonata and other stories,"Duff, J.D.(Tr.)","Kessinger Publishing, LLC","Translations into English; Continental european fiction (fictional works by one author); Fiction, short stories (single author); British and irish fiction (fictional works by one author); Translations into Kannada; Russian Short stories; Fiction, general",150,kor; ger; yid; arm; amh; eng; ukr; tam; mar; kan; guj; rus; tel
/works/OL15698347W,1887,Лев Толстой,Казаки (Kazaki),Rosemary Edmonds (Translator),Academi,"Russian literature; Translations into English; Fiction; History; Cossacks; Social life and customs; Manners and customs; Continental european fiction (fictional works by one author); Soviet union, fiction; Fiction, historical",241,spa; ger; fre; mar; und; bul; eng; swe; rus
/works/OL20972828W,1888,Augustine of Hippo,Expositions on the Book of Psalms,,Christian Literature Co.,Commentaries; Bible,1,eng
/works/OL20972826W,1888,Augustine of Hippo,Homilies on the Gospel of John ; Homilies on the first Epistle of John ; Soliloquies,"Browne, Henry, 1804-1875, translator",Christian Literature Co.,,2,eng
/works/OL20972825W,1888,Augustine of Hippo,Sermon on the Mount ; Harmony of the Gospels ; Homilies on the Gospels,"MacMullen, R. G., translator",Christian Literature Co.,"Criticism, interpretation; Bible",2,eng
/works/OL917271W,1888,Aulus Gellius,Stories from Aulus Gellius,,Macmillan,,3,lat; eng
/works/OL17595735W,1888,Aulus Gellius,Stories selections & adaptions from the Noctes Atticae,,,,1,eng
/works/OL7111508W,1888,Charles Martial Allemand Lavigerie,Slavery in Africa,,"Cashman, Keating",Catholic Church; Slave trade; Slavery; Slavery and the church,1,eng
/works/OL43710862W,1888,Cornelius Tacitus; Alfred John Church; William Jackson Brodribb,The history of Tacitus,,Macmillan,History,2,eng
/works/OL15700155W,1888,Gaius Julius Caesar,"De bello Gallico, liber primus",,Williams,,1,lat; eng
/works/OL10307026W,1888,Gaius Julius Caesar,"The Gallic war, books I and II",,,,1,eng
/works/OL10307027W,1888,Gaius Julius Caesar,"The Gallic war, books III, IV and V",,at the Clarendon Press,,1,eng
/works/OL10307031W,1888,Gaius Julius Caesar,"The Gallic war, books VI, VII and VIII",,at the Clarendon Press,,1,eng
/works/OL10307070W,1888,Gaius Julius Caesar,The commentaries of C. Julius Caesar,,,,2,eng
/works/OL33068414W,1888,George Herbert,Three Latin poems for Holy Week,,Anson D. F. Randolph & Company,"Holy Week; Poetry; Christian poetry, Latin (Medieval and modern); Translations into English",1,eng
/works/OL52404W,1888,Henrik Ibsen,From Ibsen's workshop,"Chater, Arthur G., tr.",T. Knaur Nachf.,"Translations from Norwegian; Translations into Russian; English drama; Translations into English; Norwegian drama; Notebooks, sketchbooks; Manuscripts; Continental european drama (dramatic works by one author); Ibsen, henrik, 1828-1906; Drama",51,eng; yid; rus; ger
/works/OL16894738W,1888,John Ellerton,Hymns original and translated,,Skeffington & Son,English Hymns; Hymns; Church of England; Latin Hymns; Translations into English,2,eng
/works/OL16280204W,1888,Publius Vergilius Maro,"Aeneid, Book V",,Copp,"Mathematics, study and teaching",2,eng; lat
/works/OL1153454W,1888,Quintilian,The tenth and twelth books of the Institutions of Quintilian,,D. Appleton and Company,Early works to 1800; Oratory,1,eng
/works/OL32912815W,1888,Richard Francis Burton,"Priapeia, or, The sportive epigrams of divers poets on Priapus",,Erotika Biblion Society,Poetry; Phallicism; Latin Erotic poetry; Translations into English; Latin poetry,1,eng
/works/OL102310W,1888,Seneca the Younger,Prose,,"T. Whittaker; [etc., etc.]",Early works to 1800; Conduct of life; Ethics; Stoics,7,eng; lat
/works/OL17979167W,1888,Seneca the Younger,The morals of Seneca,,W. Scott,Conduct of life; Stoics,1,eng
/works/OL43847834W,1888,Titus Livius; Launcelot Downing Dowdall,"Livy, book XXII",,"Deighton, Bell","Punic War, 2nd, 218-201 B.C.; History",1,lat; eng
/works/OL26145907W,1889,Charles Duke Yonge; Cicero,Select Orations,,Harper & Brothers,,2,eng
/works/OL67517W,1889,Cicero,Pro Sestio,,Macmillan,"Speeches, addresses, etc., Latin; Sources; History",7,eng; lat
/works/OL10328463W,1889,Cicero,Second oration of Cicero against Catiline,,"Copp, Clark",Latin orations,4,lat; eng
/works/OL38753563W,1889,Cornelius Tacitus,Liber XIV Taciti Annalium,,Longmans,,1,eng
/works/OL43698243W,1889,Cornelius Tacitus; Alfred Schoene; Alfred Erdmann Schoene,Cornelli Taciti De vita et moribus Julii Agricolae liber,,sumptibus S. Calvarii et sociorum,Drama; Bank robberies; Man-woman relationships; Plumbers,1,eng; lat
/works/OL42496785W,1889,Cornelius Tacitus; Henry Furneaux,Annalium libri I-IV,,Clarendon Press,,1,eng
/works/OL32053817W,1889,Francis Mahony,The reliques of Father Prout ...,,G. Bell and sons,Social life and customs; French Ballads; History and criticism; French poetry; Translations into English; Italian poetry; Latin poetry; Medieval and modern Latin poetry; Jesuits; Fraser's magazine,2,eng
/works/OL959847W,1889,Giordano Bruno; Jorge Gudino; Miguel Á. Granada,De la causa,"Lasson, Adolf, 1832-1917, editor, translator",Verlag der Dürr'schen Buchhandlung,"Metaphysics; Philosophie; Principe (Philosophie); Early works to 1800; Inquisition; Magic; Medieval Philosophy; Bruno, giordano, 1548-1600; Philosophy; Métaphysique",34,eng; fre; ger; spa; ita
/works/OL16249343W,1889,Henrik Ibsen,A Doll's House,Henrietta Frances Lord (Translator),"Kessinger Publishing, LLC",Drama; Translations into English; Wives; Norwegian drama; Translations from Norwegian; Husband and wife; English drama; Man-woman relationships; Marriage; Women's rights,255,spa; ger; yid; und; urd; kan; mar; nor; heb; guj; eng
/works/OL38745224W,1889,Herbert Millington,Translations into Latin verse,,G. Bell,English poetry; Translations into Latin; Latin poetry,1,lat; eng
/works/OL15097583W,1889,Horace,"Horace: the Odes, Epodes, Satires, and Epistles",,F. Warne and co.,Translations into English,1,eng
/works/OL88135W,1889,Horace,"The odes, epodes, satires, and epistles",,F. Warne,,2,lat; eng
/works/OL43173517W,1889,Julius Caesar; Arthur Tappan Walker,Caesar's Gallic War,,Allyn and Bacon,History; Latin language; Readers; Histoire,8,lat; eng
/works/OL43527712W,1889,Juvenal; A. J. Macleane; Samuel Hart,Thirteen satires of Juvenal,,Allyn and Bacon,,1,eng
/works/OL19818919W,1889,Juvenal; Gaius Lucilius; Aulus Persius Flaccus,"The Satires of Juvenal, Persius, Sulpicia, and Lucilius",,Harper & Brothers,Translations into English; Latin Satire,1,eng
/works/OL32813237W,1889,Lucius Annaeus Seneca,L. Annaeus Seneca Minor dialogues,,G. Bell,,1,eng
/works/OL38746234W,1889,Marcus Tullius Cicero,Death no bane,"Black, Robert, translator","S. Low, Marston, Searle, & Rivington",,1,eng
/works/OL97745W,1889,Ovid,Selections from the Metamorphoses and Heroides of Publius Ovidius Naso,,D. McKay,"Translations into English; Poetry; Mythology; Metamorphosis; Latin Fables; Latin Epistolary poetry; Classical Mythology; Women; Love poetry, Latin; Love-letters",2,eng
/works/OL16200708W,1889,P. Cornelius Tacitus,Annalium libri 1-4,,Clarendon Press,,2,eng
/works/OL1108288W,1889,P. Cornelius Tacitus,The Agricola and Germania of Tacitus,"Andrews, Jeffries, tr.",Macmillan and Co.,Germanic peoples; History,4,eng; lat
/works/OL16226160W,1889,Pliny the Elder,"A Selection from Pliny's Letters: With Notes, Maps, and Plan",,Rivingtons,,1,eng
/works/OL1499205W,1889,Pliny the Younger,A selection from Pliny's Letters,,Rivingtons,,2,eng
/works/OL16226062W,1889,Pliny the Younger,C. Plinii Caecilii Secundi Epistulae ad Traianum imperatorem cum eiusdem responsis,,MacMillan,Politics and government; Sources; Correspondence; Latin Authors,1,lat; eng
/works/OL16280162W,1889,Publius Vergilius Maro,The Aeneids,,Reeves,,2,eng; lat
/works/OL44343134W,1889,Sallust,The conspiracy of Catiline as related by Sallust,,Ginn & co.,,1,eng
/works/OL42688007W,1889,Sallust; Velleius Paterculus; Lucius Annaeus Florus,"Sallust, Florus, and Velleius Paterculus",,Bell,,1,eng
/works/OL44205006W,1889,Sallust; W. W. Capes,C. Sallusti Crispi De coniuratione Catilinae liber ; De bello Iugurthino liber,,Clarendon Press,"Jugurthine War, 111 B.C.-105 B.C.; History",1,eng; lat
/works/OL16876962W,1889,Seneca the Younger,Minor dialogues Together With The Dialogue On Clemency,,Okan Anderson,,2,eng
/works/OL812777W,1889,Suetonius,Gai Svetoni Tranqvilli De vita Caesarvm libri dvo,,H. Holt,Early works to 1800; Biography; Emperors,1,lat; eng; ita
/works/OL1339343W,1889,Tertullian,Apology,,Heinemann,"Apologetics; History; Early works to 1800; Early church; Toneel; Apologieën; Bible, theology",10,eng; mul; lat
/works/OL16734580W,1889,Titus Livius,Book 21,,"W.B. Clive, University Tutorial Press",,1,eng
/works/OL16734581W,1889,Titus Livius,Book 22,,University Press,,1,eng
/works/OL16226429W,1889,Titus Livius,"Livy, Books XXI and XXII: Hannibal's First Campaign",,Macmillan,"Punic War, 2nd, 218-201 B.C.; Punic War, 2nd, 218 B.C.-201 B.C.",2,lat; eng
/works/OL43503313W,1889,Titus Livius,Titi Livi,,Macmillan and co.,,1,eng
/works/OL13097511W,1889,Titus Maccius Plautus,T. Macci Plauti Aulularia: in usum scholarum,,Apud H. Schoeninghium,,1,eng; lat
/works/OL481449W,1889,Titus Maccius Plautus,The Menaechmi of Plautus,"Weist, Edward Cilley, joint tr.",Harvard university press,,4,eng; lat
/works/OL43528427W,1889,"Virgil; Maydell, Gerhard Baron",Virgil in English verse,,Murray,,1,eng
/works/OL17698740W,1889,William Henry Thomes,Running the blockade,,A. T. Loyd & co.,English literature; Latin; Translations into Greek; Latin poetry; Translations into English; Translations; Greek; Greek poetry; English poetry; Translations into Latin,1,eng
/works/OL137861W,1890,Augustine of Hippo,Regula,,Apud R. Velpium,"Augustinians; Rules; Monasticism and religious orders; Early works to 1800; Augustine, saint, bishop of hippo, 354-430",9,eng; fre; spa; ger; lat
/works/OL137804W,1890,Augustine of Hippo,The letters of Saint Augustine,,"New York, The Macmillan Co.","Correspondence; Christian saints; Augustine, saint, bishop of hippo, 354-430",3,eng
/works/OL67405W,1890,Cicero,Extracts from Cicero,,Claredon Press,,2,eng; lat
/works/OL26427624W,1890,Cicero; Charles Duke Yonge,Cicero's Tusculan disputations,,Independently Published,,8,eng
/works/OL38876635W,1890,Cornelius Tacitus,The Histories of Tacitus,,Macmillan,History,1,eng
/works/OL42673201W,1890,Cornelius Tacitus,The reign of Tiberius,,W. Scott,History; Germanic peoples,1,lat; eng
/works/OL10306923W,1890,Gaius Julius Caesar,Caesar's Commentaries on Gallic and Civil Wars,,Harper,History,1,eng
/works/OL43756153W,1890,Gaius Valerius Catullus,Translations from Catullus,,,,1,eng
/works/OL15427112W,1890,Giovanni Boccaccio,The Palace of Pleasure: Elizabethan Versions of Italian and French Novels ..,,D. Nutt,Translations into English; Classical literature; Italian literature,1,
/works/OL1456982W,1890,Giovanni Pico della Mirandola,Giovanni Pico della Mirandola,,D. Nutt,Italian Religious poetry; Love in literature,2,lat; eng
/works/OL1090416W,1890,Goldwin Smith,Bay leaves,,Macmillan and co.,Latin poetry; Translations into English; English poetry; Translations from Latin,6,eng; lat
/works/OL44336128W,1890,Julius Caesar,Commentaries on the civil war,,Hinds & Noble,,1,eng
/works/OL16093451W,1890,Marcus Valerius Martialis,The epigrams of Martial,,G. Bell,Translations into English; Latin Epigrams,1,eng
/works/OL29269052W,1890,"More, Thomas Saint",... Mores Utopia,,The University press,Utopias,1,eng
/works/OL42218096W,1890,"More, Thomas Sir, Saint",Utopia,,Alex Catalogue,Utopias; Early works to 1800,5,eng; vie
/works/OL97757W,1890,Ovid,P. Ovidii Nasonis Carmina selecta,,Allyn,"Latin Love poetry; Latin Fables; Latin Epistolary poetry; Latin Didactic poetry; Love poetry, Latin; Love-letters",4,lat; eng
/works/OL442166W,1890,Ovid; Charbra Adams Jestin; Phyllis B. Katz,Selections from Ovid,,Oxford University Press,Classical Mythology; Latin Fables; Latin Reader; Latin language; Metamorphosis; Mythology; Poetry; Readers; Classical languages; Language learning: specific skills,6,eng; lat; fre
/works/OL1108303W,1890,P. Cornelius Tacitus,The Reign Of Tiberius,,Walter Scott,History; Germanic peoples,4,eng
/works/OL1108307W,1890,P. Cornelius Tacitus,The histories of Tacitus,"Ramsay, George Gilbert, 1839-1921, tr.",Digireads.com,History,7,lat; eng
/works/OL16226123W,1890,Pliny the Younger,Letters,"Melmoth, William, 1710-1799, tr.",Heinemann,Correspondence; Translations into English; Latin letters; Latin language materials,9,eng; lat
/works/OL43270645W,1890,Pliny the Younger; John Delaware Lewis,The letters of the younger Pliny,,"Walter Scott, ltd.",,2,eng
/works/OL2739669W,1890,Pope Gregory I,Selected epistles,,Christian Literature Company,,1,eng
/works/OL1512489W,1890,Publius Terentius Afer,The Adelphi of Terence,,Holywell Press,,2,eng
/works/OL15237360W,1890,Publius Vergilius Maro,Stories of old Rome,,T. Nelson and sons,Latin Epic poetry; Translations into English; Aeneas (Legendary character),1,eng
/works/OL18110727W,1890,Robert Yelverton Tyrrell,Dublin translations into Greek and Latin verse,,Hodges Figgis,Translations into Greek; Greek poetry; English poetry; Translations into Latin; Translations from English; Latin poetry,1,eng
/works/OL936000W,1890,Sallust,The Bellum Catilinae of C. Sallustius Crispus,,"Leach, Shewell, and Sanborn",History,3,mul; lat; eng
/works/OL20944461W,1890,Sallust,The Bellum Catilinæ,,"Leach, Shewell, & Sanborn",,1,eng
/works/OL35674385W,1890,Tacitus; Edited By William Francis Allen,Tacitus. The Annals. Books I.-VI,,"Ginn and Company, Boston",,1,eng
/works/OL1261141W,1890,Titus Livius,Legends of ancient Rome,,"Kessinger Publishing, LLC",,5,lat; eng
/works/OL1261064W,1890,Titus Livius,"Livy, Book 4",,University Press,,1,eng
/works/OL16280524W,1890,Titus Livius,The second Punic War,,Macmillan,"Punic War, 2nd, 218-201 B.C.",1,eng
/works/OL43920830W,1890,Titus Lucretius Carus; J. S. Watson; John Mason Good,Lucretius on the nature of things,,George Bell and sons,,2,eng; lat
/works/OL481427W,1890,Titus Maccius Plautus,T. Macci Plauti Amphitruo,,Allyn and Bacon,,2,eng; lat
/works/OL481385W,1890,Titus Maccius Plautus,T. Macci Plavti Psevdolvs,,Allyn and Bacon,,1,eng; lat
/works/OL38890497W,1890,Titus Maccius Plautus,The two captives,,Stuart N. Clarke,,1,eng
/works/OL12390307W,1890,William Edward Pinder Pantin,A first latin verse book,,MacMillian & Co.,Composition and exercises; Latin language; Translations into English; Latin poetry,1,eng
/works/OL12294318W,1891,Augustine Wirth,Lenten sermons,,Benziger Brothers,"Catholic Church; English Sermons; German Sermons; Lenten sermons; Sermons; Sermons, English; Sermons, German; Seven last words; Translations into English",1,eng
/works/OL15733512W,1891,Cicero,Cicero in his letters,,Macmillan,,11,eng; und; lat
/works/OL15733493W,1891,Cicero,Select letters of Cicero,,St. Martin's Press,Correspondence; Statesmen; Latin Authors,5,eng
/works/OL67450W,1891,Cicero,Speeches against Catilina,,Clarendon Press,,4,eng; lat
/works/OL17709115W,1891,Cicero,"The academic questions, treatise de finibus, and Tusculan disputations",,G. Bell,,1,eng
/works/OL38746795W,1891,Cornelius Tacitus,The life of Agricola and Germany,,"Ginn, & Company",,1,eng
/works/OL43863540W,1891,Cornelius Tacitus; N. P. Miller,Annals,,Methuen,"Empire, 30 B.C.; 284 A.D.",2,lat; eng
/works/OL42484836W,1891,Cornelius Tacitus; W. A. Spooner,Cornelii Taciti historiarum libri qui supersunt,,Macmillan and Co.,,1,eng; lat
/works/OL69430W,1891,Francis Bacon,"Essays, civil and moral",,P. F. Collier,English essays; Medicine; Early works to 1800; Education; Freedom of the press; Political science; Christian ethics; Utopias,10,eng
/works/OL130873W,1891,Francis Bacon Trowbridge,The Champion genealogy,,"Tuttle, Morehouse & Taylor",,9,eng
/works/OL10307018W,1891,Gaius Julius Caesar,Eight books of Caesar's Gallic war,,American Book Co.,History,1,eng
/works/OL16266875W,1891,Gaius Julius Caesar,The gate to Cæsar,,Ginn & company,Latin language; Gaul; Readers,1,eng
/works/OL19684037W,1891,Gaius Valerius Catullus,The poems of Catullus and Tibullus,,George Bell and sons,,1,eng
/works/OL44718236W,1891,Juvenal,"Satires viii, x.-xiii",,,,1,eng
/works/OL38741526W,1891,Marcus Tullius Cicero,The life and letters of Marcus Tullius Cicero,,Macmillan,,1,eng
/works/OL10563216W,1891,Petronius,Cena Trimalchionis,,Nuova Italia,Latin Inscriptions; Pompeii,20,ita; ger; lat; nor; eng
/works/OL44302456W,1891,Pliny the Younger; Constantine E. Prichard; Edward Russell Bernard,Selected letters of Pliny,,Clarendon Press,,1,eng
/works/OL15237135W,1891,Publius Vergilius Maro,The Bucolics and Georgics,,Clarendon press,,2,eng; lat
/works/OL15438258W,1891,Publius Vergilius Maro,"Virgil's Aeneid, Book 1",,"Copp, Clark",,3,eng
/works/OL47114W,1891,Publius Vergilius Maro,Virgil. Bucolics and Georgics,,Clarendon Press,,2,eng
/works/OL936175W,1891,Sallust,Sallust's Conspiracy of Catiline and the Jugurthine war,"Watson, J. S. 1804-1884 tr.",Translation Pub. Co.,"History; Jugurthine War, 111-105 B.C.; Jugurthine War, 111-105 B.C",4,eng
/works/OL29269363W,1891,Sallust,The Bellum Catilinae of C. Callustius,,"Leach, Shewell & Sanborn",History; Republic; Conspiracy of Catiline,1,eng
/works/OL102325W,1891,Seneca the Younger,Apocolocyntosis,"Ronconi, Alessandro, 1909- ed. and tr.",Istituto editoriale italiano,"Humor; Latin Satire; Translations into Italian; Translations into English; Translations into German; Problems, exercises; Translations into Russian; Readers; Latin language; Wit and humor",30,ita; ger; eng; lat; dan; rus
/works/OL1261133W,1891,Titus Livius,"Livy, books I. and II",,Ginn & company,History,3,eng; lat
/works/OL481435W,1891,Titus Maccius Plautus,The Captivi of T. Maccius Plautus,,The Macmillan company,Latin language materials,3,eng; lat
/works/OL16333617W,1891,Titus Maccius Plautus; E. A. Sonnenschein,T. Macci Plavti Rvdens,,The Clarendon press,,1,eng
/works/OL16759570W,1891,"Wirth, Augustine O.S.B.",Lenten sermons,,Sine nomine,German Sermons; English Sermons; Translations from German; Seven last words; Lenten sermons; Translations from English; Sermons; Catholic Church,1,eng
/works/OL15236312W,1892,Abraham Coles,Latin hymns,,Sine nomine,Translations into English; Latin Hymns,1,eng
/works/OL16329639W,1892,Adoniram Judson Eaton; Titus Livius,"Latin prose exercises based upon Livy, book XXI",,Ginn & Co.,Composition and exercises; Latin language,1,eng
/works/OL18475221W,1892,Augustine of Hippo; Philip Schaff,A select library of the Nicene and Post-nicene fathers of the christian church,,The Christian literature company,Fathers of the church,3,eng
/works/OL15217647W,1892,Cicero,"De oratore, book 1","Moor, E. N. P., tr.",Methuen and co.,Early works to 1800; Oratory,1,eng
/works/OL67485W,1892,Cicero,Select orations and letters of Cicero,,Ginn & Company,"Correspondence; Latin language; Speeches, addresses, etc., Latin; Readers; Statesmen; Latin Authors",4,eng
/works/OL24948019W,1892,Francis Bacon,Essays civil and moral,,"Ward, Lock, Bowden",Logic; Greek Mythology; Natural history; Science; Methodology,1,eng
/works/OL10424892W,1892,Francis Bacon,"Essays, including his moral and historical works",,F. Warne,,2,eng
/works/OL16266876W,1892,Gaius Julius Caesar,Caesar's invasion of Britain,,Macmillan and co.,Readers; Latin language; Great Britain; History,1,eng
/works/OL10307090W,1892,Gaius Julius Caesar,Invasion of Britain,,Univ. Tut. P.,,3,eng
/works/OL68265W,1892,Gaius Valerius Catullus,Attis,,Nutt,"Tree worship; Attis (God); Poetry; Love poetry, Latin",4,eng; ita
/works/OL394295W,1892,Gaius Valerius Catullus,The Attis of Caius Valerius Catullus,,D. Nutt,Attis (God); Galliambic; Tree worship,1,eng
/works/OL697026W,1892,Juvenal,D. Iunii Iuvenalis Saturæ XIII,,Clarendon Press,Latin Verse satire; Translations into English,1,lat; eng
/works/OL697135W,1892,Juvenal,"Satires 8, 10, 13",,W.B. Clive & Co.,,2,eng
/works/OL15236583W,1892,Juvenal,"Saturae 13, thirteen satires",,Clarendon Press,,1,eng
/works/OL15236587W,1892,Juvenal,Two satires,,"Houghton, Mifflin",,1,eng
/works/OL44386571W,1892,Juvenal; Persius,"The satires of Juvenal, Persius, Sulpicia, and Lucilius literally translated into English prose",,Harper [& brothers,,1,eng
/works/OL97763W,1892,Ovid,Tristia; Ex Ponto,A.L. Wheeler (Translator),Hardvard University Press,Latin language materials; Translations into English; Poetry (poetic works by one author); Latin Epistolary poetry; Latin Didactic poetry; Latin Love poetry; Latin Fables; Metamorphosis; Poetry; Mythology,18,eng; lat; por
/works/OL1108240W,1892,P. Cornelius Tacitus,"Tacitus Annals I, II",,W.B. Clive,,1,eng
/works/OL1108202W,1892,P. Cornelius Tacitus,The history of P. Cornelius Tacitus translated into English,"Quill, Albert William, d. 1908, tr.",J. Murray,History,1,eng
/works/OL546806W,1892,Thomas Aquinas; Joseph Rickaby,Aquinas ethicus,"Rickaby, Joseph, 1845-1932 tr.",Burns and Oates,Ethics; Medieval Ethics; Christian ethics; Catholic authors,5,eng
/works/OL16894188W,1892,Thomas of Celano,"Dies irae, the great dirge of Thomas de Celano",,Fleming H. Revell,Translations into English; Latin Hymns; Dies irae (Music),1,lat
/works/OL1261144W,1892,Titus Livius,Livy's history of Rome,"Bellenden, John, ca. 1495-ca. 1550, tr.",George Bell and Sons,History,7,gla; eng; mul
/works/OL481380W,1892,Titus Maccius Plautus,T. Macci Plauti Menaechmei,,Bell,,1,eng
/works/OL481440W,1892,Titus Maccius Plautus,T. Macci Plavti Avlvlaria,,G. Bell,,3,eng
/works/OL16094546W,1893,Aulus Gellius,Fifty stories from Aulus Gellius,,Allyn and Bacon,,1,eng; lat
/works/OL2803669W,1893,Basilius Valentinus; Theodor Kerckring; Arthur Edward Waite,Triumph-Wagen Antimonii,,J. Apeli,"Antimony; Early works to 1800; Therapeutic use; Alchemy; Medicine, Magic, mystic, and spagiric; Medieval Medicine; Medicine; Mind, body, spirit: disciplines & techniques; Psychology; Science",13,ita; eng; fre; ger
/works/OL15217572W,1893,Cicero,Cicero's essays On old age and On friendship,,A. Hinds and company,Early works to 1800; Friendship; Old age,1,eng
/works/OL67466W,1893,Cicero,Cicero's second Philippic,,Macmillan,,3,eng
/works/OL38851668W,1893,Cornelius Tacitus,Cornelii Taciti Dialogus de oratoribus,,Clarendon Press,History and criticism; Oratory,1,eng; lat
/works/OL20966632W,1893,Cornelius Tacitus,The Agricola and Germanis,,"Leach, Shewell and Sanborn",,1,eng
/works/OL1150549W,1893,Gaius Julius Caesar,De bello gallico libri VII,,"Scott, Foresman",Gaul; History; Latin language; Readers,2,eng; lat
/works/OL15229223W,1893,Gaius Valerius Catullus,Catullus,"Myers, Reney, tr.",University of North Carolina Press,Translations into English; Latin Love poetry; Poetry; Latin Epigrams; Latin Elegiac poetry; Textual Criticism; Readers; Latin language; Love; Latin poetry,55,eng; mul; lat
/works/OL68256W,1893,Gaius Valerius Catullus,Catullus: with the Pervigilium Veneris,,Lawrence and Bullen,Poetry; Early works to 1800; Description and travel; Indians of Mexico; Missions; Travel; Jesuits,2,eng; ger
/works/OL21519866W,1893,Gaius Valerius Catullus; Elmer Truesdell Merrill,Catullus,,"Clement L. Smith, Tracy Peck",,5,eng
/works/OL33142465W,1893,Horace,Horatian echoes,,"Houghton, Mifflin and Company",Latin poetry; Translations into English,1,eng
/works/OL7032094W,1893,John Watson McCrindle,The invasion of India by Alexander the Great,,Barnes & Noble,Classical literature; English literature; History; Sources; Translations from classical literature; Translations into English,4,eng; und
/works/OL2241474W,1893,Marcus Valerius Martialis,Ex otio negotium,,Sine nomine,Latin Epigrams; Poetry; Translations into English,2,eng
/works/OL97768W,1893,Ovid,Ovid de Ponto,,"By T. Cotes, for Michael Sparke Iunior, dwelling at the blue Bible in Greene Arbor","Correspondence; Exiles; Homes and haunts; Latin Epistolary poetry; Latin Poets; Poetry; Translations into French; Translations into Russian; Love poetry, Latin; Love-letters",8,lat; ita; fre; rus; eng
/works/OL37356413W,1893,Ovid,"The heroïdes, or epistles of the heroines ; The amours ; Art of love ; Remedy of love ; and, minor works of Ovid",,G. Bell,,1,eng
/works/OL16332555W,1893,Persius; John Conington; Henry Nettleship,The satires of A. Persius Flaccus,,Clarendon Press,Latin Satire; English Translations; Translations into English; English Satire; Translations from Latin,1,eng; lat
/works/OL18047663W,1893,Publius Vergilius Maro,The Aeneid of Vergil,,"Longmans, Green & Co.",Latin Epic poetry; Translations into English; Poetry; Aeneas (Legendary character); Legends,1,eng
/works/OL15237370W,1893,Publius Vergilius Maro,The twelve books of Virgil's Æneid,,Handy Book Co.,,1,eng
/works/OL44409555W,1893,Sallust,Sallust's Catiline war,,"Longmans, Green and co.",,1,eng
/works/OL38958321W,1893,Titus Lucretius Carus,Lucretius On the nature of things,"Good, John Mason, 1764-1827, translator",G. Bell and sons,,1,eng
/works/OL481254W,1893,Titus Maccius Plautus,Comedies of T. Maccius Plautus,,Swan Sonnenschein & Co.,,1,eng
/works/OL481275W,1893,Titus Maccius Plautus,"Epilogus in Trinummum, 1893",,"Spottiswoode & Co., Printers",,1,eng
/works/OL481430W,1893,Titus Maccius Plautus,T. Macci Plavti Epidicvs,,University Press,Latin language materials; Calder family (Fictitious characters); Fiction; Ranch life,2,lat; eng
/works/OL43402517W,1893,Virgil; William Rainey Harper; Frank Justus Miller,The Aeneid (six books) and Bucolics of Vergil ...,,American Book Company,,1,eng
/works/OL4424229W,1894,Arthur D. Innes,Verse translations from Greek and Latin poets,,A.D. Innes & Co.,Classical literature; Translations into English; Greek literature; Latin literature,1,
/works/OL19559881W,1894,Charles Haines Keene ; Gaius Julius Caesar,Tales of the civil war from Caesar's commentaries: Adapted [for the use of ...,,Macmillan and Co.,History; Latin language; Readers,1,lat; eng
/works/OL32027881W,1894,Cornelius Tacitus,De Germania,,Clarendon Press,Germanic peoples,2,lat; eng
/works/OL130874W,1894,Francis Bacon Trowbridge,The Hoadley genealogy,,"Printed for the author by Tuttle, Morehouse & Taylor",,6,eng
/works/OL15731306W,1894,Gaius Julius Caesar,Bellum Gallicum (book V),,Copp,,2,lat; eng
/works/OL15684109W,1894,Gaius Julius Caesar,"Bellum Gallicum, (books V. [and] VI)",,Copp,,1,eng; lat
/works/OL16196381W,1894,Gaius Julius Caesar,Caesar's Bellum gallicum,,"Copp, Clark",Littérature latine; History; Latin literature; Histoire,1,eng
/works/OL15229219W,1894,Gaius Valerius Catullus,The Carmina of Caius Valerius Catullus,,"Printed for the translators ..., for private subscribers only",Translations into English; Latin Love poetry; Latin Elegiac poetry; Latin Epigrams,3,eng
/works/OL19766368W,1894,Horace,The odes of Horace,,J. Murray,Latin Laudatory poetry; Translations into English,1,eng
/works/OL43365W,1894,Ivan Sergeevich Turgenev,Rudin,Constance Garnett (Translator),Alba,"Translations into English; Russian language; Translations from Russian; Readers; Russian fiction; English fiction; Classic Literature; Fiction; Continental european fiction (fictional works by one author); Fiction, general",48,yid; srp; rus; eng; spa; chi
/works/OL10327098W,1894,P. Cornelius Tacitus,P. Cornelii Taciti Dialogus de oratoribus,,Ginn & Co.,,2,ger; eng
/works/OL1443216W,1894,Paracelsus,Selected works,"Waite, Arthur Edward, 1857-1942, ed and tr.",distributed in the U.S. by Random House,"Alchemy; Early works to 1800; Early works to 1900; Medicine, Magic, mystic, and spagiric; Occultism",7,und; eng
/works/OL19671283W,1894,Publius Terentius Afer,Phormio of Terence,,Wilson,Latin language materials,1,eng
/works/OL16870492W,1894,Publius Vergilius Maro,English translation of the first six books of Vergil's Aeneid,,A. Lovell & company,Latin Epic poetry; Translations into English; Poetry; Aeneas (Legendary character),1,eng
/works/OL13086553W,1894,Publius Vergilius Maro,The greater poems of Virgil,,Ginn & co.,Glossaries; Language; Latin Epic poetry,7,lat; eng
/works/OL1498223W,1894,"Renard, Jules; Jules Renard; Andre Fermigier",Poil de carotte,"Sutro, Alfred, 1863-1933, tr.",Walker,"Classic Literature; Fiction; French language; Readers (Secondary); Drama texts: from c 1900 -; Translations into English; French literature, translations into english; Oregon State College",37,fre; eng; ger
/works/OL39452199W,1894,Sallust,"Sallust, Florus, and Velleius Paterculus",,"Harper, 1894.","History; Jugurthine War, 111-105 B.C.; Histoire; Guerre de Jugurtha, 111-105 av. J.-C",1,lat; eng
/works/OL10456089W,1894,Sallust,The Jugurthine war,"Handford, Stanley Alexander, 1898- , tr.",Penguin,"Jugurthine War, 111-105 B. C.; Translations into English; Conspiracy of Catilina, 65-62 B. C.; Jugurthine War, 111-105 B.C.; History",9,lat; eng
/works/OL1261134W,1894,Titus Livius,"Livy, books II and III",,Macmillan,History,2,eng; lat
/works/OL481459W,1894,Titus Maccius Plautus,Asinaria,,University Press,"Plautus, titus maccius",7,lat; eng
/works/OL18071666W,1894,Titus Maccius Plautus,The comedies of Plautus,,G. Bell and Sons,,1,eng
/works/OL137858W,1895,Augustine of Hippo,Enchiridion,,Ad signum putei,"Early works to 1800; Theological virtues; Theology; Theology--early works to 1800; Theology--history; Theology--history--early church, ca. 30-600; Br65.a73 e5 1961; 230/.14; History",6,ger; eng; lat
/works/OL10563253W,1895,Basil of Caesarea,The treatise De spiritu sancto,,Christian Literature Company,"Greek Sermons; Translations into English; English Sermons; Translations from Greek; Basil, saint, bishop of caesarea, approximately 329-379",3,eng
/works/OL1393111W,1895,Boethius,"Chaucer's translation of Boethius's ""De consolatione philosophiae""",,K. Paul,,3,enm; eng
/works/OL15733495W,1895,Cicero,M. Tulli Ciceronis Cato maior de senectute,,Macmillan,Early works to 1800; Old age,4,ita; lat; eng
/works/OL15078386W,1895,Cicero,The speech in defence of Cluentius,"Peterson, William, 1856-1921. tr.",Macmillan,,1,eng
/works/OL44760506W,1895,Cicero; Peterson,Speech in defence of Cluentius,,"Macmillan, [and co.",,1,eng
/works/OL32019785W,1895,Cornelius Tacitus,Annals of Tacitus,,Macmillan,History,2,eng
/works/OL679863W,1895,Desiderius Erasmus,Desideri Erasmi Roterodami Convivia e Conloquiis familiaribus selecta,,Ginn & Company,Latin language materials,2,lat; eng
/works/OL37671270W,1895,Emory Bair Lease; Titus Livius,"Livy, Books I, Xxi, and XXII",,Allyn and Bacon,,3,eng
/works/OL18104189W,1895,Henry Richard Heatley ; Herbert Napier Kingdon; William Coe Collar,"The New Gradatim: A Revision, with Many Additions and Omissions, of ""Gradatim,"" an Easy Latin ...",,Ginn & Company,Latin language; Translating into English,1,
/works/OL28483619W,1895,James Anthony Froude; Desiderius Erasmus,Life and Letters of Erasmus,,"Creative Media Partners, LLC",,4,eng
/works/OL2239411W,1895,Joris-Karl Huysmans,En route,"Paul, C. Kegan 1828-1902, tr.",Dedalus Books Limited,"Classic Literature; Fiction; Continental european fiction (fictional works by one author); Biography; Fiction, general; French literature; Conversion; Translations into English",77,fre; eng
/works/OL44849970W,1895,P. Cornelius Tacitus,The sixth book of the Annals,,Macmillan,,1,eng
/works/OL38751007W,1895,Pliny the Younger,Selections illustrative of roman life from the letters of Pliny,,Macmillan,Civilization; Social life and customs,1,eng
/works/OL2739642W,1895,Pope Gregory I,The life of our most holy father St. Benedict,,"[Desclée, Lefebvre]",Benedictines; Rules,1,eng
/works/OL44269599W,1895,Samuel Ball Platner; Pliny the Younger,Bibliography of the younger Pliny,,,Bibliography,1,eng
/works/OL1090193W,1895,Thomas More,"The Utopia of Sir Thomas More, in Latin from the edition of March 1518, and in English fromthe first edition of Ralph Robynson's translation in 1551",,Clarendon Press,,1,eng
/works/OL1090190W,1895,Thomas More,Utopia in Latin and in English,,Sine nomine,,1,eng
/works/OL1261015W,1895,Titus Livius,Books 1 and 2,,Ginn,,1,eng
/works/OL1548604W,1895,Titus Lucretius Carus,Epicurean science and poetry,,John Bale & Sons,Epicureans (Greek philosophy); Poetry,1,eng
/works/OL39021796W,1895,Titus Maccius Plautus,The Trinimmus of Plautus,,C.C. De Puy,,1,eng
/works/OL33147074W,1895,Titus Maccius Plautus,The Trinummus of Plautus,,Press of D. Mason & Co.,,1,eng
/works/OL44650506W,1895,Titus Maccius Plautus; Archibald Rhys Smith Hallidie,The Captivi of T. Maccius Plautus,,New York,,1,eng
/works/OL34185558W,1895,Titus Maccius Plautus; Edward Parmelee Morris,T. Macci Plauti Pseudolus,,Allyn and Bacon,,3,eng; lat
/works/OL43617650W,1895,Virgil; Theodore Martin,The sixth book of Virgil's Aeneid and other poems,,Printed for private circulation,Translations into English,1,eng
/works/OL15236124W,1895,Лев Толстой,Khozi͡ain i rabotnik,S. Rapoport (Translator),Mille et une nuits,"Russian language; Readers; Russian language books; Continental european fiction (fictional works by one author); Translations into English; Fiction, general; Children's fiction",110,eng; rus; ger; fre
/works/OL15732328W,1896,Cicero,Cicero's essays on old age and friendship,,David McKay,Aged; Old age; Latin prose literature,1,eng
/works/OL10434569W,1896,Cicero,Marci Tullii Ciceronis ; De natura deorum,,Methuen & Co.,Early works to 1800; Greek Gods; Roman Gods; Theology,2,eng; lat
/works/OL42494655W,1896,Cornelius Tacitus; Henry Furneaux,Annalium ab excessu divi Augusti libri,,Clarendon Press,History,2,eng; lat
/works/OL130872W,1896,Francis Bacon Trowbridge,The Ashley genealogy,,"Creative Media Partners, LLC",,6,eng
/works/OL1150517W,1896,Gaius Julius Caesar,First eight books of Caesar's Commentaries on the Gallic war,"Brooks, Edward, 1831-1912, tr.",David McKay,History,1,lat; eng
/works/OL28936836W,1896,Gaius Lucilius; Persius; Sulpicia,Satires of Juvenal,,David Mckay,,2,eng
/works/OL394372W,1896,Gaius Valerius Catullus,Liber,,Macmillan,,1,eng
/works/OL893601W,1896,Gustave Flaubert,Bouvard et Pécuchet,"Stonier, George Walter, 1903-  , tr.",Fasquelle,Classic Literature; Fiction; Correspondence; French fiction; Continental european fiction (fictional works by one author); Romance literature; Criticism and interpretation; Translations into English; Translations from French; French wit and humor,92,eng; fre; ger; spa; rus
/works/OL15097505W,1896,Horace,An English paraphrase of Horace's Art of poetry,,W.R. Jenkins,Translations into English; Latin Didactic poetry; Early works to 1800; Literature; History and criticism,1,eng
/works/OL5568293W,1896,John Brownlie,Hymns of the early church,,"Morgan & Scott, ld.",Greek Hymns; Translations into English; Translations from Latin; English Hymns; Translations from Greek; Latin Hymns,11,eng; mul
/works/OL24438196W,1896,John W. M'Crindle,"The invasion of India by Alexander the Great as described by Arrian, Q. Curtius, Diodoros, Plutarch and Justin",,A. Constable and Co.,Classical literature; Translations into English; English literature; Translations from classical literature,1,eng
/works/OL5181035W,1896,John Watson M'Crindle,"The invasion of India by Alexander the Great as described by Arrian, Q. Curtius, Diodoros, Plutarch and Justin",,AMS Press],Classical literature; English literature; History; Sources; Translations from classical literature; Translations into English; Catholics,2,eng
/works/OL21164836W,1896,Julius Caesar,First eight books of Caesar's commentaries on the Gallic war,,David McKay,History,1,eng
/works/OL442096W,1896,Ovid,Ovid's works ..,,G. Bell & sons,,1,eng
/works/OL42487614W,1896,Ovid; Henry T. Riley,"Ovid's Heroides ; Amours ; Art of love ; Remedy of love ; and, minor works",,G. Bell,Poetry,1,eng; lat
/works/OL1108199W,1896,P. Cornelius Tacitus,"The histories ... books III, IV and V",,Macmillan,,1,eng
/works/OL1257817W,1896,Pliny the Elder,Chapters on the history of art,,Macmillan,Art; History,1,eng; lat
/works/OL38813031W,1896,Pliny the Elder,The Elder Pliny's chapters on the history of art,,Scholarly Press,"Art; History; Art, Greco-Roman",2,eng; lat
/works/OL16280209W,1896,Publius Vergilius Maro,First Six Books of Virgil's Æneid,,D. McKay,Poetry; Latin Epic poetry; Translations into English; Aeneas (Legendary character); Legends,3,eng
/works/OL47110W,1896,Publius Vergilius Maro,The story of Turnus,,"Leach, Shewell, and Sanborn",Latin Epic poetry; Poetry; Turnus (Legendary character),2,eng; lat
/works/OL15237238W,1896,Publius Vergilius Maro,"The Ænid of Virgil, books I.-VI",,W. Blackwood and sons,,1,eng
/works/OL102269W,1896,Seneca the Younger,The Medea of Seneca,,Pub. by the author,Drama; Medea (Greek mythology),2,lat; eng
/works/OL812845W,1896,Suetonius,Divus Augustus,,"""La Nuova Italia""","Biography; Early works to 1800; Emperors; History; Kings and rulers; Roman law; Authors, latin; Emperors, rome; Rome, history; Empereurs",12,eng; ita; mul; lat
/works/OL27755409W,1896,Thomas Aquinas,"Aquinas ethicus, or, The moral teaching of St. Thomas",,Benziger Bros.,Medieval Ethics; Christian ethics; Catholic authors,1,eng
/works/OL1261043W,1896,Titus Livius,"The history of Rome, by Titus Livius","Spillan, D. d. 1854 tr.",D. McKay,,1,eng
/works/OL44644558W,1896,Titus Lucretius Carus; J. D. Duff,T. Lucreti Cari De rerum natura,,University Press,,1,eng; lat
/works/OL481360W,1896,Titus Maccius Plautus,The Pseudolus of Plautus,,University press,Latin literature; Latin drama (Comedy),1,eng; lat
/works/OL44086274W,1896,Titus Maccius Plautus; Joseph Richard Taylor,The captives of Plautus,,R. A. Robbins,Latin drama; Translations into English; English drama; Translations from Latin,1,lat; eng
/works/OL38751734W,1896,Virgil,The Ænid of Virgil,"Martin, Theodore, 1816-1909, translator",W. Blackwood and Sons,,1,lat; eng
/works/OL39936353W,1897,Anicius Manlius Severinus Boethius,Consolation of Philosophy of Boethius,,CreateSpace Independent Publishing Platform,,7,eng
/works/OL1393107W,1897,Boethius,Boethius' Consolation of philosophy,George Colville (Translator),"Kessinger Publishing, LLC",Non-fiction; Philosophy; Philosophy and religion; Early works to 1800; Happiness,3,lat; eng
/works/OL1393113W,1897,Boethius,The consolation of philosophy of Boethius,"James, Henry Rosher, 1862-1931, tr.",G. Routledge,Philosophy and religion; Happiness,2,eng
/works/OL13087780W,1897,Cicero,De Amicitia (on Friendship),,The Century Co.,,2,eng
/works/OL15733505W,1897,Cicero,Selected letters of Cicero,,"University of Oklahoma Press,c1964.",Correspondence; Statesmen; Latin Authors; Latin literature,7,lat; eng
/works/OL43671822W,1897,Cornelius Tacitus,The Germany and the Agricola of Tacitus,,C.M. Barnes,,1,eng
/works/OL43676269W,1897,Cornelius Tacitus; Edward Brooks,The Annals of Tacitus,,D. McKay,History,1,eng
/works/OL42913034W,1897,Cornelius Tacitus; Thomas Wolfe,The Germany and the Agricola of Tacitus,,Handy Book Company,,1,eng
/works/OL15229207W,1897,Gaius Valerius Catullus,The Lesbia of Catullus,,T. Fisher Unwin,,1,eng
/works/OL7563191W,1897,Henry R. Remsen,Solomon and other songs,,Clark & Smith,Latin poetry; Translations into English,1,eng
/works/OL88194W,1897,Horace,The poems of Horace,"Bryce, Archibald H. tr.",Clarendon press,Translations into English; Latin Laudatory poetry; Latin Verse satire; Latin Epistolary poetry; Poetry,8,lat; eng
/works/OL41685386W,1897,Lucius Apuleius; Charles Stuttaford; Jessie Mothersole,Story of Cupid and Psyche,,Thomas B. Mosher,,2,eng
/works/OL38488901W,1897,Lucius Junius Moderatus Columella,L. Iuni Moderati Columellae Opera quae exstant,,Almqvist & Wiksell,,2,eng; lat
/works/OL144849W,1897,Mihai Eminescu,Poems,,Editura Saeculum,Romanian poetry; Translations into English; Translations into Spanish; French Translations; Translations into French,53,eng; rum; fre; spa; rus
/works/OL16200738W,1897,P. Cornelius Tacitus,"Annals, Books I-VI",,Hinds,,3,lat; eng
/works/OL29274538W,1897,Publius Vergilius Maro,The Bucolics and Georgics of Virgil,,McKay,,1,eng
/works/OL24892935W,1897,Roger Bacon,Opus majus,"Burke, Robert Belle, 1868-1944, translator","H. Milford, Oxford university press",Science; Philosophy,3,eng; mul
/works/OL1097454W,1897,Roger Bacon,The Opus majus of Roger Bacon,"Burke, Robert Belle, 1868-1944 tr.",University of Pennsylvania press,Bacon; Clement IV; English Philosopher; English Philosophy; Guy de Folques; Roger; Medieval Philosophy; Scholasticism; Philosophy of nature; Early works to 1800,9,eng
/works/OL38760240W,1897,Titus Maccius Plautus,T. Macci Plavti Rvdentem,,McGill University,,1,lat; eng
/works/OL55527W,1897,Антон Павлович Чехов,Дядя Ваня,"Hingley, Ronald, tr.","Kessinger Publishing, LLC",Russian language; Readers; Drama; Scripts; Translations into English; Russian drama; Fiction; Classic Literature; Drama (dramatic works by one author); Continental european drama (dramatic works by one author),222,spa; kor; ger; fre; pol; jpn; chi; eng; fin; kan; rus
/works/OL39004843W,1898,Augustine of Hippo,Tractated on the sixth chapter of Gospel of St. John,"Browne, H., translator",George Bell & Sons,,1,eng
/works/OL67510W,1898,Cicero,Pro Marcello,"Maas, A. W., tr.",W.B. Clive,"Speeches, addresses, etc., Latin; Translations into Dutch",5,lat; eng; dut
/works/OL12250006W,1898,Cicero,Ten orations of Cicero,,American book company,"Correspondence; Translations into English; Speeches, addresses, etc., Latin; Statesmen; Latin Authors",1,eng; lat
/works/OL10306926W,1898,Gaius Julius Caesar,"Caesar's Gallic war, book 1",,Hinds & Noble,History,1,eng
/works/OL15097549W,1898,Horace,The Epodes of Horace; tr. into English verse,"Way, Arthur Sanders, 1847-1930 tr.",Macmillan,,1,eng
/works/OL38978298W,1898,John Brownlie,Hymns from East and West,,J. Nisbet & co.,Latin Hymns; Translations into English; Liturgy; Greek Hymns; Hymns; Catholic Church; Orthodox Eastern Church,1,eng
/works/OL2239428W,1898,Joris-Karl Huysmans,Les sœurs Vatard,,Dedalus Books Limited,"French fiction; Translations into English; Classic Literature; Fiction; Fiction, general; Paris (france), fiction; Sisters, fiction; French fiction, translations into english; Women bookbinders; Working class women",36,fre; eng
/works/OL697027W,1898,Juvenal,D. Iunii Juvenalis saturae XIV =,,University Press,,1,eng
/works/OL697144W,1898,Juvenal,D. Ivnii Ivvenalis satvrae XIV,,CambridgeUniversity Press,Latin Verse satire; Poetry; Latin language materials; Poetry (poetic works by one author),4,eng; lat
/works/OL1673110W,1898,Lactantius Placidus,Lactantii Placidi qvi dicitvr Commentarios in Statii Thebaida it Commentarivm in Achilleida recensvit Ricardvs Jahnke,,in aedibvs B. G. Tevbneri,Seven against thebes (Greek mythology) in literature; Achilles (Greek mythology) in literature; In literature,1,eng
/works/OL44409779W,1898,Lucius Apuleius; Walter Pater,The story of Cupid and Psyche,,T.B. Mosher,,1,eng
/works/OL15516698W,1898,Ovid,P. Ovidi Nasonis Heroides,,Clarendon,Latin Epistolary poetry; Translations into Greek; Latin Love poetry; Classical Mythology; Poetry; Love-letters; Women,1,grc; lat; eng
/works/OL441968W,1898,Ovid,"The fourteenth book of the Metamorphoses, with introd. and notes by Charles Haines Keene",,G. Bell,,2,eng
/works/OL16093459W,1898,P. Cornelius Tacitus,Cornelii Taciti Vita agricolae,,Clarendon Press,,1,eng; lat
/works/OL44775252W,1898,P. Cornelius Tacitus; Henry Furneaux,Cornelii Taciti Vita Agricolae,,Clarendon Press,,1,eng; lat
/works/OL10563209W,1898,Petronius,Trimalchio's dinner,,G.N. Morang,Latin literature,2,eng
/works/OL1499213W,1898,Pliny the Younger,C. Plini Secundi Epistulae selectae,,University of Oklahoma Press,Correspondence,3,lat; eng
/works/OL16280220W,1898,Publius Vergilius Maro,"Aeneid, Book XII",,Univ. Press,,5,eng; lat
/works/OL16510849W,1898,Publius Vergilius Maro,The eclogues,,Thomas B. Mosher,Translations into English; Latin Pastoral poetry; open_syllabus_project,1,eng
/works/OL33141308W,1898,Publius Vergilius Maro,Virgil. The Eclogues done into English prose,"Mackail, J. W. (John William), 1859-1945, translator",T.B. Mosher,,1,eng
/works/OL43128735W,1898,Titus Maccius Plautus,The Captives and Trinummus of Plautus,,Boston,,1,eng
/works/OL32810882W,1898,Titus Maccius Plautus,The Captivi of Plautus,,Printed by James Parker and Co.,,1,eng
/works/OL18104128W,1898,Titus Maccius Plautus,The Codex Turnebi of Plautus,,Clarendon Press,Criticism and interpretation; Latin Manuscripts; Facsimiles,1,eng
/works/OL42494781W,1898,Titus Maccius Plautus; C. S. Harrington,"T. Macci Plauti Captivi, Trinummus et Rudens",,American Book Co.,,1,lat; eng
/works/OL1528466W,1898,William M. Stewart,Analysis of the functions of money,,W. Ballantyne & Sons,"Money; Silver question; Romances, Latin (Medieval and modern); Translations into English; Early works to 1800",3,eng
/works/OL10509458W,1899,Boethius,King Alfred's Old English Version of Boethius' De Consolatione Philosophiae,,Clarendon Press,,2,eng
/works/OL1393127W,1899,Boethius,King Alfred's Old English version of Boethius De consolatione philosophiae,,Clarendon press,,5,ang; eng
/works/OL26175677W,1899,"Camm, Bede",In the brave days of old,,B. Herder,History; Catholic Church,1,eng
/works/OL67469W,1899,Cicero,Eleven orations of Cicero,,Heath,Oratória; Literatura grega,3,eng; lat
/works/OL15218310W,1899,Cicero,Letters,,G. Bell,,4,eng
/works/OL67436W,1899,Cicero,"Philippic orations, I, II, III, V, VII",,Clarendon Press,,2,eng; lat
/works/OL69441W,1899,Francis Bacon,Advancement of learning and Novum organum,,Willey Book Co.,Science; Methodology; Logic; Early works to 1800,9,lat; eng
/works/OL15236553W,1899,Francis St. John Thackeray,Florilegium latinum,,J. Lane,Medieval and modern Latin poetry; Translations from English; English poetry; Translations into Latin,3,lat; eng
/works/OL16025446W,1899,Gaius Julius Caesar,Caesar's Civil war =,,University Pub. Co.,History,1,eng; lat
/works/OL15743901W,1899,Gaius Julius Caesar,"De bello Gallico, liber III",,University Press,,2,lat; eng
/works/OL42785639W,1899,Lucius Annaeus Seneca; Thomas Lodge,Seneca On benefits,,J.M. Dent,,1,eng
/works/OL442039W,1899,Ovid,The Metamorphosis of Ovid,,D. McKay,,1,eng
/works/OL442167W,1899,Ovid; William S. Anderson; Mary Frederick,Selections from Ovid's Metamorphoses,,Longman Publishing Group,Poetry; Latin language; Readers; Mythology; Metamorphosis; Classical Mythology; Latin Fables; Language teaching & learning material & coursework; Latin; Foreign Language - Dictionaries / Phrase Books,4,lat; eng
/works/OL38752769W,1899,Robinson Ellis,Nova anthologia Oxoniensis,,Clarendon Press,English poetry; Translations into Greek; Greek poetry; Translations into Latin; Latin poetry,1,lat; grc
/works/OL102318W,1899,Seneca the Younger,De beneficiis,,G. Bell,Conduct of life; Early works to 1800; Ethics; Ancient Ethics; Early works to 1900; Benevolence,13,lat; ita; eng; spa; fre
/works/OL15223055W,1899,Seneca the Younger,Two tragedies of Seneca,"Harris, Ella Isabel, 1859-1928, tr.","Houghton, Mifflin and company",Drama; Hecuba (Legendary character); Translations into English; Medea (Greek mythology); Trojan War,1,eng; gre
/works/OL963035W,1899,Sextus Julius Frontinus,The two books on the water supply of the city of Rome of Sextus Julius Frontinus,,"Longmans, Green, and co.",Aqueducts; Sanitary engineering; Water-supply; Sanitary Engineering,3,eng
/works/OL16820267W,1899,Suetonius,History of Twelve Caesars,,London D. Nutt,Emperors; History,1,eng
/works/OL1261032W,1899,Titus Livius,Hannibal's first campaign in Italy,,G. Bell,,1,eng
/works/OL44503871W,1899,Titus Livius; William Charles Flamstead Walters,Livy,,Bell,,2,eng
/works/OL568482W,1899,W. H. D. Rouse,Demonstrations in Latin elegiac verse,,Clarendon Press,Latin language; Metrics and rhythmics; Latin Elegiac poetry,2,eng
/works/OL15886037W,1900,Alphonse Delescluse,Catalogue des actes de Henri de gueldre prince-évêque de Liége,,Société belge de librairie,Sources; Histoire; History; Classical literature; Translations into English,1,fre
/works/OL137823W,1900,Augustine of Hippo,Thirteen homilies of St Augustine on St John XIV,,Cambridge University Press,Latin Sermons; Bible,2,eng
/works/OL10727079W,1900,Augustine of Hippo,Thirteen homilies of St. Augustine on St. John XIV,"Stewart, H. F. 1863-1948 tr.",University Press,Bible; Meditations; Sermons,2,lat; eng
/works/OL42852363W,1900,Augustine of Hippo; Charles Bigg,The confessions of Saint Augustine,,Methuen & Co.,,4,eng
/works/OL16747435W,1900,"Bindley, T. Herbert (Thomas Herbert), 1861-1931; Tertullian; Perpetua Saint.","The Epistle of the Gallican churches, Lugdunum and Vienna",,Society for Promoting Christian Knowledge,Persecution; Martyrs,2,eng
/works/OL10509453W,1900,Boethius,King Alfred's version of the Consolations of Boethius,,Clarendon Press,,1,eng
/works/OL43619366W,1900,Boethius,Selections from the De consolatione philosophiae of Boethius,,"Amherst College, Latin department",,1,eng
/works/OL1393128W,1900,"Boethius; Sedgefield, Walter John; Alfred King of England",King Alfred's Version Of The Consolations Of Boethius,Walter John Sedgefield (Translator),"Kessinger Publishing, LLC",Christian life; Early works to 1800; Happiness; Philosophy and religion,6,eng
/works/OL15217579W,1900,Cicero,Cicero's masterpieces,,T. Nelson,,1,eng
/works/OL15218003W,1900,Cicero,Orations and essays of Marcus Tullius Cicero,,Appleton,"Translations into English; Speeches, addresses, etc., Latin",1,eng
/works/OL15218005W,1900,Cicero,Orations of Cicero,"Guthrie, William, 1708-1770 tr.",T. Waller,,3,eng
/works/OL15966333W,1900,Cicero,Philippic II,,Clive,,1,eng; lat
/works/OL15360306W,1900,Cicero,The orations of Cicero against Catiline,,Morang,,5,eng; lat
/works/OL1184866W,1900,Colette,Gigi,,Hachette,Fiction; In literature; Romance Frances; Social life and customs; Translations into English; French Literature; 20th Century; 20th Century Fiction; novella; Continental european fiction (fictional works by one author),21,fre; eng
/works/OL1130802W,1900,Conte Baldassarre Castiglione; Baldesar Castilgione,Libro del cortegiano,"Colin, Jacques, 1485?-1547, translator",Penguin,"Court and courtiers; Courtesy; Courts and courtiers; Early works to 1800; Latin American literature; Medieval and modern Latin literature; Congregational churches; Theology; Continental european fiction (fictional works by one author); Castiglione, baldassare, conte, 1478-1529",55,eng; ger; spa; lat; fre; und; ita
/works/OL19802765W,1900,Cornelius Marshal Lowe; Nathaniel Butler ; Arthur Tappan Walker ,Bellum helveticum: for beginners in Latin,,"Scott, Foresman and Company",Latin language; Grammar; Readers,1,eng; lat
/works/OL37857792W,1900,Daniel Foucachon; Marcus Tullius Cicero; Julius Caesar,Roman Historians,,"Roman Roads Media, LLC","Literature, collections; Literature, history and criticism",1,eng
/works/OL8397636W,1900,Desiderius Erasmus,Adages,Denis L. Drysdall (Translator),University of Toronto Press,Translations into English; Latin Proverbs; Greek Proverbs; Greek Maxims; Latin Maxims; History and criticism; Maxims; Renaissance; Theology; Early works to 1800,7,eng
/works/OL16196531W,1900,Desiderius Erasmus,The colloquies,,Gibbings,,1,eng
/works/OL29262373W,1900,Desiderius Erasmus,"The colloquies of Desiderius Erasmus concerning men, manners and things",,"Gibbings & company, limited",,1,eng
/works/OL22468934W,1900,"Drury, William","Alvredus sive Alfredus, tragi-comoedia",,,"Drama; Kings and rulers; College and school drama, Latin (Medieval and modern); Anglo-Saxons; Translations into English; History",1,lat
/works/OL10424938W,1900,Francis Bacon,Bacon,,Presses universitaires de France,Philosophy,6,eng; fre
/works/OL10424917W,1900,Francis Bacon,Of studies,,Sine nomine,Early works to 1800; Books and reading; Learning and scholarship; Intellectual life,2,eng
/works/OL13098362W,1900,Francis Bacon,The Essayes Or Counsels Civill and Morall of Francis Bacon,,Easton,English Philosophy,2,eng
/works/OL69447W,1900,Francis Bacon,The essays of Francis Bacon,,BiblioBazaar,Essays (single author); Readers; Essays; Juvenile literature; English essays; Conduct of life; Fame,20,eng
/works/OL17037424W,1900,Francis Bacon,The essays or counsels,,W.B. Conkey company,Aphorisms and apothegms,1,eng
/works/OL42887548W,1900,Frank Justus Miller; Virgil; J. Raleigh Nelson,Dido,,"Silver, Burdett",Incidental music; Vocal scores with piano,1,eng
/works/OL10306928W,1900,Gaius Julius Caesar,Caesar: The Invasion of Britain =,,W.B. Clive,,1,eng
/works/OL8009267W,1900,Gaius Julius Caesar,Commentarii: Volume I,,"Oxford University Press, USA","Gaul, history",2,eng; lat
/works/OL10509616W,1900,Gaius Julius Caesar,Commentariorum pars posterior qua continentur,,Clarendon Press,"Gaul, history",1,eng
/works/OL10307072W,1900,Gaius Julius Caesar,Commentariorum pars posterior qua continentur libri III De bello civili,,E Typographeo Clarendoniano,,2,eng; lat
/works/OL1150512W,1900,Gaius Julius Caesar,Cæsar's Commentaries,"Clark, Thomas, 1787-1860. tr.",D. McKay,History,1,eng
/works/OL15705603W,1900,Gaius Julius Caesar,"De bello Gallico, liber sextus",,Bell,,1,eng; lat
/works/OL10307032W,1900,Gaius Julius Caesar,Gallic War VII,,,,1,eng
/works/OL16255738W,1900,Gaius Julius Caesar,The Beginner's Cæsar,,Printed by Stilwell & Ross,"Problems, exercises; Gaul; History; Latin language; Readers",1,eng
/works/OL68268W,1900,Gaius Valerius Catullus,Catvlli Carmina,,"Piazza Press, Issued to subscribers by P. Davies","Love poetry, Latin",3,eng; lat
/works/OL7905354W,1900,H. R. Heatley,The new Gradatim,,Ginn & co.,Composition and exercises; Latin language; Translating into English,5,eng; lat
/works/OL38756511W,1900,Heinrich Cornelius Agrippa von Nettesheim,The commendation of matrimony,"Clapham, David, -1551, translator",in aedibus Thomae Bertheleti,Marriage,1,eng
/works/OL44518624W,1900,Julius Caesar,Caesars̓ commentaries on the civil war,,Hinds & Noble,History,1,eng
/works/OL573192W,1900,Knut Hamsun; Tore Rem; Terence Cave,Pan,"Worster, William W., tr.",Langen/Müller,"Norway in fiction; Fiction; Norwegian fiction; Translations into English; Classic Literature; Suicide; Norwegian Love stories; Fiction, general; Literature; Continental european fiction (fictional works by one author)",96,eng; fre; ger; spa; yid; fin; nor; dan; kur; heb
/works/OL32011842W,1900,Lucius Annaeus Seneca,L. Annaeus Seneca.  I. Tranquillity of mind.  II. Providence,"Langsdorf, William Bell, 1866-1940, translator",G. P. Putnam's Sons,Conduct of life; Providence and government of God,1,eng
/works/OL658248W,1900,Lucius Apuleius,Apologia,,S. Fevrier,"Early works to 1800; Magic; Speeches, addresses, etc., Latin; Translations into English; Translations into Italian; Translations into Spanish; Trials, litigation; Apuleius; Speeches, addresses, etc.; Latin literature, translations into english",11,ger; ita; spa; eng; lat
/works/OL658244W,1900,Lucius Apuleius,Apulei Platonici Madaurensis Opera quae supersunt,,Teubner,Ancient Philosophy,5,eng; lat
/works/OL39449474W,1900,Lucius Apuleius,Opera,,Pincius,,1,lat; eng
/works/OL2863772W,1900,Lucius Junius Moderatus Columella,De re rustica,,Harvard university Press,"Agriculture; Didactic poetry, Latin; Early works to 1800; Gardening; Latin Didactic poetry; Poetry; Translations into Italian; Agriculture, early works to 1800",20,eng; pol; lat; fre; ita; mul
/works/OL2208037W,1900,Luis de Góngora y Argote; Alfonso Callejo; Maria Teresa Pajares,Polifemo,,Barruffdi,"Poetry; Galatea, sea nymph (Greek deity); Polyphemus (Greek mythology); Polyphemus; Concordances; Galatea (Greek deity); Spanish Poetry; Gongora y Argote, Luis de; Latin american poetry, translations into english; Greek poetry",13,fre; ita; spa; eng
/works/OL1961811W,1900,Luo Guanzhong; C. H. Brewitt-Taylor,Romance of the three kingdoms,Moss Roberts (Translator),Distributed in North America by Tuttle Pub.,"Three kingdoms, 220-265; Epic literature, Chinese; Chinese Epic literature; Translations into English; Fiction; China; History; Historical fiction; Chinese Novel And Short Story; Unassigned Title",71,eng; chi; fre; jpn; vie; kor; lao; tha
/works/OL962240W,1900,Marquis de Sade,Justine,"Berman, Harold, 1904- editor and translator.",Pauvert,"Facsimiles; Manuscripts; Novela erótica; French Manuscripts; Fiction; Fiction, erotica, general; Erotic Literature; Sisters; Orphans; Translations into English",102,spa; ita; ger; fre; rus; dut; jpn; und; eng
/works/OL11823247W,1900,Mathias Faber,Fabri conciones,,Christian Press Association Pub. co.,"Catholic Church; Church year sermons; English Sermons; Latin Sermons; Sermons; Sermons, English; Sermons, Latin; Translations into English",2,eng
/works/OL15516736W,1900,Ovid,"A Term of Ovid: Ten Stories from the Metamorphoses, for Boys and Girls",,American Book Co.,Juvenile literature; Mythology; Metamorphosis; Latin Fables; Classical Mythology; Translations into English,1,
/works/OL97747W,1900,Ovid,A term of Ovid,,American Book Co.,Mythology; Metamorphosis; Latin Fables; Classical Mythology; Juvenile literature; Poetry; Translations into English; Latin language; Readers,2,eng; lat
/works/OL97761W,1900,Ovid,Selected works,,Les Belles lettres,"Love poetry, Latin; Love-letters; Latin Elegiac poetry; Latin Epistolary poetry; Latin Love poetry; Classical Mythology; Poetry; Metamorphosis; Mythology",6,lat; eng; fre
/works/OL16200710W,1900,P. Cornelius Tacitus,Annals I,,Clive,,2,eng; lat
/works/OL1108270W,1900,P. Cornelius Tacitus,De vita et moribus Julii Agricolae,,Allyn,,2,lat; eng
/works/OL44147100W,1900,P. Cornelius Tacitus,The Germany and the Agricola of Tacitus,,A. Hinds,,1,eng
/works/OL37442338W,1900,Petronius Arbiter,The Satyricon of T. Petronius Arbiter,,"Small, Maynard & Co.",,1,eng; lat
/works/OL15237368W,1900,Publius Vergilius Maro,A translation of Vergil's Aeneid I.,,Clive,,1,eng
/works/OL16280148W,1900,Publius Vergilius Maro,"Aeneid, Books I. to VI",,Cornish,,2,eng
/works/OL16280149W,1900,Publius Vergilius Maro,"Aeneid, Books IX and X",,Clive,,2,eng; lat
/works/OL16280150W,1900,Publius Vergilius Maro,"Aeneid, Books VII-X",,Clive,,2,eng; lat
/works/OL16280206W,1900,Publius Vergilius Maro,Aeneidos liber tertius,,Bell,Legends; Poetry; Latin Epic poetry; Aeneas (Legendary character),2,eng; lat
/works/OL15237156W,1900,Publius Vergilius Maro,"Dido, an epic tragedy",,"Silver, Burdett and Co.",Latin Epic poetry; Aeneas (Legendary character) .; Dido (Legendary character); Adaptations,1,eng
/works/OL16750777W,1900,Publius Vergilius Maro,"Georgics, I., II",,Clive,,1,eng
/works/OL47074W,1900,Publius Vergilius Maro,"The Aeneid of Virgil, Books VII-XII",,Macmillan,,2,eng
/works/OL15237111W,1900,Publius Vergilius Maro,The Aeneids of Virgil done into English verse by William Morris,,Longmans,,1,eng
/works/OL16750778W,1900,Publius Vergilius Maro,"The Georgics, Books I., II",,Murray,,1,eng
/works/OL18113889W,1900,Publius Vergilius Maro,The works of Virgil,,David McKay,Translations into English; Latin literature,1,eng
/works/OL15237443W,1900,Publius Vergilius Maro,Vergil,,"Oxford University Press, USA",Poetry (poetic works by one author); Latin Epic poetry; History and criticism; In literature,2,lat; eng
/works/OL47122W,1900,Publius Vergilius Maro,Virgil's works,,Carlton House,Translations into English; Latin literature,4,eng
/works/OL10702927W,1900,Publius Vergilius Maro; J.L. Whiteley; H.E. Gould,"Aeneid, IV",,Duckworth Publishers,"Aeneas (Legendary character); Epic poetry, Latin; History; Latin Epic poetry; Poetry; Trojan War; Works by individual poets: classical, early & medieval; Literature - Classics / Criticism",5,eng; lat
/works/OL3800819W,1900,Rainer Maria Rilke,Poems,"Lemont, Jessie, tr.",Königshausen & Neumann,Correspondence; Translations into Chinese; German Authors; Translations into Romanian; Translations into English; Poesia; German poetry; Homes and haunts; Greek Translations; English Translations,101,eng; fre; por; ger; hun; rum; chi; rus; ita; gre; cat; swe
/works/OL38851762W,1900,Roger Bacon,The 'Opus majus' of Roger Bacon,,Williams,,1,eng
/works/OL16245529W,1900,Roger Bacon,The mirror of alchimy,,Oliue,Alchemy; Early works to 1800,2,eng
/works/OL68141W,1900,Romain Rolland,Jean-Christophe,"Cannan, Gilbert, 1884-1955, tr.",William Heinemann,Musicians in fiction; Musicians; Fiction; French literature; Translations into Chinese; Translations from French; Chinese fiction; French fiction; Translations into English; Continental european fiction (fictional works by one author),108,chi; und; ger; fre; yid; eng
/works/OL19657880W,1900,Saint Albertus Magnus,Albertus Magnus,,Sine nomine,Veterinary medicine; Magic; Medieval Medicine,2,eng
/works/OL2131265W,1900,Saint Isidore of Seville,Etymologiae,,E Typographeo Clarendoniano,"Agriculture; Church Latin; Cosmography; Didactic literature, Latin (Medieval and modern); Early works to 1600; Early works to 1800; Encyclopedias and dictionaries; Etymology; Latin language; Latin language, Medieval and modern",23,eng; spa; lat; fre; ita
/works/OL936036W,1900,Sallust,C. Sallusti Crispi Catilina,,Cambridge UniversityPress,,2,lat; eng
/works/OL5490110W,1900,Sallust,The Cataline of Sallust,,Macmillan,,1,eng
/works/OL102308W,1900,Seneca the Younger,Agamemnon,,Cambridge University Press,"Agamemnon (Greek mythology); Drama; Manuscripts; Drama, collections",7,ita; lat; eng
/works/OL102292W,1900,Seneca the Younger,Philosophische Schriften,,F. Meiner,"Early works to 1800; Philosophy; Soldiers; Ohio Infantry. 11th Regt., 1861-1864; Ohio Infantry; Biography",3,ger; eng; lat
/works/OL33219514W,1900,Terence,The comedies of Publius Terentius Afer,,Privately printed for The Roman Society,Translations into English,1,eng
/works/OL16747429W,1900,Tertullian; Perpetua Saint.; T. Herbert Bindley,"The Epistle of the Gallican churches, Lugdunum and Vienna",,E. & J. B. Young,Persecution; Martyrs,1,eng; lat
/works/OL546809W,1900,Thomas Aquinas,"The bread of life, or, St. Thomas Aquinas on the adorable sacrament of the altar",,"Burns, Oates & Washbourne",Meditations; Lord's Supper,2,eng
/works/OL17045665W,1900,Thomas More,Leaves from the More blackletter folio,,De La Salle Scholasticate,,1,eng
/works/OL44396735W,1900,Thomas More; William Roper,"The ""Utopia"" and The history of Edward V.",,"Walter Scott Publishing Co., Ltd.",,1,eng
/works/OL1548671W,1900,Titus Lucretius Carus,Lucretius on life and death,,A. and C. Black,,6,mul; eng
/works/OL1548620W,1900,Titus Lucretius Carus,"Lucretius on life and death, in the metre of Omar Khayya m",,John Lane,,1,eng
/works/OL15040446W,1900,Titus Lucretius Carus,"Lucretius on life and death, in the metre of Omar Khayyam to which are appended parallel passages from the original by W.H. Mallock",,A. and C. Black,,1,eng
/works/OL1548621W,1900,Titus Lucretius Carus,"Lucretius on life and death, in the metre of Omar Khayyám",,John Lane,,2,eng
/works/OL38758557W,1900,Titus Lucretius Carus,"Lucretius on life and death, in the metre of Omar Khayyām",,Lane,,1,lat; eng
/works/OL17690866W,1900,Titus Lucretius Carus,T. Lucreti Cari De rerum natura libri sex,,G. Bell and sons,Biology,1,eng
/works/OL481451W,1900,Titus Maccius Plautus,T. Macci Plavti Captivi,,Adamant Media Corporation,,4,lat; eng; ger
/works/OL42487966W,1900,Titus Maccius Plautus; Ettore Paratore,Casina,,Sansoni,,2,ita; eng; lat
/works/OL11675949W,1900,"Tsʻao, Hsüeh-chʻin.; (qing) Cao, xue qin; Cao xue qin",Hong lou meng,"Bsod-nams-don-grub, translator",Xinshiji,"Chinese fiction; Translations into English; China, fiction; Fiction, general; Near and far eastern fiction (fictional works by one author); Fiction; History; Baoyu Jia (Fictitious character); Upper class; Social life and customs",152,spa; fre; cmn; chi; eng
/works/OL43460899W,1900,"Virgil; Surrey, Harry Howard earl of; Roxburghe Club",Certain bokes of Virgiles Aenaeis,,Printed by A.J. Valpy,,1,eng
/works/OL3593545W,1900,Wu Cheng'en; Eleanor Hazard; Chʻeng-en Wu,Xi you ji,,Shanghai gu ji chu ban she,Buddhist Priests; Chinese Folk literature; Chinese fiction; Fiction; Folklore; Japanese language; Juvenile literature; Legends; Church and social problems; Catholic Church,132,kor; fre; cmn; jpn; chi; vie; eng; mon; rus
/works/OL166923W,1900,Фёдор Михайлович Достоевский,Игрокъ,"MacAndrew, Andrew Robert, 1911- tr.",Alianza,"Translations into English; Continental european fiction (fictional works by one author); Gamblers; Fiction; Compulsive gamblers; Fiction, action & adventure; Fiction, general; Germany, fiction; Psychological fiction; Gamblers -- Fiction",140,eng; chi; por; ger; fre; spa; dut; rus; ita; und
/works/OL15701867W,1901,Charles Pliny Brigham,Triumphant America; episodes of the nineteenth century,,J. S. Bridges and co.,,1,eng
/works/OL38748441W,1901,Cornelius Tacitus,"Tacitus, Histories",,The University Press,,1,eng
/works/OL679821W,1901,Desiderius Erasmus,A sermon on the child Jesus,,Bell,Latin Sermons; Translations into English; Devotional literature,1,eng
/works/OL15227127W,1901,Desiderius Erasmus,Erasmi concio de puero Jesu =,,G. Bell,Childhood,1,eng
/works/OL679652W,1901,Desiderius Erasmus,Erasmi concis de puero Iesu,,Bell,,1,eng
/works/OL679644W,1901,Desiderius Erasmus,The Epistles of Erasmus,"Nichols, Francis Morgan, 1826- ed. and tr.","Longmans, Green, and co.",,3,eng
/works/OL679867W,1901,Desiderius Erasmus,The epistles of Erasmus from his earliest letters to his fifty-first year arranged in order of time,,"Longmans, Green",Correspondence,2,eng
/works/OL15464147W,1901,Desiderius Erasmus,"The epistles of Erasmus, from his earliest letters to his fifty-first year, arranged in order of time",,"Longmans, Green",,1,eng
/works/OL15332889W,1901,Francis Bacon,"Famous Utopias: Being the Complete Text of Rousseau's Social Contract, More's Utopia, Bacon's ..",,Tudor Publishing Co.,Utopias; Political science; Social contract,1,eng
/works/OL18518523W,1901,Frank Justus Miller,Studies in the poetry of Italy,,Chautauqua Assembly,Latin poetry; History and criticism; Italian poetry; Epic poetry,1,eng
/works/OL658156W,1901,Lucius Apuleius,De Cupidinis et Psyches amoribus fabula anilis,,Vale Press,Fiction; Classical mythology in fiction; Eros (Greek deity); Classical Mythology; Psyche (Greek deity),2,lat; eng
/works/OL44398727W,1901,Lucius Apuleius; A. J. Pons,Lucii Apuleii Cupidinis et Psyches historia,,prostat solis subscribentibus apud G. Barrie et filium,,1,eng; lat
/works/OL16333268W,1901,Oscar Kuhns; Frank Justus Miller,Studies in the poetry of Italy,,Chautauqua assembly,Latin poetry; History and criticism; Italian poetry,1,eng
/works/OL2739643W,1901,Pope Gregory I; Paul Woodroffe,The little flowers of Saint Benet,,"Kegan, Paul, Trench, Trübner",,2,eng
/works/OL15237095W,1901,Publius Vergilius Maro,"The Aeneid of Vergil, book I",,David McKay,,1,eng
/works/OL10702930W,1901,Publius Vergilius Maro,"The Aeneid of Virgil, book I.",,Hinds & Noble,,1,eng
/works/OL19599542W,1901,Publius Vergilius Maro; Robinson Ellis,Aetna,,Clarendon Press,,1,eng
/works/OL16730436W,1901,Robinson Ellis; Virgil; Lucilius Junior,Aetna,,Clarendon Press,,1,eng; lat
/works/OL1087504W,1901,Saint Bernard of Clairvaux; Paul Verdeyen; Raffaele Fassetta,Sermones super Cantica Canticorum,,Éditions du Cerf,"Incunabula; Bible; English Sermons; Latin Sermons; Sermons, Italian; Translations into English; Italian Sermons; Medieval Sermons; Early works to 1800; Sermons, Medieval",18,eng; ita; fre; lat
/works/OL31261489W,1901,Sir Thomas More,Utopia,,Pocket Books (Washington Square Press),Utopias,7,eng
/works/OL481240W,1901,Titus Maccius Plautus,"Auluaria, with notes critical and exegetical",,George Bell and Sons,,1,eng
/works/OL481285W,1901,Titus Maccius Plautus,"The Latin play, The two captives of Plautus",,The College,,1,lat; eng
/works/OL55419W,1901,Антон Павлович Чехов,Три сестры,"Kipnis, Leonid, tr.",Escelicer,Drama; Russian language; Readers; Sisters; Translations into English; History; Continental european drama (dramatic works by one author); Continental european fiction (fictional works by one author); Drama (dramatic works by one author); Russian drama,108,eng; fre; mal; ger; spa; rus
/works/OL631007W,1902,André Gide,L'immoraliste,Dorothy Bussy (Translator),Mercvre de France,French language; Readers; Textbooks for foreign speakers; French fiction; Translations into English; Gay men; Fiction; French literature; Disease in literature; Tuberculosis,117,eng; fre; ger; spa; jpn; vie; ita; heb
/works/OL137834W,1902,Augustine of Hippo,King Alfred's Old English version of St. Augustine's Soliloquies,"Hargrove, Henry Lee, tr.",H. Holt,"Early works to 1800; Knowledge, Theory of (Religion)",3,ang; eng; lat
/works/OL15055781W,1902,Augustine of Hippo,Thirteen homiles of St. Augustine on St John XIV,,University Press,"Criticism, interpretation; Bible",1,eng
/works/OL42477100W,1902,Boethius; W. V. Cooper,The consolation of philosophy,,J. M. Dent and co.,Philosophy and religion; Early works to 1800; Consolation; Happiness,1,eng
/works/OL349832W,1902,Catholic Church; D. H. Turner,The Hastings hours,,[Henry Bradshaw Society],Books of hours; Catholic Church; English; Facsimiles; Flemish Illumination of books and manuscripts; Hours; Incunabula; Latin; Latin Rite; Liturgies,19,eng; fre; mul; lat; und; cat
/works/OL67443W,1902,Cicero,Pro Sexto Roscio Amerino,,Clarendon Press,"Mathematics, study and teaching",3,eng; lat
/works/OL38750799W,1902,Cornelius Tacitus,The Sixth book of the Annals,,Macmillan,History,1,eng
/works/OL679883W,1902,Desiderius Erasmus,Select Colloquies Of Erasmus,,Univ. of Pennsylvania,,3,eng
/works/OL1041084W,1902,Edward Carpenter,Ioläus,,Independently Published,"Homosexuality; Literary collections; Friendship; LGBTQ fiction before Stonewall; Friendship -- Literary collections; Homosexuality, Male -- Literary collections; Literature -- Translations into English; Friendship -- Greece; Classical poetry -- Translations into English; English poetry -- Translations from classical literature",33,eng
/works/OL69431W,1902,Francis Bacon,Of gardens,,Fleece,Gardening; Gardens,7,eng
/works/OL18100258W,1902,Frank Justus Miller,Second Latin book,,"Scott, Foresman and company",Latin language; Readers,1,eng
/works/OL1150496W,1902,Gaius Julius Caesar,C. Ivli Caesaris De bello gallico libri IV,,D. Appleton and Company,History,1,eng; lat
/works/OL17058658W,1902,Horace,Satires and Epistles,,Unit library,,1,eng
/works/OL15097657W,1902,Horace,The Odes in Latin and English,"Francis, Philip, 1708?-1773, tr.","Unit Library, Ltd.",Translations into English; Latin Laudatory poetry,1,eng
/works/OL88156W,1902,Horace,"The satires, Epistles and Art of poetry of Horace",,Bell,,2,eng; mul
/works/OL228641W,1902,James Joseph Baxter,Sermons from the Latins,,Benziger Brothers,Catholic Church; Latin Sermons; Translations into English; Sermons; English Sermons; Translations from Latin,3,eng
/works/OL1622789W,1902,José Rizal,Noli Me Tangere,"Harold Augenbraum (Introduction, Translator)",Arkose Press,"Economics; Classic Literature; Fiction; Fiction, historical, general; Philippines, fiction; Fiction, humorous, general; Man-woman relationships, fiction; History; Translations into English; Fiction, general",131,eng; fre; spa; tgl; ita
/works/OL18459584W,1902,Marcus Valerius Martialis,Epigrammata,,Clarendon Press,Epigrams,1,eng
/works/OL5066621W,1902,Pope Leo XIII,"Poems, charades, inscriptions of Pope Leo XIII",,American ecclesiastical review,Translations from Latin; Hymns; English Hymns; Latin Hymns; Catholic Church; Latin poetry; Translations into English; Italian poetry,3,lat; eng; ita; mul
/works/OL970350W,1902,Publius Papinius Statius,Achilleis,,Teubner,Achilles (Greek mythology); Achilles (Greek mythology) in literature; Latin Epic poetry; Poetry; Latin language materials; Poetry (poetic works by one author); Translations into English,13,eng; fre; ita; lat
/works/OL18122339W,1902,Publius Vergilius Maro,The Aeneid of Virgil translated into English verse,"Conington, John, 1825-1869, tr.",A. C. Armstrong,,1,eng
/works/OL15237110W,1902,Publius Vergilius Maro,The Aeneids of Virgil done into English verse,"Morris, William, 1834-1896, translator.","Longmans, Green and Co",,1,eng
/works/OL16280223W,1902,Publius Vergilius Maro,Virgil's Aeneid books I-VI,,Allyn and Bacon,Poetry; Aeneas (Legendary character); Latin Epic poetry; Latin language; Readers,8,lat; eng; und
/works/OL1097441W,1902,Roger Bacon,The Greek grammar of Roger Bacon and a fragment of his Hebrew grammar,,The University Press,Grammar; Greek language; Hebrew language; Early works to 1500,2,eng
/works/OL16109430W,1902,Sallust,De Catilinae coniuratione,,Presses universitaires de France,History,2,lat; eng
/works/OL19771488W,1902,Seneca the Younger,The satire of Seneca on the apotheosis of Claudius,,Macmillan,,1,eng
/works/OL15223004W,1902,Seneca the Younger,"The satire on the apotheosis of Claudius, commonly called the 'Apokolokuntósis",,Columbia University Press,,1,eng
/works/OL15223077W,1902,Seneca the Younger,The ten tragedies of Seneca..,,"S. Sonnenschein & co., lim.",,1,eng
/works/OL546804W,1902,Thomas Aquinas,An apology for the religious orders,,Sands,Monasticism and religious orders; Apologetics; Early works to 1800,2,eng
/works/OL17763448W,1902,Thomas Aquinas,"The religious state, the episcopate and the priestly office",,B. Herder,Early works to 1800; Religious life; Bishops; Clergy; Catholic Church; Perfection,1,eng
/works/OL1090148W,1902,Thomas More,Life in Utopia,,Directors of the Old South Work,Utopias; Early works to 1800,1,eng
/works/OL1090124W,1902,Thomas More,The discourses of Raphael Hythloday,"Burnet, Gilbert, 1643-1715, tr.",Printed at the Cranbrook press [by George G. Booth],Utopias; Early works to 1800,1,eng
/works/OL16761548W,1902,Titus Livius,"Livy, Book 21",,W.B. Clive,,1,eng
/works/OL33198142W,1902,Titus Livius,"Livy, book II",,University Press,,1,eng
/works/OL38717772W,1902,Titus Livius,"Livy, books XXI. and XXII. Hannibal's first campaign in Italy",,Macmillan,,1,eng
/works/OL481452W,1902,Titus Maccius Plautus,T. Macci Plavti Mostellaria,,Allyn and Bacon,Latin language materials,4,eng; lat
/works/OL267162W,1902,Лев Толстой; Richard Pevear (translator); Larissa Volokhonsky (translator),The Death of Ivan Ilych and other stories,"Rosemary Edmonds (Introduction, Translator)",Penguin Books,"Translations into English; Fiction, short stories (single author); Continental european fiction (fictional works by one author); Russian Short stories; Fiction; Classic Literature; Slavic philology; Russian fiction; Russian literature; Tolstoy, leo, graf, 1828-1910",40,eng; mul
/works/OL16745865W,1903,,"The Drama; its history, literature and influence on civilization",,The Athenian Society,"Drama; Greek drama; History and criticism; Translations from foreign literature; English drama; Translations into English; Oriental literature; Italian drama; Spanish drama; Plots (Drama, novel, etc.)",1,
/works/OL16325719W,1903,Alfred Bates,The Drama,,The Athenian Society,"Drama; Translations from foreign languages; Collections; English drama; Plots (Drama, novel, etc.); History and criticism; Greek drama; Translations into English; Latin drama; Oriental literature",3,eng
/works/OL10328495W,1903,Cicero,"M.T. Cicero's Cato Major, or his Discourse of old-age",,per M. Herbipolensem,Old age; Early works to 1800; Friendship,9,eng; lat
/works/OL12249998W,1903,Cicero,Marcus Tvllius Cicero,,The Macmillan company,"Translations into English; Speeches, addresses, etc., Latin",1,eng
/works/OL15218231W,1903,Cicero,"Ten orations, with the letters to his wife",,Macmillan,,2,lat; eng
/works/OL35553976W,1903,Francis Bacon,On gardens,,Robt. Rivière,Gardening,2,eng
/works/OL15226769W,1903,Gaius Julius Caesar,An open door to Caesar,,Hinds and Noble,Latin language; Gaul; History; Readers,1,eng
/works/OL10306916W,1903,Gaius Julius Caesar,An open door to Cæsar,,Hinds and Noble,,1,eng
/works/OL15924756W,1903,Gaius Julius Caesar,C. Iuli Caesaris De bello Gallico libri VII =,,D. C. Heath,History,1,eng; lat
/works/OL142539W,1903,Gordon Jennings Laing,Masterpieces of Latin literature,,Houghton,Translations into English; Latin literature; Literary collections; English literature; Translations; Collections,5,lat; eng; und
/works/OL16324838W,1903,Henry Charles Finch Mason,Compositions & translations,,C. J. Clay and Sons,Translations into Greek; Translations from English; Greek poetry; English poetry; Translations into Latin; Latin poetry; Translations,1,eng; gre; lat
/works/OL15097842W,1903,Horace,"The odes of Horace, and his Secular hymn, rendered in English verse",,"Digby, Long & co.",,2,eng
/works/OL38877850W,1903,Juvenal,D. Iuni Iuvenalis Saturarum libri V,,Heath,Poetry; Early works to 1800,1,lat; eng
/works/OL12581565W,1903,"Mackrell, Perceval Mrs.",Hymns of the Christian centuries,,George Allen,"English Hymns; Hymns, English; Hymns, Latin; Latin Hymns; Translations into English",2,eng
/works/OL231076W,1903,Otto Fest,"Über Surrey's Virgilübersetzung, nebst neuausgabe des vierten buches nach Tottel's originaldruck und der bisher ungedruckten hs. Hargrave 205 (Brit. mus.)",,Mayer & Müller,History; Translations into English; Knowledge; Blank verse; Translating and interpreting; History and criticism; English language; Latin language; Versification; Translating into English,2,ger
/works/OL38747404W,1903,Quintilian,Quintiliani Institutionis oratoriae liber x,,Clarendon Press,,2,lat; eng
/works/OL19817540W,1903,Quintilian; John Selby Watson,Quintilian's Institutes of oratory,,G. Bell,Oratory,1,
/works/OL812823W,1903,Suetonius,"Gai Suetoni Tranquilli de vita Caesarum, libri III-VI",,Allyn and Bacon,Early works to 1800; Emperors; Biography; History; Latin language materials,3,eng; lat
/works/OL1085832W,1903,Thomas Heywood,Pleasant dialogues and dramma's,,Kraus Reprint,Classical literature; Translations into English,6,eng
/works/OL1090228W,1903,Thomas More,The four last things,,"Burns, Oates, and Washbourne, ltd.",Catholic Church; Catholic authors; Conscience; Death; Doctrines; Early works to 1800; Heaven; Hell; Judgment of God; Purgatory,4,eng
/works/OL44746060W,1903,Thomas More; Ralph Robinson; William Roper,Utopia,,Printed at the Chiswick press for George Bell and sons,,3,eng; lat
/works/OL1261089W,1903,Titus Livius,The story of the kings of Rome,,University Press,,1,eng; lat
/works/OL43502154W,1903,Titus Lucretius Carus; W. H. D. Rouse,De rerum natura,,Harvard University Press,Philosophy; Ancient; Didactic poetry,2,eng; lat
/works/OL481388W,1903,Titus Maccius Plautus,The Trinvmmvs of Plautus,,B.H. Sanborn,,1,eng; lat
/works/OL18326090W,1903,Titus Maccius Plautus; Malcolm William Wallace,The birthe of Hercules,,"Scott, Foresman",Latin and English; English drama (Comedy); Comparative Literature; English drama; History and criticism; English and Latin,1,eng
/works/OL16317589W,1903,Titus Maccius Plautus; Malcolm William Wallace; Martin Slaughter,The birthe of Hercules,,"Scott, Foresman",Latin and English; English drama (Comedy); Comparative Literature; English drama; History and criticism; English and Latin,2,eng
/works/OL43528416W,1903,Virgil; Edward Fairfax Taylor,The twelve books of Virgil's Aeneid,,J. M. Dent,Latin Epic poetry; Translations into English; Legends; Poetry,1,eng; lat
/works/OL15078387W,1904,Cicero,Speech of Marcus Tullius Cicero on behalf of Publius Cornelius Sulla,"King, John (John Richard), tr.",Blackwell,,1,eng
/works/OL17086719W,1904,Cicero,The booke of freendeship of Marcus Tullie Cicero,"Harington, John, Sir, 1560-1612, translator",Essex House Press,Early works to 1800; Friendship,1,lat; eng
/works/OL93148W,1904,Dante Alighieri,A translation of the Latin works,,J. M. Dent,Translations into English,3,eng
/works/OL93195W,1904,Dante Alighieri,A translation of the Latin works of Dante Alighieri,"Wicksteed, Philip H. (Philip Henry), 1844-1927, translator",Greenwood Pub Group,"Translations into English; Latin poetry, medieval and modern, translations into english; Dante Alighieri, 1265-1321 -- Translations into English",7,lat; eng
/works/OL15333091W,1904,Francis Bacon,Bacon's essaies,,"Printed for Dodd, Mead & comp'y...",English essays,2,eng
/works/OL14994213W,1904,Francis Bacon,"Collotype facsimile & type transcript of an Elizabethan manuscript preserved at Alnwick castle, Northumberland",,"Longmans, Green",English Manuscripts; Facsimiles,2,eng
/works/OL68287W,1904,Gaius Valerius Catullus,Catulli carmina,,Bell,"Latin poetry; Love poetry, Latin; Poetry; Early works to 1800",8,eng; lat; fre
/works/OL68286W,1904,Gaius Valerius Catullus,The poems of Gaius Valerius Catullus,,Heinemann,,7,eng; lat
/works/OL22290245W,1904,Horace,Translations of the Odes of Horace,,J. M. Dent,Latin Laudatory poetry; Translations into English; Latin Verse satire,1,eng
/works/OL12735389W,1904,Irving Roger Bacon,A method of cheirognomy,,National Pub. Co.,,1,eng
/works/OL34093024W,1904,John Churton Collins; Thomas More,Sir Thomas More's Utopia,,Legare Street Press,,5,eng
/works/OL8720089W,1904,Lucius Apuleius,Cupid and Psyche and other tales from the Golden ass of Apuleius,,Alexander Moring,,1,eng
/works/OL19805714W,1904,Lucius Apuleius; W. H. D. Rouse,"Cupid and Psyche, and Other Tales from the Golden Ass of Apuleius",,De La More Press,,1,
/works/OL16200748W,1904,P. Cornelius Tacitus,Cornelii Taciti Annalium libri XIII-XVI,,Clarendon Press,History,4,eng; mul; lat
/works/OL15922566W,1904,P. Cornelius Tacitus,Cornelli Taciti annalium,,The Clarendon Press,Sources; History,2,eng; lat
/works/OL8396721W,1904,Publius Papinius Statius,Silvae,Anthony Howell (Translator),Clarendon Press,"Classical literature, bibliography; Latin Occasional verse; Translations into English; Latin Laudatory poetry; Poetry; History; History and criticism; In literature",10,eng; lat
/works/OL33150831W,1904,Publius Vergilius Maro,"Alexis, a pastoral of Virgil",,Printed for the Harting Guild,,1,eng
/works/OL25665651W,1904,Tacitus; Henry Furneaux; H. Pitman,Cornelii Taciti Annalium Libri XIII-XVI,,Oxford University Press,"Rome, history",3,eng
/works/OL43005440W,1904,Terence; H. Rushton Fairclough,P. Terenti Afri Andria,,Allyn and Bacon,,2,lat
/works/OL546835W,1904,Thomas Aquinas,"Jesus Christ, the Word incarnate","Sullivan, Florence J., tr.",B. Herder,Person and offices; Early works to 1800,2,eng; ita
/works/OL1261062W,1904,Titus Livius,"Livy, book 22, with introd. and notes by M.T. Tatham",,Clarendon Press,,1,eng
/works/OL1261136W,1904,Titus Livius,"Livy, books I, XXI and XXII",,Noble and Noble,"History; Punic War, 2nd, 218-201 B.C.; Latin language; Readers; Sources",3,lat; eng
/works/OL1261070W,1904,Titus Livius,"Livy, books V, VI, and VII",,Clarendon press,,1,eng
/works/OL13702679W,1904,"Van Buren, James H. bishop",Latin hymns in English verse,,Old corner book store (inc.),Translations into English; Latin Hymns; Hymn writers; Biography; History and criticism,1,eng
/works/OL7901064W,1904,"Van Buren, James Heartt Bp.",Latin hymns in English verse,,Old Corner Book Store,Latin Hymns; Translations into English; English Hymns; Translations into Latin,1,eng
/works/OL17055850W,1905,,Gesta Romanorum,"Swan, Charles, translator.",G. Routledge,"Early works to 1800; Christian literature, Latin (Medieval and modern); Didactic literature, Latin (Medieval and modern); Translations into English; Medieval Tales; Exempla",1,eng
/works/OL961498W,1905,Aurelius Clemens Prudentius,The hymns of Prudentius,,Johns Hopkins University Press,Translations into English; Latin Christian poetry; Latin Hymns,3,eng; mul; lat
/works/OL44869152W,1905,Cicero,Orations literally translated by C.D. Yonge,,Bell,,1,eng
/works/OL39416755W,1905,Desiderius Erasmus,"A book called in Latin Enchiridion militis Christiani and in English The manual of the Christian knight, replenished with most wholesome precepts. ...",,,Christian life; Vie chrétienne,1,lat; eng
/works/OL38492831W,1905,Desiderius Erasmus,"A book called in Latin Enchiridion militis Christiani, and in English The manual of the Christian knight",,Methuen & co.,Christian life; History; Early works to 1800,1,eng; lat
/works/OL15333037W,1905,Francis Bacon,Philosophical Works of Francis Bacon (Library of English Renaissance Literature),,Ayer Co Pub,,1,eng
/works/OL69427W,1905,Francis Bacon,The philosophical works of Francis Bacon,,G. Routledge & Sons,Philosophy; Collected works,6,eng
/works/OL15097544W,1905,Horace,"The epistles, including the Ars poetica",,University Tutorial Press,,1,eng
/works/OL38751054W,1905,Juvenal,D. Iunii Invenalis Saturae,,Apud E. Grant Richards,,1,lat; eng
/works/OL42730310W,1905,Juvenal; A. E. Housman,D. Iunii Iuvenalis Saturae,,Apud E. Grant Richards,,1,lat; eng
/works/OL38877271W,1905,Lucan,The Pharsalia of Lucan,"Riley, Henry T. (Henry Thomas), 1816-1878, translator","Longmans, Green, and co.","Pharsalus, Battle of, Farsala, Greece, 48 B.C.; History",2,lat; eng
/works/OL1446327W,1905,Lysias,Lysias,,W. Heinemann,"Speeches, addresses, etc., Greek; Translations into English; Politics and government; Early works to 1800; History; Greek language materials; Speeches, addresses, etc.; Lysias; Greek literature, translations into english; Athens (greece), politics and government",17,grc; eng; gre
/works/OL17307496W,1905,"Palmer, George Herbert, 1842-1933; Catholic Church",The Hymner,,Plainsong & Medieval Music Society,Hymns; Latin Hymns; Translations into English; Catholic Church; English Hymns; Translations from Latin,2,lat; eng
/works/OL503867W,1905,Petronius,Petronii Centa Trimalchionis,,G. Bell and sons,Latin language materials,1,eng
/works/OL38713232W,1905,Petronius Arbiter,Petronius,"Rouse, W. H. D. (William Henry Denham), 1863-1950, editor, translator",G.P. Putnam's Sons,,3,lat; eng
/works/OL42654572W,1905,Roger Bacon; Robert Steele,Opera hactenus inedita Rogeri Baconi,,E Typographeo Clarendoniano,,1,lat; fre; eng
/works/OL936118W,1905,Sallust,(Sallust's) Catiline and Jugurthine war,,"Hinds, Noble & Eldredge","History; Latin language; Readers; Jugurthine War, 111-105 B.C.",1,eng
/works/OL22066414W,1905,"Small, Charles",Selections from the Gesta Romanorum,"Small, Charles, tr.",Priv. print. by N. H. Dole,"Early works to 1800; Christian literature, Latin (Medieval and modern); Didactic literature, Latin (Medieval and modern); Translations into English; Medieval Tales; Exempla; Latin literature",1,eng
/works/OL38882909W,1905,Thomas Aquinas,Of God and his creatures,,"B. Herder; [etc., etc.",Theology; Early works to 1800; Doctrinal Theology; God,2,lat; eng
/works/OL1261128W,1905,Titus Livius,Horatius and other stories,,Univ. Press,,2,eng; lat
/works/OL1261073W,1905,Titus Livius,Livy; The war with Hannibal,,"Scott, Foresman and company","Punic War, 2nd, 218-201 B.C.",1,eng
/works/OL32810880W,1905,Titus Maccius Plautus,"Plautus, Rudens",,E. Johnson,,1,eng
/works/OL16788107W,1906,,Westminster versions,,B.H. Blackwell,Translations into Latin (Medieval and modern); Translations from English; Medieval and modern Latin poetry; English poetry; Modern Greek poetry; Modern Translations into Greek,1,eng
/works/OL16313601W,1906,,Westminter versions,,Blackwell,Translations into Greek; Greek poetry; English poetry; Translations into Latin; Translations from English; Latin poetry,1,
/works/OL789899W,1906,August Strindberg,Plays,"Faber, Max, tr.",Poet Lore Company,"English Translations; Translations into English; Drama; Swedish drama; History; Continental european drama (dramatic works by one author); Théâtre (Genre littéraire); Plays (performing arts compositions); Drama, collections; Sewdish",91,eng; ger; swe
/works/OL43645784W,1906,Boethius; H. R. James,The Consolation of philosophy of Boethius,,E.P. Dutton & Co.,Philosophy,1,eng
/works/OL679938W,1906,Desiderius Erasmus,Opus epistolarum Des. Erasmi Roterdami,,Typis Mülbianis,"Authors, Latin (Medieval and modern); Bibliography; Correspondence; Folly; Humanists; Intellectual life; Latin Letter writing; Scholars; Sources; Latin language materials",27,dut; eng; fre; lat
/works/OL14989417W,1906,E. M. Forster,Aeneid of Virgil,,Ams Pr Inc,"Latin poetry, translations into english",1,eng
/works/OL69415W,1906,Francis Bacon,"Advancement of learning, and The new Atlantis",,H. Milford,Utopias; Science; Methodology; Logic; Utopies; Sciences; Méthodologie; Logique; Early works to 1800; Theory of Knowledge,18,eng
/works/OL17993649W,1906,Francis Bacon,Francis Bacon's essays,,Dutton,,1,eng
/works/OL69401W,1906,Francis Bacon,Of building,,L.C.C. Central School of Arts & Crafts,,4,eng
/works/OL10424886W,1906,Francis Bacon,"The essayes or counsels civill and morall of Francis Bacon, lord Verulam",,J.M. Dent,,6,eng
/works/OL1150483W,1906,Gaius Julius Caesar,Caesar's Civil war with Pompeius,"Long, Frederick Percy, 1868- ed. and tr.",The Clarendon press,"History; Rome Civil War, 49-45 B.C.",1,eng
/works/OL1391411W,1906,George Buchanan,The sacred dramas of George Buchanan,,J. Thin,Latin literature; Translations into English,1,lat; eng
/works/OL38751468W,1906,Herbert Francis Fox,Westminister versions,,B.H. Blackwell,English poetry; Translations into Latin (Medieval and modern); Medieval and modern Latin poetry; Translations into Greek; Modern Greek poetry,1,lat; eng; gre
/works/OL88157W,1906,Horace,Satires and epistles of Horace in Latin and English,,Hutchinson,,2,eng
/works/OL44628015W,1906,Horace; Eccleston Frederic Du Faur,Horace,,W. Heinemann,Translations into English,2,eng
/works/OL38733228W,1906,Martial,"Select epigrams of Martial, books VII-XII",,Clarendon Press,,1,eng
/works/OL1064284W,1906,Maurice Leblanc,Arsène Lupin contre Herlock Sholmès,"Carter, David R., 1945- translator",Sweet Cherry Publishing,"Fiction; Burglars; Arsène Lupin (Fictitious character); Translations into English; French Adventure stories; Romance literature; Fiction, general",154,spa; ita; ger; fre; por; eng
/works/OL970351W,1906,Publius Papinius Statius,Thebais,"Poynton, John Blackburne, tr.",E.J. Brill,English poetry; Eteocles (Greek mythology); Greek Epic poetry; Latin Epic poetry; Latin poetry; Poetry; Polyneices (Greek mythology); Seven against Thebes (Greek mythology); Sibling rivalry; Translations from Latin,27,eng; ger; lat; fre; ita; gle
/works/OL15237287W,1906,Publius Vergilius Maro,Pvbli Vergili Maronis Aeneidos libri VI,,D. Appleton and company,,2,eng; lat
/works/OL33012986W,1906,Publius Vergilius Maro,The Aeneid of Virgil,,J.M. Dent,Poetry; Latin Epic poetry; Translations into English,1,eng
/works/OL1087503W,1906,Saint Bernard of Clairvaux; Maureen M. O'Brien; Pauline Matarasso,Correspondence,G. R. Evans (Translator),[Nikolaus Kessler],Baptism; Bible; Biography; Bishops; Catholic Church; Christian saints; Correspondence; Doctrines; English Sermons; Latin Sermons,20,lat; eng
/works/OL24486696W,1906,Tacitus; John Jackson,"Annals of Tacitus, Tr. with Noters by A.J. Church and W.J. Brodribb",,"Creative Media Partners, LLC",,9,eng
/works/OL27754656W,1906,Thomas Aquinas,"Compendium of the Summa theologica of St. Thomas Aquinas, pars prima",,Thomas Baker,Theology; History; Doctrines; Catholic Church; Early works to 1800,1,eng
/works/OL1090135W,1906,Thomas More,"A fruteful and pleasaunt worke of the beste state of a publique weale, and of the newe yle called Utopia",,Ashendene Press,Utopias,1,eng
/works/OL1090195W,1906,Thomas More,Utopia and poems,,Methuen & Co,,1,eng
/works/OL1261029W,1906,Titus Livius,Frammenti d'un Livio del V secolo,,Tipografia Vaticana,Latin Manuscripts,1,eng
/works/OL481424W,1906,Titus Maccius Plautus,Scenes from the Rudens of Plautus,,at the University Press,,2,eng; lat
/works/OL27760349W,1907,Augustine of Hippo,Preaching and teaching according to S. Augustine,,A.R. Mowbray,Preaching; Catechetics,1,eng
/works/OL67432W,1907,Cicero,On the nature of the gods,,George Bell,,2,eng
/works/OL15335450W,1907,Confucius,Lun yu,"Soothill, William Edward, 1861-1935, tr.",E. P. Dutton,Chinese Philosophy; 儒家; Translations into English; Chinese classics; Philosophy; 哲學; Lun yü; great_books_of_the_western_world; Early works to 1800; 中國,103,eng; chi; fre; por; spa; jpn; vie; cmn; kor; und
/works/OL38484680W,1907,Desiderius Erasmus,Erasmus Against war,,The Merrymount Press,War; War (Philosophy); Early works to 1800,1,lat; eng
/works/OL15684869W,1907,Gaius Julius Caesar,Tales of the Civil War,,Clar. Press,,1,eng; lat
/works/OL15097582W,1907,Horace,"Horace, the greatest of lyric poets",,[W. Greenwood],Translations into English,1,eng
/works/OL31151196W,1907,Horace; Ferry David; Horace Carmen Saeculare English & Lati,Odes of Horace,,"Creative Media Partners, LLC",,3,eng
/works/OL1064277W,1907,Maurice Leblanc,"Arsène Lupin, gentleman-cambrioleur",George Morehead (Translator),P. Lafitte,"French Detective and mystery stories; Parodies, imitations; Romance Frances; Fiction; Arséne Lupin (Fictitious character); Adventure stories, French; Translations into English; Burglars; Adventures; Arsène Lupin (Fictitious character)",214,eng; ita; ger; chi; fre; urd; spa; por
/works/OL1108111W,1907,P. Cornelius Tacitus,Annalium ab excessu divi Augusti libri = The annals of Tacitus,,Clarendon Press,History,1,eng
/works/OL17062191W,1907,P. Cornelius Tacitus,Tacitus historical works,,J.M. Dent,Germanic peoples; History; Biography; Statesmen,1,eng
/works/OL15237210W,1907,Publius Vergilius Maro,Imtheachta Aeniasa.  The Irish Aeneid,,For the Irish Texts Society by D. Nutt,,1,eng
/works/OL16280018W,1907,Publius Vergilius Maro,Imtheachta Æniasa,,For the Irish texts society by D. Nutt,,1,eng
/works/OL33188668W,1907,Publius Vergilius Maro,The Eclogues & Georgics of Virgil,,J. M. Dent & Co.,,1,eng
/works/OL10702940W,1907,Publius Vergilius Maro,The eclogues and Georgic of Virgil,,J.M. Dent & Sons,"Adaptations; Agriculture; Country life; Didactic poetry, Latin; Latin Didactic poetry; Latin Pastoral poetry; Pastoral poetry, Latin; Poetry; Rome; Virgil",1,eng
/works/OL15237417W,1907,Publius Vergilius Maro,Virgil's Messianic eclogue,,J. Murray,,1,eng
/works/OL16280182W,1907,Publius Vergilius Maro; George Calder,Imtheachta Æniasa,,"D. Nutt, for the Irish Texts Society",Translations into English,2,eng
/works/OL47144W,1907,Publius Vergilius Maro; Géza Némethy; A. Salvatore,Appendix Vergiliana,,apud Guliel. Rouillium,Latin poetry; Philosophy; Appendix Vergiliana; Criticism and interpretation; Catalepton,12,lat; fre; eng; und; ita
/works/OL1339339W,1907,Tertullian,De praescriptione haereticorum,"Labriolle, Pierre Champagne de, 1874-1940 tr.",Brepols,Authority; Christian Heresies; Early works to 1800; Heresies and heretics; History; Religious aspects; Religious aspects of Authority; Tradition (Theology); Valentinians; Religious Psychology,6,ger; eng; lat; fre
/works/OL2029763W,1907,Thomas à Kempis; Michael Joseph Pohl; Vincent Joseph Henry Scully,Sermons to the novices regular,"Scully, Vincent, b. 1876, tr.",Franklin Classics Trade Press,"Latin Sermons; Medieval Sermons; Sermons, Latin; Sermons, Medieval; Translations into English",11,lat; eng; und
/works/OL44678458W,1907,Titus Livius; H. M. Grindon,"Livy, book I.",,W.B. Clive,,1,eng
/works/OL1548667W,1907,Titus Lucretius Carus,T. Lvcreti Cari De rervm natvra libri sex,,The University of Wisconsin Press,Ancient Philosophy; Poetry; Latin Didactic poetry,2,lat; eng
/works/OL3101852W,1908,Alanus de Insulis,The complaint of nature,"Moffat, Douglas Maxwell, b. 1881, tr.",H. Holt and company,"Verse satire, Latin (Medieval and modern); Translations into English; Poetry; Vices",2,eng
/works/OL67537W,1908,Cicero,Cato and Lælius,,in aedibus B.G. Teubneri,Early works to 1800; Ethics; Paradox; Philosophy; Old age; Friendship; Ancient Philosophy; Translations into Russian,14,eng; rus; lat
/works/OL16887110W,1908,Cicero,Essay on friendship (Laelius de amicitia),,W. Briggs,Friendship; Amitié,1,eng
/works/OL33124037W,1908,Cornelius Tacitus,Dialogus,,Clarendon,Translations into English; History; Statesmen; Biography; Ancient Oratory,1,eng
/works/OL7717688W,1908,Daniel Joseph Donahoe,Early Christian Hymns,,"Kessinger Publishing, LLC",Translations into English; Latin Hymns; Translations from Latin; English Hymns,6,eng
/works/OL679530W,1908,Desiderius Erasmus,Altera colloquia latina,,University Press,,1,eng
/works/OL679888W,1908,Desiderius Erasmus,Ciceronianus,"Scott, Izora, 1866- tr.",AMS Press,Early works to 1800; Latin language; Literary style; Oratory; Rhetoric; Style,4,lat; eng
/works/OL679854W,1908,Desiderius Erasmus,Ciceronianus Or A Dialogue On The Best Style Of Speaking,Izora Scott (Translator),"Kessinger Publishing, LLC",,3,eng
/works/OL679902W,1908,Desiderius Erasmus,Selections from Erasmus,,"Aristide D. Caratzas, Publisher",Theologians; Correspondence,4,lat; eng
/works/OL679816W,1908,Desiderius Erasmus,"Selections, principally from his epistles",,Clarendon Press,,1,eng
/works/OL43034031W,1908,Editor) Lucretius (H. A. J. Munro,T. Lucreti Cari De Rerum Natura Libri Sex. With Notes and a Translation by H. A J. Munro. Fourth Edition Finally Revised [Complete in 3 volumes],,George Bell and Sons,,1,eng
/works/OL228369W,1908,Edward Caswall,"Hymns And Poems, Original And Translated",,"Kessinger Publishing, LLC",Christian poetry; English Hymns; Translations into English; Latin Hymns,4,eng
/works/OL130875W,1908,Francis Bacon Trowbridge,The Trowbridge genealogy,,"Printed for the compiler [Press of the Tuttle, Morehouse & Taylor company]",,3,eng
/works/OL35984274W,1908,Frank Justus Miller; Virgil,Two dramatizations from Vergil,,BiblioBazaar,,2,eng
/works/OL10306924W,1908,Gaius Julius Caesar,Caesar's commentaries on the Gallic and Civil wars with the supplementary books attributed to Hirtius,,G. Bell & Sons,History,1,eng
/works/OL1150518W,1908,Gaius Julius Caesar,Four books of Caesar's Gallic war,,American Book Company,History,1,eng
/works/OL19675645W,1908,Gaius Valerius Catullus,Poems of Catullus,,Duckworth,,1,eng
/works/OL3557365W,1908,Henry VIII King of England,Assertio septem sacramentorum,,printed by James Byrn,Sacraments; Catholic Church,3,eng
/works/OL43357469W,1908,"More, Thomas Saint; Gilbert Burnet",Utopia,,Univ. Press,Utopias,4,eng
/works/OL42488008W,1908,Ovid; Henry T. Riley,The Metamorphoses of Ovid,,George Bell,,1,eng
/works/OL15340173W,1908,P. Cornelius Tacitus,"Dialogus, Agricola, Germania","Peterson, William, 1856-1921, tr.",Heinemann,Early works to 1800; Germanic peoples; Oratory; Latin language materials; Retorica; Germanen; Roman law; History,10,eng; lat
/works/OL1108244W,1908,P. Cornelius Tacitus,"Tacitus Dialogus, Agricola, and Germania",,Clarendon Press,,2,eng
/works/OL1108196W,1908,P. Cornelius Tacitus,The historical works of Tacitus,,J. M. Dent,,1,eng
/works/OL1108201W,1908,P. Cornelius Tacitus,"The history, Germania, and Agricola",,Dent,,1,eng
/works/OL38816601W,1908,P. Papinius Statius,The Silvae of Statius,,Clarendon press,,1,eng
/works/OL970346W,1908,Publius Papinius Statius,The Silvae of Statius,,Clarendon press,"Translations into English; Poetry; Latin Occasional verse; History; Latin poetry, translations into english; Poetry (poetic works by one author)",3,eng
/works/OL47081W,1908,Publius Vergilius Maro,The Eclogues of Virgil in English verse,,G. Pulman,Country life; Translations into English; Latin Pastoral poetry; Poetry,2,eng
/works/OL47149W,1908,Publius Vergilius Maro,The pastoral poems,,Penguin,Translations into English; Latin Pastoral poetry; Poetry; Country life; English Translations; English Pastoral literature; Latin Didactic poetry; History and criticism; Translations from Latin; Artists' books,19,lat; eng; fre
/works/OL15237371W,1908,Publius Vergilius Maro,Two dramatizations from Vergil,,The University of Chicago Press,Translations into English; Latin drama; Latin literature,1,eng
/works/OL10702990W,1908,Publius Vergilius Maro,Virgil,,The Clarendon Press,Aeneas (Legendary character) in literature; Classical literature; History and criticism; Latin Epic poetry; Rome in literature; Virgil. Aeneis; Legends; Latin Didactic poetry; Country life; Agriculture,8,eng; lat
/works/OL15223007W,1908,Seneca the Younger,Selected essays and the Satire on the deification of Claudius,,Macmillan,,1,eng
/works/OL102293W,1908,Seneca the Younger,Selected essays of Seneca and the Satire on the deification of Claudius,,Macmillan,Latin literature; Latin essays,3,eng; lat
/works/OL102302W,1908,Seneca the Younger,Three tragedies of Seneca,,The Macmillan Company,Drama; Hecuba (Legendary character); Classical Mythology; Hercules (Roman mythology); Medea (Greek mythology); Latin language; Readers,4,lat; eng
/works/OL15402441W,1908,Tertullian,Q. Septimi Florentis Tertulliani De baptismo,,University Press,Baptism; Early works to 1800,1,lat; eng
/works/OL15233206W,1908,Theocritus,"The Idylls of Theocritus, and the Eclogues of Virgil","Calverley, Charles Stuart, 1831-1884, tr.",G. Bell,Country life; Translations into English; Latin Pastoral poetry; Poetry,2,eng; gre
/works/OL8721600W,1908,Thomas More,Sir Thomas More's Utopia,,Pomona Press,Utopias; Early works to 1800,3,eng
/works/OL1261132W,1908,Titus Livius,Livy: book I and selections from books II-X,,The Macmillan company,,2,eng
/works/OL15308802W,1908,Titus Livius,Selections from the first decade,,"Scott, Foresman",,1,eng
/works/OL43603429W,1908,Titus Livius; Omera Floyd Long,"Livy, selections from the first decade",,"Scott, Foresman",,1,lat; eng
/works/OL39021276W,1908,Virgil,The Æneid of Virgil,"Williams, Theodore Chickering, 1855-1915, translator",Houghton Mifflin,Poetry; Latin Epic poetry; Translations into English,1,eng
/works/OL24435198W,1909,Augustine of Hippo,The confessions of St. Augustine. The imitation of Christ,,P.F. Collier,Literature,1,eng
/works/OL15402128W,1909,Augustine of Hippo; Thomas à Kempis,The Confessions of St. Augustine / The Imitation of Christ,,P. F. Collier and Son,Long Now Manual for Civilization,17,eng
/works/OL67490W,1909,Cicero,Cicero's Offices,"Melmoth, William, 1710-1799, tr.",E.P. Dutton & co.,,7,eng
/works/OL15144855W,1909,Cicero,Letters of Marcus Tullius Cicero,,P.F. Collier,Friendship; Old age; Correspondence,4,eng
/works/OL15217959W,1909,Cicero,Offices,,Dutton Adult,"Cicero, marcus tullius; Philosophy, ancient",2,lat; eng
/works/OL10434617W,1909,Cicero,"Offices, essays, and letters",,J. M. Dent & Sons,,4,eng
/works/OL67458W,1909,Cicero,"Tusculan disputations, I, II, V",,Allyn and Bacon,Latin language materials,2,eng
/works/OL3100957W,1909,Cicero; Pliny the Younger; Charles William Eliot,Letters and Treatises of Cicero and Pliny,,P.F. Collier & Son,Long now manual for civilization; Cicero; Pliny,15,eng
/works/OL10725565W,1909,Eveline Warner Brainerd,"Great hymns of the middle ages, compiled by Eveline Warner Brainerd",,The Century co.,Translations; Translations into English; Medieval and modern Latin poetry; Latin Hymns; Latin poetry,1,eng
/works/OL14994252W,1909,Francis Bacon,"Essays, civil and moral and The new Atlantis, by Francis Bacon; Areopagitica and Tractate on education, by John Milton; Religio medici, by Sir Thomas Browne, with introductions, notes and illustrations",,P.F. Collier & Son,English essays,1,eng
/works/OL15332883W,1909,Francis Bacon; Charles William Eliot; John Milton,"The Harvard Classics, Vol. 3",,"Kessinger Publishing, LLC",Long Now Manual for Civilization,15,eng
/works/OL31389011W,1909,Francis Bacon; John Milton; Thomas Browne,"Essays, Civil and Moral, The New Atlantis; Areopagitica, Tractate on Education; Religio Medici",,Grolier Enterprises Corp.,,6,eng
/works/OL16903151W,1909,Gaius Julius Caesar,Matriculation Caesar,,"Copp, Clark",Littérature latine; Latin literature,1,eng
/works/OL10307029W,1909,Gaius Julius Caesar,"The Gallic war, books I-VII",,Macmillan,,1,eng
/works/OL1110254W,1909,H. Darnley Naylor,Latin and English idiom,,The University Press,Latin language; Composition and exercises; Translating into English; Language,1,eng
/works/OL697025W,1909,Juvenal,"D. Iunii, Iuvenalis saturae XIV",,Cambridge University Press,,1,eng
/works/OL658135W,1909,Lucius Apuleius,The Apologia and Florida,,Clarendon Press,,1,eng
/works/OL43237457W,1909,Lucius Apuleius,The Apologia and Florida of Apuleius of Madaura,,Dodo Press,,1,eng
/works/OL42605862W,1909,Lucius Apuleius; Harold Edgeworth Butler,The Apologia and Florida of Apuleius of Madaura,,Clarendon Press,Magic,1,eng
/works/OL7301651W,1909,Marion Mills Miller,"The Classics, Greek & Latin",,Parke,Classical literature; English literature; Translations; Translations from classical literature; Translations into English,18,eng
/works/OL42487642W,1909,Ovid; Henry T. Riley,"The Fasti, Tristia, Pontic Epistles, Ibis, and Halieuticon of Ovid",,G. Bell,,1,lat; eng
/works/OL1108121W,1909,P. Cornelius Tacitus,"The annals of Tacitus, books XI-XVI",,John Murray,,1,eng
/works/OL10328771W,1909,Paracelsus,Theophrastou Charakteres,,Macmillan and co.,,1,eng; gre; grc
/works/OL16873861W,1909,Publius Vergilius Maro,The Eclogues of Virgil (in English in hexameter verse),,W. B. Clarke company,Country life; Translations into English; Latin Pastoral poetry; Poetry,1,eng
/works/OL1087494W,1909,Saint Bernard of Clairvaux; Emero Stiegman,On loving God,,Published at Caldey Abbey,"God; Worship and love; Early works to 1800; Translations into English; Love; Religious aspects; Translations from Latin; Sermons, Latin; Sermons, English; Christianity",5,eng
/works/OL546614W,1909,Thomas Aquinas,New things & old in Saint Thomas Aquinas,,J.M. Dent,Medieval Philosophy; Christianity; God,2,eng
/works/OL15350345W,1909,Thomas More,"Millennium, being the Utopia",,A. Rivers,Utopias,2,eng; lat
/works/OL17033143W,1909,Titus Livius,"Livy, book IX",,University Press,History,1,lat; eng
/works/OL38747474W,1909,Titus Livius,"Livy, book XXVII",,University Press,,1,eng
/works/OL1261137W,1909,Titus Livius,Scenes from the life of Hannibal,,Clarendon Press,,2,eng; lat
/works/OL18077029W,1909,[name missing],"Great Hymns of the Middle Ages, Compiled by Eveline Warner Brainerd",,The Century co.,Latin Hymns; Translations; Medieval and modern Latin poetry; Translations into English; English poetry,1,eng
/works/OL16735984W,1910,,"The Cambridgeshire portion of the great survey of England of William the Conqueror, A.D. 1806.  The English translation of William Bawdwen edited, with the original Latin text extended, together with an introd., notes and indices by C.H. Evelyn-White and H.G. Evelyn-White",,E. Stock,Real property; History,1,eng
/works/OL10727047W,1910,Augustine of Hippo,The solilequies of St. Augustine,"Cleveland, Rose Elizabeth, 1846-1918 ed. and tr.","Little, Brown, and company",Church history; Philosophy and religion,1,eng
/works/OL67448W,1910,Cicero,Selected orations and letters of Cicero,,"Scott, Foresman and co.",,5,eng; mul
/works/OL15333090W,1910,Francis Bacon,Bacon is Shake-speare: Together with a reprint of Bacon's Promus of ..,,J. McBride Co.,,2,eng
/works/OL69392W,1910,Francis Bacon,Gardens & friendship,,Arthur L. Humphreys,English essays; Conduct of life,2,eng
/works/OL15465650W,1910,Francis Bacon,Gardens and Friendship,,Arthur L. Humphreys,,1,eng
/works/OL31957388W,1910,Francis Bacon,"The essays of Francis Bacon, Lord Verulam",,Chapman & Hall,,1,eng
/works/OL42601396W,1910,G. C. Macaulay; Cornelius Tacitus; Philip Nichols,Voyages and travels,,Collier & Son,Voyages and travels,1,eng
/works/OL1150526W,1910,Gaius Julius Caesar,Julius Caesar,,John Murray,Latin language; Composition and exercises; Readers,1,eng
/works/OL15097658W,1910,Horace,The odes of Horace rendered into English with other verses and translations,,Smith Elder,,1,eng
/works/OL15097815W,1910,Horace,Translations from the Odes of Horace,,Privately printed,,1,eng
/works/OL761457W,1910,John Duns Scotus,A treatise on God as first principle,,Ex Typographia Collegii S. Bonaventurae,God; Natural theology; Ontological Proof; Early works to 1900; Early works to 1800,5,lat; eng
/works/OL22073252W,1910,Karl Wildhagen,"Der Cambridger Psalter (Hs. Ff. 1.23 University Libr. Cambridge) zum ersten Male hrsg., mit besonderer Berücksichtigung des lateinischen Textes, von Karl Wildhagen",,H. Grand,Psalters; Medieval and modern Latin language; Translating into English (Old),1,ang; lat; ger
/works/OL2566240W,1910,Lucan,"The Pharsalia of Lucan, Book I",,G. Bell,"History; Pharsalus, Battle of, Farsala, Greece, 48 B.C; Rome Civil War, 49-48 B.C",1,eng
/works/OL971935W,1910,Marcus Terentius Varro,De lingua latina quae supersunt,,In aedibus B.G. Teubner,Latin language; Agriculture; Early works to 1800,3,eng; lat
/works/OL43768002W,1910,"More, Thomas Saint; George Sampson",The Utopia of Sir Thomas More,,"G. Bell and sons, ltd.",Utopias,1,lat; eng
/works/OL1443155W,1910,Paracelsus,The Hermetic and alchemical writings of Aureolus Phillippus Theophrastus Bombast,,"De Laurence, Scott & co.",Occultism,1,eng
/works/OL308575W,1910,Rabindranath Tagore; Marie Luise Gothein; William Butler Yeats,Gitanjali (song offerings),"Du Pasquier, Hélène, tr.",Anvil,"Bengali poetry; Translations into English; Translations from Bengali; English poetry; Translations into Vietnamese; Bengali Prose poems; Translations into Telugu; Poetry (poetic works by one author); Bengali poetry, translations into english; Songs",217,eng; ind; ben; tib; san; hin; kan; fre; vie; spa; tel; pan; mag; ger; inc; bam; urd; guj
/works/OL102323W,1910,Seneca the Younger,Naturales quaestiones,"Corcoran, Thomas H., tr.",Unione tipografico-editrice toriness,"Early works to 1800; Meteorology; Science; Earthquakes; Comets; Ancient Science; Translations into Italian; Naturales quaestiones (Seneca, Lucius Annaeus); Classical literature; Philosophy of nature",18,lat; ita; fre; eng
/works/OL102277W,1910,Seneca the Younger,Select letters,,Macmillan,,2,eng
/works/OL1090233W,1910,Thomas More,Utopia with the 'Dialogue of comfort',,E.P. Dutton & Co,Utopias; Early works to 1800; Consolation; Utopia,7,eng
/works/OL38729175W,1910,Titus Livius,"Livy, the Hannibalian war",,Macmillan,,1,eng
/works/OL44510220W,1910,Titus Livius; G. Herbert Nall,The seven kings of Rome,,Macmillan,,1,eng
/works/OL1548664W,1910,Titus Lucretius Carus,On life and death,,A. and C. Black,,2,eng
/works/OL457789W,1910,Лев Толстой,The forged coupon,,eBooksLib,Classic Literature; Fiction; Russian fiction; Translations into English; Russian Short stories; Continental european fiction (fictional works by one author),11,eng; rus
/works/OL11928752W,1911,Baptista Mantuanus,The eclogues of Baptista Mantuanus,,The Johns Hopkins press,"Pastoral poetry, Latin (Medieval and modern); Translations into English; Country life; Poetry",1,eng; lat
/works/OL16874772W,1911,Cicero,An easy selection from Cicero's correspondence,,The University press,Correspondence; Statesmen; Latin Authors,1,eng
/works/OL15234302W,1911,Francesco Petrarca,Secretum,,Chatto and Windus,"Dialogues, Latin (Medieval and modern); Fiction; Translations into English; Imaginary conversations; Translations into Italian; Dialogues; Christian saints; In literature; Petrarca, Francesco, 1304-1374 -- In literature; Augustine, of Hippo, Saint, 354-430 -- Fiction",10,eng; spa; lat; ita
/works/OL14994331W,1911,Francis Bacon,Of custom and education,,L.C.C. Central School of Arts & Crafts,,2,eng
/works/OL10424897W,1911,Francis Bacon,"The essays or counsels civil and moral of Francis Bacon Lord Verulam, Viscount St. Albans",,Macmillan,,2,eng
/works/OL76341W,1911,Gilbert Keith Chesterton,The Innocence of Father Brown (Father Brown Mystery),"Ó Liatháin, Seán. tr.",ANAYA INFANTIL Y JUVENIL,"Fiction, mystery & detective, collections & anthologies; England, fiction; Brown, father (fictitious character), fiction; Fiction, mystery & detective, traditional; Catholic church, clergy, fiction; Fiction; Father Brown (Fictitious character); English Detective and mystery stories; England in fiction; Clergy",851,eng; por; fre; spa; dut; pol; ita; epo; gle; heb
/works/OL15049906W,1911,Hans Christian Andersen; Elsa Beskow; Michael Foreman,Thumbelina,"James, M. R. 1862-1936, tr.",Usborne Books,"Spanish language materials; Fairy tales; Cuentos de hadas; Literatura juvenil; Cuentos infantiles; Translations into English; Children's stories, Danish; Juvenile literature; Miniature books; Translations into Russian",79,spa; gla; ger; fre; chi; urd; dan; eng
/works/OL6681370W,1911,Henrietta R. Palmer,List of English editions and translations of Greek and Latin classics printed before 1641,,R. West,Bibliography; Classical literature; Early; Greek literature; Imprints; In literature; Incunabula; Latin literature; Translations into English; English literature,4,eng
/works/OL241882W,1911,Henrietta Raymer Palmer,List of English editions and translations of Greek and Latin classics printed before 1641,,"Printed for the Bibliographical society by Blades, East & Blades",Bibliography; Translations into English; Classical literature; Incunabula; Greek literature; Latin literature; English literature; Translations from Greek; Translations from Latin,3,eng
/works/OL88119W,1911,Horace,Complete works,,Dent,,2,lat; eng
/works/OL7148220W,1911,Joseph Pohle,Lehrbuch der Dogmatik.,"Preuss, Arthur, 1871-1934 tr.",B. Herder Book,Atonement; Catholic Church; Controversial literature; Doctrinal Theology; Redemption; Sacraments; Divinity; Eschatology; God; God (Christianity),34,eng; ger
/works/OL2241466W,1911,Marcus Valerius Martialis,A Roman wit,,Houghton Mifflin company,Translations into English; Latin Epigrams,1,eng
/works/OL16734371W,1911,Martin Slaughter; Titus Maccius Plautus; R. Warwick Bond,The Birth of Hercules,,"Printed for the Malone society by H. Hart, at the Oxford University Press]",,1,eng
/works/OL503896W,1911,Petronius,The Bellum civile of Petronius,,The Columbia university press,Architecture; History,2,eng; lat; und
/works/OL15310832W,1911,Petronius,The bellum civile,,Columbia University Press,,1,eng
/works/OL38851666W,1911,Petronius Arbiter,The Bellum civile of Petronius,,Columbia University Press,,1,eng
/works/OL16226115W,1911,Pliny the Younger,Selected letters of the younger Pliny,,Macmillan,Correspondence,2,lat; eng
/works/OL2739688W,1911,Pope Gregory I,Dialogi,"P. W., tr.",Catholic University of American Press,"Early works to 1800; Miracles; Immortality; Christian saints; Biography; Translations into French; Correspondence; Incunabula; Italy; Dialogues, Latin (Medieval and modern)",28,eng; rus; lat; fre; chu; fro; gre; ita; por
/works/OL10429774W,1911,Pope Gregory I,"The Dialogues of Saint Gregory, surnamed the Great..",,Philip Lee Warner,,1,eng
/works/OL15311219W,1911,Publius Papinius Statius,Selected Silvae of Publius Papinius Statius,,,,1,eng
/works/OL16784342W,1911,Robinson Ellis; Quintilian,The tenth Declamation of (pseudo) Quintilian,,H. Frowde,,1,eng
/works/OL15200297W,1911,Saint Albertus Magnus,On Union With God,,R. & T. Washbourne,Meditations; Spiritual life,1,eng
/works/OL936091W,1911,Sallust,The Jugurtha of Sallust,,"Longmans, Green & Co.",,1,eng
/works/OL19771483W,1911,Seneca the Younger,"On benefits, addressed to Asbutius liberalis",,G. Bell,,1,eng
/works/OL24507853W,1911,Thomas Aquinas; Reginaldus de Piperno; Dominicans. English Province,"The ""summa Theologica"" Of St. Thomas Aquinas",,Benziger,,3,eng
/works/OL267175W,1911,"Tolstoy, Leo, graf, 1828-1910; Xènia Dyakonova",Father Sergius,Louise Maude (Translator),Createspace Independent Publishing Platform,"Translations into English; Classic Literature; Fiction; Russian fiction; Continental european fiction (fictional works by one author); Fiction, general",60,eng; fre
/works/OL38973057W,1911,Virgil,"--Vergil, the Georgics",,University tutorial press,,1,eng
/works/OL19330287W,1912,,Apostolic Fathers: v. 1 (Loeb Classical Library),,William Heinemann Ltd,,1,
/works/OL27755119W,1912,Augustine of Hippo,The soliloquies of Saint Augustine,,B. Herder,Church history; Philosophy and religion; Christianity,1,eng
/works/OL21171208W,1912,Cicero,Cicero in twenty-eight volumes,,Harvard University Press,Translations into English,1,eng
/works/OL67389W,1912,Cicero,Cicero. Letters to Atticus,"Winstedt, Eric Otto, [from old catalog] ed. and tr.",W. Heinemann,,6,eng; lat
/works/OL15217770W,1912,Cicero,Letters to Atticusl with an English tr. by E. O. Winstedt,,Heinemann,,1,eng
/works/OL15218194W,1912,Cicero,"Selections from Cicero, his letters, speeches and treatises",,Clarendon Press,,1,eng
/works/OL6678011W,1912,Evelyn Mary Spearing Simpson,The Elizabethan translations of Seneca's tragedies,,"W. Heffer & sons, ltd.","Translations into English; English drama; History and criticism; History; Mythology, Classical, in literature; Translating and interpreting; Tragedies; Appreciation; Latin language; Latin drama",4,eng
/works/OL267550W,1912,Francis Bacon,Of Great Place,,Central School of Arts & Crafts,,2,eng
/works/OL14994340W,1912,Francis Bacon,Of travel,,L.C.C. Central School of Arts & Crafts,,2,eng
/works/OL1150532W,1912,Gaius Julius Caesar,Selections from Caesar,,D.C. Heath & Co.,Latin language; Gaul; Readers,1,eng
/works/OL382457W,1912,Henrik Ibsen,Lyrics & poems from Ibsen,,J.M. Dent,Translations into English,2,nor; eng
/works/OL697127W,1912,Juvenal,Fourteen satires of Juvenal,,Macmillan & Co.,,2,eng
/works/OL318899W,1912,Kahlil Gibran; Kahil Gibran; Kahill Gibran,Ajniḥah al-mutakassirah,,Bantam Books,"Young women; Fiction; Literature; Lebanese; Fiction, general; Arabic Prose poems; Translations into English",88,eng; vie; ara; spa; und; chi
/works/OL38715814W,1912,Lucius Apuleius,The story of Cupid & Psyche,"Stuttaford, Charles, translator",pub. by the Priory press,,1,eng
/works/OL971937W,1912,Marcus Terentius Varro,On farming,,G. Bell,Agriculture,2,eng
/works/OL971938W,1912,Marcus Terentius Varro,Varro on farming,"Storr-Best, Lloyd, tr.",Bell,Agriculture; Early works to 1800; Ancient Agriculture,3,eng; und
/works/OL1108284W,1912,P. Cornelius Tacitus,"Tacitus, the histories",,Clarendon Press,great_books_of_the_western_world; History,2,eng
/works/OL1512541W,1912,Publius Terentius Afer,Terence,,Heinemann,"Translations into English; Latin language materials; Latin literature, translations into english; Continental european drama (dramatic works by one author); Terence; Latin drama (Comedy)",16,lat; eng
/works/OL10702945W,1912,Publius Vergilius Maro,The Georgics of Virgil in English verse,,The Macmillan Company,,1,eng
/works/OL15237366W,1912,Publius Vergilius Maro,The ten Christian pastorals of Vergil,,Printed for the author by J. J. Little & Ives co.,Translations into English; Country life; Latin Pastoral poetry; Latin Christian poetry; Poetry,1,eng
/works/OL1097418W,1912,Roger Bacon,"Part of the Opus tertium of Roger Bacon, including a fragment now printed for the first time",,The University press,,1,eng
/works/OL936093W,1912,Sallust,The Jugurthine war of C. Sallustius Crispus,,"Atkinson, Mentzer","Jugurthine War, 111-105 B.C.",1,eng
/works/OL12862136W,1912,Seneca the Younger,Minor dialogues,,Bell,Conduct of life,1,eng
/works/OL38763612W,1912,Sextus Propertius,Propertius,"Butler, Harold Edgeworth, 1878-1951, editor, translator",Harvard University Press; London,Latin Elegiac poetry; Translations into English; English prose literature; Translations from Latin,4,lat; ita; eng
/works/OL21165346W,1912,Terence,Terence,,W. Heinemann,Translations into English,4,eng
/works/OL15233213W,1912,Theocritus,The Greek bucolic poets,"Edmonds, J. M. ed. and tr.",Macmillan,"Translations into English; Greek Pastoral poetry; Greek poetry; English poetry; Translations from Greek; Country life; Hellenistic Greek poetry; Poetry; Literary collections; Greek poetry, translations into english",19,grc; eng; gre
/works/OL546884W,1912,Thomas Aquinas,Quaestiones de Anima,,Pontifical Institute of Medieval Studies,Early works to 1800; Soul; Psychology; Early works to 1850; Immortality; Philosophical anthropology; Criticism and interpretation; De anima (Aristoteles); De anima (Aristotle),3,lat; eng
/works/OL24421368W,1912,Thomas Aquinas,"The ""Summa theologica"" of St. Thomas Aquinas",,Burns Oates & Washbourne,God; Early works to 1800; Proof; Doctrines; Dominicans in Great Britain; Doctrinal Theology; Catholic Church,3,eng
/works/OL19772795W,1912,Thomas Aquinas,The Summa theologica of St. Thomas Aquinas,,Burns Oates & Washbourne,Doctrines; Theology; Early works to 1800; Catholic authors; Catholic Church; History,1,eng
/works/OL42515795W,1912,Titus Livius; William Masfen Roberts,The history of Rome,,Arthur Hinds & co.,History,2,lat; eng
/works/OL15241755W,1912,Titus Lucretius Carus,"De rerum natura, liber tertius",,University Press,,1,eng
/works/OL1548650W,1912,Titus Lucretius Carus,Treasures of Lucretius,,Watts,,1,eng
/works/OL568474W,1912,W. H. D. Rouse,Machines or mind?,,The Macmillan Company,The Loeb classical library; Classical literature; Loeb classical library,1,eng
/works/OL3100944W,1913,Cicero,"Cicero, Volume XXI. On Duties (De Officiis)",Walter Miller (Translator),Loeb Classical Library,,1,eng
/works/OL31240040W,1913,Cicero,Cicero. De officiis. With an English translation by Walter Miller (Loeb Classical Library.),,n/a,,1,
/works/OL177315W,1913,Eduard Brenner,Thomas Phaer,"Phayer, Thomas, 1510?-1560, tr.",C. Winter,"Aeneas (Legendary character) in literature; Epic poetry, Latin; History; History and criticism; Knowledge; Language and languages; Latin Epic poetry; Latin language; Translating and interpreting; Translating into English",2,ger
/works/OL43267099W,1913,Frank Justus Miller; Oscar Kuhns,Studies in the poetry of Italy,,Chautauqua Press,Italian poetry; History and criticism; Latin poetry,1,eng
/works/OL68292W,1913,Gaius Valerius Catullus,"Catullus, Tibullus and Pervigilium Veneris","Postgate, J. P. 1853-1926, tr.",Harvard University Press.,"Translations into English; Latin poetry; Poesia lirica latina; Latin Elegiac poetry; Literatura latina; Pervigilium Veneris; Poetry; Love poetry, Latin; Latin language materials; Latin Love poetry",21,lat; eng
/works/OL15229198W,1913,Gaius Valerius Catullus,"Catullus, Tibullus, Pervigilium Veneris",,Loeb Classical Library,,1,eng
/works/OL76483W,1913,Gilbert Keith Chesterton,The Wisdom of Father Brown,,Read Books,"Fiction; Father Brown (Fictitious character); English Detective and mystery stories; Clergy; Catholics; Translations into Polish; Catholic Church; Priests; English Short stories; Fiction, mystery & detective, traditional",465,ita; fre; heb; alb; eng; pol; chi; spa; ger
/works/OL8729457W,1913,Jean de La Fontaine,The Original Fables of La Fontaine,FC Tilney (Translator),Echo Library,Classic Literature; Fiction; French Fables; Fables; Translations into English,9,eng
/works/OL21165376W,1913,John Brownlie,"Hymns of the early church, translated from Greek and Latin sources",,Morgan & Scott,Translations from Latin; English Hymns; Translations into English; Early Christian Hymns; Latin Hymns,2,eng
/works/OL7206743W,1913,Julian,"Julian, Volume I. Orations 1-5",Wilmer C. Wright (Translator),Loeb Classical Library,"Julian the apostate, emperor of rome, 331-363; Speeches, addresses, etc.; Speeches, addresses, etc., Greek; Translations into English",1,grc; eng
/works/OL38744074W,1913,Lucius Annaeus Seneca,Studley's translations of Seneca's Agamemnon and Medea,,"A. Uystpruyst; [etc., etc.",English drama; Latin drama; Translations into English,1,eng
/works/OL7920612W,1913,Marcel Proust,Le Temps retrouvé,"Hudson, Stephen, 1868-1944, tr.",Nasionale Boekhandel,Social life and customs; Fiction; Translations into English,177,fre; rus; cze; eng
/works/OL1108211W,1913,P. Cornelius Tacitus,The life of Agricola,,Ginn,Germanic peoples; Early works to 1800,1,eng
/works/OL503904W,1913,Petronius,Petronius,"Rouse, W. H. D. 1863-1950, tr.",W. Heinemann,"Translations into English; Latin Satire; Humor; Fiction; Latin language materials; Literary collections; Claudius, emperor of rome, 10 b.c.-54 a.d.",14,eng; mul; lat
/works/OL15014549W,1913,Petronius; Seneca the Younger,Apocolocyntosis / Satyricon,M. Heseltine (Translator),Penguin Books,"Satire, latin",3,eng
/works/OL16226111W,1913,Pliny the Younger,Anecdotes from Pliny's letters,,Clarendon Press,Latin language; Readers,2,lat; eng
/works/OL4277024W,1913,Pseudo-Macarius; Arthur James Mason; Placide Deseille,Homiliae quinquaginta (graece et latine),"Haywood, Thomas, 1678-1746, tr.",Paulist Press,Greek Sermons; Translations into English; English Sermons; Translations from Greek; Early Christian Sermons; Perfection; Early works to 1800; Christianity; Mysticism; Orthodox Eastern Church,29,grc; eng; fre; ara; ger; lat; ita; gre
/works/OL936163W,1913,Sallust,The Catiline of Sallust,,Macmillan,History,2,eng
/works/OL102287W,1913,Seneca the Younger,"Jasper Heywood and his translations of Seneca's Troas, Thyestes and Hercules furens","Heywood, Jasper, 1535-1598, tr.",A. Uystpruyst [etc.],Drama; Hecuba (Legendary character); Hercules (Roman mythology); Thyestes (Greek mythology); Trojan War,4,eng
/works/OL102295W,1913,Seneca the Younger,Studley's translations of Seneca's Agamemnon and Medea,,Kraus,Translations into English; Latin drama; English drama; Translations from Latin,3,eng
/works/OL39428386W,1913,Sextus Julius Frontinus,The two books of the water supply of the city of Rome of Sextus Julius Frontinus,,"Longmans, Green",,1,eng
/works/OL37463141W,1913,Sextus Julius Frontinus,"The two books on the water supply of the city of Rome of Sextus Julius Frontinus, water commissioner of the city of Rome, A.D. 97","Herschel, Clemens, 1842-1930, translator","Longmans, Green",Water-supply; Aqueducts,1,eng; lat
/works/OL812846W,1913,Suetonius,Suetonius,"Rolfe, John Carew, 1859-1943, tr.",Heinemann,Latin language; great_books_of_the_western_world; Latin Authors; Texts; Early works to 1800; Biography; Emperors; Latin Poets; History; Latin language materials,24,eng; lat
/works/OL18048874W,1913,Titus Maccius Plautus,T. Macci Plauti Captivos,,Apud G. G. Browning,,1,eng
/works/OL44091024W,1913,ltd Burns & Oates; Downside Abbey. Church of St. Gregory the great,"A guide to the church of Saint Gregory the Great, Downside abbey, near Bath...",,"Burns & Oates, ltd.",,1,eng
/works/OL42985838W,1913,various,"Appian's Roman History, volume III [Loeb Classical Library].",,william heinemann,,1,eng
/works/OL137831W,1914,Augustine of Hippo,De spiritu et littera,,Apud Joh. Frider. Witzleben,Law and gospel,3,eng; lat
/works/OL15055588W,1914,Augustine of Hippo,How to help the dead,,Burns & Oates,,1,eng
/works/OL16758901W,1914,C. W. Mellor,Latin and English verse translations from the Greek Anthology,,Dolphin Press,Greek poetry; English poetry; Translations into Latin; Latin poetry; Translations into English; Translations,1,eng; lat
/works/OL3100938W,1914,Cicero,Cicero:On Ends,H. Rackham (Translator),Loeb Classical Library,,1,eng
/works/OL28938021W,1914,Cornelius Tacitus,"Dialogus, Agricola, Germania",,The Macmillan co.,,2,eng
/works/OL8009264W,1914,Gaius Julius Caesar,The Civil Wars,A. G. Peskett (Translator),Loeb Classical Library,History,1,eng
/works/OL38986326W,1914,Gaius Valerius Catullus,"Catullus, Tibullus, and Pervigilium Veneris","Mackail, J. W. (John William), 1859-1945, translator",W. Heinemann,,1,eng; lat
/works/OL7180458W,1914,Giovanni Boccaccio,"Il ""Buccolicum carmen""",,S. Lapi,"Poetry; Country life; Translations into English; Pastoral poetry, Latin (Medieval and modern); Middle Ages; Poetry, collections",4,ita; eng
/works/OL1456987W,1914,Giovanni Pico della Mirandola,A Platonick discourse upon love,"Stanley, Thomas, 1625-1678 tr.",Richards,Humanists' library; Love,3,ita; eng
/works/OL31785090W,1914,Henry Williams Mozley,"Sequences and hymns, chiefly medieval",,"Longmans, Green",Hymns; Latin Hymns; Translations into English; Sequences (Liturgy),1,
/works/OL88173W,1914,Horace,"Horace, the Odes and Epodes","Bennett, Charles E. 1858-1921, tr.",W. Heinemann,,3,eng
/works/OL42517049W,1914,Julius Caesar; A. G. Peskett,The civil wars,,G.P. Putnam,,1,eng; lat
/works/OL697125W,1914,Juvenal,D. Junii Juvenalis saturae XIV,,Cambridge University Press,,2,eng; lat
/works/OL15236592W,1914,Juvenal,"Saturae 14, fourteen Satires",,University Press,,2,eng
/works/OL697140W,1914,Juvenal,"Saturae XIV, fourteen satires",,[Cambridge University Press],,2,eng
/works/OL658140W,1914,Lucius Apuleius,Apulei Apologia sive pro se de magia liber,,Clarendon Press,,1,lat; eng
/works/OL35393232W,1914,Lucius Apuleius,Apvlei Apologia sive pro se de magia liber,,Clarendon press,,1,eng
/works/OL8720097W,1914,Lucius Apuleius,The most pleasant and delectable tale of the marriage of Cupid andPsyche,,Chatto & Windus,,1,eng
/works/OL38750531W,1914,Martial,Selections from the Epigrams of M. Valerius Martialis,,J. Murray,Epigrams,1,eng
/works/OL488978W,1914,Meister Eckhart; M. Walshe,Meister Eckhart,"Blakney, Raymond Bernard, ed. and tr.",Faber,Doctrines; Medieval Sermons; Translations into English; Legends; Latin Sermons; Traductions de l'allemand (Moyen haut allemand); Christianity; Sermons anglais; Spiritual life; Sermons allemands (Moyen haut allemand),33,eng; ger
/works/OL26447967W,1914,"More, Thomas Saint",The Utopia of Sir Thomas More,,BiblioLife,Utopias,2,eng
/works/OL24365934W,1914,Morris Hicky Morgan; Vitruvius Pollio; Herbert Langford Warren,"Vitruvius, the Ten Books on Architecture",,Franklin Classics Trade Press,,14,eng
/works/OL97719W,1914,Ovid,Elegiac poems of Ovid,,Clarendon Press,"Love poetry, Latin; Love-letters",2,eng
/works/OL16200572W,1914,P. Cornelius Tacitus,Agricola. Germania. Dialogue on Oratory,M. Hutton (Translator),Loeb Classical Library,,1,eng
/works/OL10327090W,1914,P. Cornelius Tacitus,"Histories, book 1",,The University Press,,1,eng
/works/OL19770641W,1914,Richard Rolle,The fire of love,,Methuen,"Love; God; Translations into English; Worship and love; Early works to 1800; Spiritual life; Christianity; Catholic Church; Devotional literature, Latin (Medieval and modern)",1,eng
/works/OL74376W,1914,Richard Rolle of Hampole,The fire of love,"Wolters, Clifton, tr.",Penguin,"Devotional literature, Latin (Medieval and modern); History; Mysticism; Translations into English; Christian life; Theology; Devotional literature; God, love; Theology, middle ages, 600-1500",5,lat; eng; enm
/works/OL7967876W,1914,Suetonius,"Suetonius, Vol. 1",J. C. Rolfe (Translator),Loeb Classical Library,Early works to 1800; Latin Poets; Emperors; History; Biography; Latin Authors,1,eng
/works/OL15404879W,1914,Suetonius,"The Lives of the Caesars, II, Claudius. Nero. Galba, Otho, and Vitellius. Vespasian. Titus, Domitian. Lives of Illustrious Men",,Loeb Classical Library,,1,eng
/works/OL1339319W,1914,Tertullian,"Tertullian On the testimony of the soul and On the ""prescription"" of heretics",,E. S. Gorham,,2,eng
/works/OL12722269W,1914,Theodor Vetter,Shelley als Übersetzer des homerischen Hymnus,,Buchdruckerei Berichthaus,Latin poetry; Translations into English,1,ger
/works/OL546844W,1914,Thomas Aquinas,On prayer and the contemplative life,,R. & T. Washbourne,Contemplation; Prayer; Contemplative life; Monastic and religious life,3,eng
/works/OL24218841W,1914,Thomas Aquinas,"The ""Summa theologica"" of St. Thomas Aquinas - Part III - Second Number - QQ XXVII-LIX",,R & T Washbourne,,1,lat; eng
/works/OL24218844W,1914,Thomas Aquinas,"The ""Summa theologica"" of St. Thomas Aquinas - Part III - Third Number - QQ LX-LXXXIII",,Burns Oates & Washbourne,,2,eng
/works/OL33192901W,1914,Titus Livius,"Livy, books I, XXI, and XXII",,D.C. Heath,,1,eng
/works/OL39022191W,1914,Titus Livius,"Livy, books I, XXI, and XXII, with brief introduction and commentary and numerous illustrations",,D.C. Heath,,1,eng
/works/OL43728762W,1914,Titus Livius; Emory B. Lease,"Livy, books I, XXI, and XXII",,D.C. Heath & Company,Latin literature,1,lat; eng
/works/OL44066990W,1914,Titus Livius; J. C. Egbert,"Livy, the second Punic war",,The Macmillan company,,1,lat; eng
/works/OL18127973W,1914,Titus Maccius Plautus,"Plautus, five of his plays","Allison, Robert Andrew, Sir, 1838- tr.",Humphreys,Translations into English,1,eng
/works/OL1847600W,1914,Vitruvius Pollio,Vitruvius : the ten books on architecture,,Oxford University Press,Architecture; Early works to 1800,2,eng
/works/OL1174972W,1914,夏目漱石; Yoko Ogihara; Fernando Cordobés,Kokoro,"Sato, Ineko, tr.",Xist Publishing,"Translations into English; Fiction; Japan; Social conditions; Roman japonais; Traductions anglaises; Fiction, short stories (single author); Near and far eastern fiction (fictional works by one author); Natsume, soseki, 1867-1916; Japanese literature",84,eng; ger; spa; fre; ind; und; jpn; heb
/works/OL16787243W,1915,,Verse translations from classic authors,,Combridges,Classical literature; Translations into English; Greek literature; Latin literature,1,eng
/works/OL137837W,1915,Augustine of Hippo,St. Augustine's treatise on the City of God,,Macmillan[for the]Society for Promoting Christian Knowledge,,3,eng
/works/OL15189381W,1915,Booth Tarkington,Seventeen,,Project Gutenberg,"Fiction; Young men; Classic Literature; Families; Adolescence; Fiction, romance, general; Tamil Short stories; Translations into English; English Short stories; Translations from Tamil",111,yid; chi; eng
/works/OL67524W,1915,Cicero,De inventione,"Cartagena, Alonso de, 1385?-1456 tr.",M. Congedo,"Early works to 1800; Invention (Rhetoric); Topic (Philosophy); Oratory; Rhetoric; Latin language materials; Public speaking; Philosophy, ancient; Ancient Rhetoric",19,eng; mul; lat; ita; fre
/works/OL10509619W,1915,Gaius Julius Caesar,""" De bello gallico"" and other commentaries of Caius Julius Caesar",,Dent,,1,eng
/works/OL10509622W,1915,Gaius Julius Caesar,The Gallic War and other commentaries,,Dutton,,1,eng
/works/OL15229210W,1915,Gaius Valerius Catullus,Selections,,R.G. Badger,,1,eng
/works/OL68274W,1915,Gaius Valerius Catullus,Selections from Catullus,,Cambridge University Press,"Texts; Latin language; Love poetry, Latin; Translations into English; Latin Elegiac poetry; Latin Love poetry; Latin Epigrams",4,lat; eng
/works/OL394371W,1915,Gaius Valerius Catullus,The Lesbiad of Catullus and Pervigilium Veneris,,"Ralph Fletcher Seymour, The Alderbrink Press",,1,eng
/works/OL1110255W,1915,H. Darnley Naylor,More Latin and English idiom,,University Press,"Comparative Grammar; Composition and exercises; English; English language; Grammar, Comparative; Latin; Latin language; Translating into English",2,eng; lat
/works/OL22086915W,1915,Lactantius,The attitude of the Christians towards war,,S.V. Penfold,Moral and ethical aspects; War,1,eng
/works/OL39010254W,1915,Lucius Apuleius,The golden ass,,Loeb Class. Libr.,,6,eng; lat
/works/OL16200747W,1915,P. Cornelius Tacitus,"The Annals, book IV",,Univ. Press,"Politics and government; Politicsand government; History,; History; Rome, history; Rome, history, tiberius, 14-37; Tacitus, cornelius; Roman empirepolitical events, b.c31-a.d284; Pa6705.a6 b4 1989; 937/.07",3,lat; eng
/works/OL17813828W,1915,Paracelsus,The prophecies of Paracelsus,,William Rider & Son,Prophecies,1,eng
/works/OL503857W,1915,Petronius,A collotype reproduction of that portion of Cod. Paris. 7989 commonly called the Codex Traguriensis which contains the Cena Trimalchionis,,At the University Press,Latin Manuscripts; Facsimiles,1,eng
/works/OL1499198W,1915,Pliny the Younger,Pliny: Letters,,William Heinemann,Roman law,1,eng
/works/OL10702944W,1915,Publius Vergilius Maro,The Georgics and Eclogues of Virgil,,Harvard University Press,Latin Didactic poetry; Country life; Agriculture; Translations into English; Latin Pastoral poetry; Poetry; Spiritualism; Mysticism,1,lat; eng
/works/OL15237418W,1915,Publius Vergilius Maro,"Virgil's Æneid, books I-VI","Davidson, XXX, [from old catalog] tr.","Translation publishing company, inc.",Latin Epic poetry; Translations into English; Aeneas (Legendary character),1,eng
/works/OL1136022W,1915,Richard Aldington,Latin poems of the Renaissance,,Ballantyne Press,Translations into English; Medieval and modern Latin poetry,3,eng
/works/OL44052236W,1915,Richard Aldington; Amy Lowell; Egoist,Latin poems of the Renaissance,,The Egoist,Translations into English; Medieval and modern Latin poetry; Latin poetry,1,lat; eng
/works/OL38944756W,1915,Thomas Aquinas,"The Summa theologica"" of St. Thomas Aquinas",,"Burns, Oates & Washbourne",Doctrinal Theology,1,eng
/works/OL256305W,1915,"Thomas Aquinas Sister, originally Agnes O'Neil",The pre-Socratic use of [phychē] as a term for the principle of motion,,"[National capital press, inc.]","Ancient Philosophy; Greek language; Semantics; History; Motion; Philosophy, Ancient; Terminology. [from old catalog]; Semantics. [from old catalog]; History. [from old catalog]; Physics",8,eng
/works/OL1090107W,1915,Thomas More,Crumbs of comfort,,Burns & Oates,Consolation,1,eng
/works/OL43877543W,1915,Titus Livius; Walter Dennison,"Livy, Book I and selections from books II-X",,The Macmillan Co.,,1,eng
/works/OL38750891W,1915,Virgil,The Georgics and Eclogues of Virgil,,Harvard University Press,Latin Pastoral poetry; Translations into English; Country life; Poetry,1,lat; eng
/works/OL55403W,1915,Антон Павлович Чехов,Чайка,"Columbus, Curt, translator",Agebe,Dramatic works; English drama; Readers; Russian drama; Russian language; Translations from Russian; Translations into English; Continental european drama (dramatic works by one author); Drama (dramatic works by one author); Drama,208,spa; ger; fre; chi; eng; wel; heb; rus
/works/OL350107W,1916,Catholic Church,Pange lingua,,Burns & Oates,English Hymns; Translations into English; Translations from Latin; Hymns; Catholic Church; Latin Hymns,1,lat; eng
/works/OL3100967W,1916,Cicero,On Old Age - Pamphlet,,"Kessinger Publishing, LLC",,2,eng
/works/OL17765454W,1916,Frank Justus Miller; Harry Fletcher Scott; Charles H Beeson,A New Second Latin Book,,"Scott, Foresman and Co.",Latin language; Readers; Grammar,1,lat; eng
/works/OL10306921W,1916,Gaius Julius Caesar,Caesar in Britain,,Clarendon Press,Gaul; History,2,eng
/works/OL1150535W,1916,Gaius Julius Caesar,Story of the Gallic war,,Lyons & Carnahan,Readers; Latin language; Gaul; History,1,eng
/works/OL39431052W,1916,Lucius Annaeus Seneca,Tragedies,,Heinemann,,1,eng; lat
/works/OL182319W,1916,Mary Rebecca Thayer,The influence of Horace on the chief English poets of the nineteenth century,,"Kessinger Publishing, LLC",Appreciation; Classicism; Comparative Literature; English and Latin; English poetry; History; History and criticism; Influence; Latin and English; Latin poetry,6,eng
/works/OL7980316W,1916,Ovid,Ovid III,Frank J. Miller (Translator),Loeb Classical Library,,1,eng
/works/OL15237163W,1916,Publius Vergilius Maro,"Eclogues. Georgics. Aeneid, Books 1-6",H. Rushton Fairclough (Translator),Loeb Classical Library,Legends; Latin Didactic poetry; Latin Pastoral poetry; Translations into English; Poetry; Aeneas (Legendary character); Country life; Latin Epic poetry; Agriculture,1,eng
/works/OL15237232W,1916,Publius Vergilius Maro,The minor poems of Vergil,,"Cornish brothers, ltd.",,2,lat; eng
/works/OL308923W,1916,Rabindranath Tagore,The hungry stones,"Andrews, C. F. 1871-1940, tr.",The Macmillan Company,"Classic Literature; Fiction; Andrews, Charles Freer, 1871-1940; Translations into English; Social life and customs",10,ben; eng
/works/OL15513777W,1916,Robert Seymour Bridges,Ibant obscuri,,Clarendon Press,Translations from classical literature; Translations into English; Hexameter; Classical poetry; English poetry,1,lat
/works/OL1160137W,1916,Robert Seymour Bridges,Ibant obscvri,,Clarendon press,Classical poetry; Translations into English; English poetry; Hexameter; Translations from classical literature,1,eng; lat
/works/OL102321W,1916,Seneca the Younger,Seneca's tragedies,"Heywood, Jasper, 1535-1598, tr.",Harvard Univ. Press,Drama; Classical Mythology; Translations into English; Latin drama (Tragedy); Greek Mythology,14,eng
/works/OL1563115W,1916,Theophrastus,Theophrastus,James Diggle (Translator),Cambridge University Press,"Pre-Linnean works; Botany; Character sketches; Characters and characteristics in literature; Greek literature, translations into english; Philosophy, ancient",5,eng
/works/OL7982944W,1916,Titus Maccius Plautus,Amphitryon. The Comedy of Asses. The Pot of Gold. The Two Bacchises. The Captives,Paul Nixon (Translator),Loeb Classical Library,,1,eng
/works/OL20550306W,1916,Titus Maccius Plautus,T. Macci Plavti Menaechmi,,"Macmillan & Co., Ltd.",,1,eng
/works/OL38747088W,1916,Virgil,The Aeneid of Virgil in English verse ...,"Way, Arthur S. (Arthur Sanders), 1847-1930, translator","Macmillan & Co., Limited",,1,lat; eng
/works/OL55523W,1916,Антон Павлович Чехов,The Bishop and Other Stories [7 stories],Constance Garnett (Translator),IndyPublish.com,Social life and customs; Translations into English; Fiction; Classic Literature; Continental european fiction (fictional works by one author); Europe; eastern; description and travel; general; novella,56,rus; eng
/works/OL4333278W,1917,Achilles Tatius,Achilles Tatius,S. Gaselee (Translator),"ABC-CLIO, LLC","Greek Love stories; Translations into English; Greek Romance fiction; Fiction, general; Greek literature, translations into english",13,gre; eng; grc
/works/OL137857W,1917,Augustine of Hippo,Writings of Saint Augustine,,Catholic University of America Press,Theology; Collected works; History; Early church; Early works to 1800,5,eng; lat
/works/OL255271W,1917,Charles Ernest Bennett,Across the years,,"Creative Media Partners, LLC",Latin poetry; Translations into English; Translations; English poetry,4,eng; lat
/works/OL39076334W,1917,Committee on Cooperation in Latin America,Translation of certain sections of the new Mexican constitution,,Committee on Cooperation in Latin America,Translations into English; Mexico,1,eng
/works/OL93104W,1917,Dante Alighieri,De vulgari eloquentiâ,,Apud Io. Corbon ...,Canzone; Italian poetry; Italian language; Versification; Questione della lingua; Dialects; Translations from Italian; Italian literature; History and criticism; To 1400,27,ita; lat; spa; ger; eng
/works/OL20947502W,1917,Desiderius Erasmus,The complaint of peace,"Grieve, A. J. (Alexander James), 1874-1952, translator",Headley Bros.,Peace,1,eng
/works/OL679575W,1917,Desiderius Erasmus,The complaint of peace / translated from the Latin of Erasmus A.D. 1559 ; edited byAlexander Grieve,,Headley Brothers,Peace,1,eng
/works/OL15685780W,1917,"Frederick Holland Dewey, A.B.",VIRGIL'S AENEID,,"The Translation Publishing Co., Inc.",,1,
/works/OL15428018W,1917,Gaius Julius Caesar,"Caesar, Bellum Gallicum IV, 20-38; V, 1-23",,W.J. Gage,Composition and exercises; Latin language,1,eng; lat
/works/OL8009274W,1917,Gaius Julius Caesar,The Gallic War,H. J. Edwards (Translator),Loeb Classical Library,,1,eng
/works/OL1150481W,1917,Gaius Julius Caesar; Benjamin L. D'Ooge; Frederick C. Eastman,Caesar in Gaul and Selections from the Third Book of the Civil War,,Ginn & Company,Textes; Latin (Langue); Latin language materials; Bilingual; History,7,lat; eng
/works/OL188135W,1917,"Jefferson, Bernard Levi",Chaucer and the Consolation of philosophy of Boethius,,Gordian Press,"History; Philosophy; Knowledge; Translating and interpreting; Latin language; Translating into English; Rhetoric, Medieval; Language and languages; Philosophy, Medieval, in literature; Medieval Rhetoric",3,eng
/works/OL20548655W,1917,Julius Caesar,The Gallic war,"Edwards, H. J. (Henry John), 1869-1923, translator",W. Heinemann,History,2,eng
/works/OL42629550W,1917,Julius Caesar; H. J. Edwards,The Gallic war,,G.P. Putnam's sons,,3,eng; lat
/works/OL28543300W,1917,Julius Caesar; William Francis Allen; Joseph Henry Allen,Gallic War,,Harvard University Press,History,3,lat; eng
/works/OL42495046W,1917,Lucius Annaeus Seneca; Frank Justus Miller,Tragedies,,Harvard University Press,,1,lat
/works/OL8298442W,1917,"Paton, W. R.","Greek Anthology, II, Book 7: Sepulchral Epigrams. Book 8",,Loeb Classical Library,Greek literature,1,eng
/works/OL47118W,1917,Publius Vergilius Maro,Virgil & Lucretius,"Stebbing, William, 1832- tr.","Longmans, Green and co.",Translations into English; Latin poetry,2,eng
/works/OL15222827W,1917,Seneca the Younger,Ad Lucilium epistulae morates,,Harvard University Press,"Early works to 1800; Conduct of life; Stoics; Conduct of life, early works to 1800; Science; Natuurwetenschappen; Literatura Latina; Translations into English",1,lat; eng
/works/OL7982446W,1917,Seneca the Younger,Epistles 1-65,Richard M. Gummere (Translator),Loeb Classical Library,"Conduct of life, early works to 1800; Stoics",1,eng
/works/OL102329W,1917,Seneca the Younger,Epistulae morales,"Basore, John W. b. 1870 tr.",Heinemann,Early works to 1800; Ethics; Latin literature; Conduct of life; Moral education..; Latin language materials; Correspondence; Ancient Ethics,50,lat; eng; fre; ger
/works/OL19821512W,1917,Seneca the Younger,Tragedies,Frank J. Miller (Translator),Loeb Classical Library,,1,eng
/works/OL7982454W,1917,Seneca the Younger,Volume VIII. Tragedies,Frank J. Miller (Translator),Loeb Classical Library,,1,eng
/works/OL1339311W,1917,Tertullian,Apologiticvs,,University Press,Apologetics; Early church; Early works to 1800,2,eng
/works/OL1339260W,1917,Tertullian,Q. Septimi Florentis Tertulliani Apologeticus,,University Press,Apologetics; History,1,eng
/works/OL1339263W,1917,Tertullian,Q. Septimi Florentis Tertvlliani Apologeticvs,,University Press,Apologetics; Early works to 1800,1,eng
/works/OL546839W,1917,Thomas Aquinas,Meditations for Lent from St. Thomas Aquinas,,Roman Catholic Books,Lent; English; Meditations; Prayers and devotions; Prayer-books and devotions; Religion; Indians of Central America; Missions; Church history,3,eng
/works/OL1548663W,1917,Titus Lucretius Carus,Lucretius on death,,Omega Workshops,Private presses; Latin Didactic poetry,2,eng
/works/OL7982946W,1917,Titus Maccius Plautus,Casina. The Casket Comedy. Curculio. Epidicus. The Two Menaechmuses,Paul Nixon (Translator),Loeb Classical Library,,1,eng
/works/OL32810884W,1917,Titus Maccius Plautus,The Mostellaria of Plautus(The haunted house),,"The Stratford Co., Publishers",,1,eng
/works/OL278145W,1917,Антон Павлович Чехов,The Lady with the Dog and Other Stories [9 stories],Constance Black Garnett (Translator),Macmillan Company,"Classic Literature; Fiction; Fiction, short stories (single author); Translations into English; Social life and customs; Russian literature",95,rus; eng
/works/OL22091042W,1918,Agnes Blake Poor,Pan American poems,,The Gorham press,Translations into English; Latin American poetry,1,eng
/works/OL3037867W,1918,Andreas Latzko,Men in War,"Seltzer, Adele Szold, 1876- tr.",Echo Library,"Classic Literature; Fiction; German War stories; Translations into English; World War, 1914-1918; World War, 1914-1918 in fiction",18,eng; ger
/works/OL1393106W,1918,Boethius,Boethius,,Heinemann,"Medieval Philosophy; Philosophy, Medieval; Poetry; Translations into English; Latin poetry; Translations into English (Middle English); Translations into English (Old English); Philosophy; Translations into English (Middle); Translations into English (Old)",2,eng; lat
/works/OL38958315W,1918,Boethius,The theological tractates,"Stewart, H. F. (Hugh Fraser), 1863-1948, editor, translator",W. Heinemann,,3,eng
/works/OL1393098W,1918,Boethius,"The theological tractates, with an English translation by H.F. Stewart and E.K. Rand",,Heinemann,,1,eng
/works/OL42876061W,1918,Boethius; H. F. Stewart,The theological tractates,,Harvard university press,Patristic Theology,2,eng; lat
/works/OL44267051W,1918,Desiderius Erasmus,Selections,,Clarendon Press,,1,eng
/works/OL15227353W,1918,Desiderius Erasmus,"Selections from Erasmus, principally from his Epistles",,Clarendon Press,,3,eng
/works/OL1150541W,1918,Gaius Julius Caesar,C. Iulii Caesaris Commentarii rerum gestarum,,Allyln and Bacon,"History; Rome Civil War, 49-45 B.C.",2,eng
/works/OL9079767W,1918,Gaius Julius Caesar,"C. Iullii Caesaris Commentarii Rerum Gestarum: Caesar's Commentaries: The Gallic War, Books I-IV ..",,Allyn and Bacon,,1,eng
/works/OL10306925W,1918,Gaius Julius Caesar,"Caesar's Commentaries on the Gallic war, books I-VII","Dewey, Frederick Holland, ed. and tr.",Translation Pub. Co.,,1,eng
/works/OL19592368W,1918,Gaius Julius Caesar; Francis Willey Kelsey,C. Iulii Caesaris Commentarii Rerum Gestarum: Caesar's Commentaries: the ...,,Allyn and Bacon,,1,eng
/works/OL15236573W,1918,Juvenal,Juvenal and Persius,G. G. Ramsay (Translator),Loeb Classical Library,,1,eng
/works/OL658241W,1918,Lucius Apuleius,The short stories of Apuleius,,Allyn and Bacon,Latin language materials,3,eng
/works/OL8298444W,1918,"Paton, W. R.","Greek Anthology, IV, Book 10: The Hortatory and Admonitory Epigrams. Book 11: The Convivial and Satirical Epigrams. Book 12",,Loeb Classical Library,Greek literature,1,eng
/works/OL1512459W,1918,Publius Terentius Afer,Terence with an English translation,,G. P. Putnam's sons,,1,eng
/works/OL16280152W,1918,Publius Vergilius Maro,Aeneid.  First book,,,,2,eng
/works/OL15237421W,1918,Publius Vergilius Maro,Virgil's prophecy on the Saviour's birth,"Carus, Paul, 1852-1919, ed. and tr.",Open Court Pub. Co.,Translations into English; Latin Pastoral poetry; Messiah; Poetry,1,eng
/works/OL546925W,1918,Thomas Aquinas,Quaestiones disputatae de veritate,Robert W. Mulligan (Translator),"Opera atq[ue] impe[n]sis p[ro]uidi viri Henrici Quentell, ciuis eiusdem",Early works to 1800; Truth; Theory of Knowledge; Christianity; Catholic Church; Religious aspects of Truth; Theology; Philosophy; Free will and determinism; Doctrines,35,eng; ger; spa; pol; fre; lat; ita
/works/OL31330132W,1918,VIRGIL / H. Rushton (ed) FAIRCLOUGH,"Virgil, with an English translation, in two volumes, vol.II",,William Heinemann,,1,
/works/OL55417W,1918,Антон Павлович Чехов,Вишневый сад,"Pevear, Richard, 1943- translator",Bristol Classical Press,Translations into English; Drama; Gentry; Russian language; Readers; Drama (dramatic works by one author); Continental european fiction (fictional works by one author); Rich people; Rich; Social conditions,152,spa; ger; fre; yid; jpn; und; eng; wel; tam; rus
/works/OL10419081W,1918,Фёдор Михайлович Достоевский,White Nights and other stories [7 stories],"Garnett, Constance Black, 1862-1946. tr.",Macmillan Company,"Translations into English; Russian Short stories; Dostoyevsky, fyodor, 1821-1881; Russian fiction, translations into english; English Short stories",47,eng; rus
/works/OL166952W,1918,Фёдор Михайлович Достоевский,Белые ночи,,Independently Published,"Translations into English; Fiction; Social life and customs; Russian Short stories; Utopias; Utopies; Romans, nouvelles",91,eng; ger; vie; rus; spa; fre; por
/works/OL17913211M,1919,,Musa americana,,Loyola university press,Latin poetry -- Translations from English; English poetry -- Translations into Latin,1,eng
/works/OL659878W,1919,Aeschines,Speeches,C.D. Adams (Translator),Loeb Classical Library,"Translations into English; Speeches, addresses, etc.",2,eng
/works/OL15097066W,1919,Augustine of Hippo,Letters,,Society for Promoting Christian Knowledge,Correspondence; Christian saints,3,eng
/works/OL16951881W,1919,Ausonius,Ausonius,H. G. Evelyn-White (Translator),Loeb Classical Library,Poetry (poetic works by one author),3,eng
/works/OL1841065W,1919,Bede Jarrett,Living temples,,Newman Press,Youth; Spiritual life; Meditations; Religious life; Catholic Church; Devotional literature,5,eng
/works/OL1453784W,1919,Decimus Magnus Ausonius,Ausonius,David R. Slavitt (Translator),Heinemann,"Poetry; Translations into English; Romans; College teachers; Weddings; Latin Epigrams; Latin language materials; Poetry (poetic works by one author); Epigrams; Evely-White, Hugh Gerard d. 1924",14,lat; eng; mul
/works/OL34582307W,1919,"Fronto, Marcus Cornelius; Haines, C. R. (translator)","The Correspondence of Marcus Cornelius Fronto With Marcus Aurelius Antoninus, Lucius Verus, Antoninus Pius, and Various Friends Volume I; Volume II (Loeb Classical Library, No. 113) [2 Volume set]",,William Heinemann / G. P. Putnam's Sons,,1,
/works/OL1150536W,1919,Gaius Julius Caesar,Bello Gallico,,Clarendon Press,,2,eng
/works/OL30457295W,1919,Hermann Hesse; Thomas Wayne; Overstreet Press,Demian,"Lin, Qianwei, translator","New York: Bantam Books, 1968",Teenage boys; Translations into English; Bildungsromans; Fiction; German fiction; Germany; Bildungsroman; Social conditions; Translations into Portuguese; Portuguese fiction,176,epo; spa; ita; kor; cat; ger; per; fre; dut; por; chi; ukr; heb; eng
/works/OL1354276W,1919,Marcus Cornelius Fronto,"The correspondence of Marcus Cornelius Fronto with Marcus Aurelius Antoninus, Lucius Verus, Antoninus Pius, and various friends","Haines, Charles Reginald. ed. and tr.",W. Heinemann,Latin literature; Latin language materials; Letters; Latin; Statesmen; Correspondence,7,eng; lat
/works/OL2241476W,1919,Marcus Valerius Martialis,Martial Epigrams,"Ker, Walter C. A. 1853-1929 tr.",Harvard University Press,Epigrams,2,eng; lat
/works/OL41542855W,1919,Martial; Walter C. A. Ker,Epigrams,,Loeb Class. Libr.,,2,eng
/works/OL15347028W,1919,Ovid,"Heroides, Amours, Art of love, Remedy of love and minor works",,G. Bell,,1,eng
/works/OL2578199W,1919,Petrus Alfonsi,Disciplina Clericalis (English translation),,Western Reserve University,"Didactic literature, Latin (Medieval and modern); Medieval Tales; Tales, Medieval; Translations into English",1,eng
/works/OL523979W,1919,"Saint Ambrose, Bishop of Milan",St. Ambrose,,Eerdmans,Arianism; Divinity; Doctrinal Theology; Trinity,2,eng
/works/OL812742W,1919,Suetonius,"C. Suetonii Tranquilli De vita Caesarum liber VIII, Divus Titus",,George Banta publishing company,,1,eng
/works/OL15243161W,1919,Suetonius,C. Suetonii Tranquilli Vita Domitiani,,apud J.B. Wolters,Early works to 1800; Emperors; Biography; History; Railroads,2,lat; eng
/works/OL812767W,1919,Suetonius,"De vita Caesarum liber VIII, Divus Titus",,George Banta publishing company,,1,lat; eng
/works/OL1339333W,1919,Tertullian,Against Praxeas,,"Kessinger Publishing, LLC",Apologetics; Christian Heresies; Early works to 1800; History; Monarchianism; Trinity,5,eng; lat; ita
/works/OL1339283W,1919,Tertullian,Tertulian (sic) against Praxeas,,Society for Promoting Christian Knowledge,Early works to 1800; Trinity,1,eng
/works/OL19772048W,1919,Tertullian,Tertulian [sic] against Praxeas,,Macmillan,Early works to 1800; Trinity,1,eng
/works/OL1339298W,1919,Tertullian,Tertullian's treatises,"Souter, Alexander, 1873-1949, tr.",Macmillan,Baptism; Prayer; Early works to 1800; Views on baptism; Views on prayer; Christianity,1,lat; eng
/works/OL15285852W,1919,Tertullian,"Tertullian's treatises, Concerning prayer, Concerning baptism",,S.P.C.K.,,1,eng; lat
/works/OL1339320W,1919,Tertullian,"Treatises: Concerning prayer, Concerning baptism",,S.P.C.K.,,2,eng; lat
/works/OL546466W,1919,Thomas Aquinas,Commerce,,S. Dominic's Press,Moral and ethical aspects; Commerce; Moral and ethical aspects of Commerce; Moral and ethical aspects of Usury; Usury,1,eng
/works/OL17572820W,1919,Titus Livius,"History of Rome Volume I
            
                Loeb Classical Library",,Harvard University Press,"Rome, history, republic, 510-30 b.c.; History; Pa6156 .l589 2014",1,
/works/OL33599737W,1919,Titus Livius,Livy in fourteen volumes,,W. Heinemann,,1,eng
/works/OL1261142W,1919,Titus Livius,"Livy, with an English translation",,Heinemann,History,3,lat; eng
/works/OL15329779W,1919,Titus Maccius Plautus,The Rudens of Plautus,,Hamilton College,,1,eng
/works/OL38782538W,1920,,The Loeb classical library,,G.P. Putnam's Sons,,1,eng; mul; lat; gre
/works/OL1286055W,1920,Alexander Souter,"Hints on translation from Latin into English, by Alexander Souter",,Society for Promoting Christian Knowledge,Translating and interpreting; Latin language; Translating into English,1,eng
/works/OL2159510W,1920,Alfred King of England; Society for Promoting Christian Knowledge (Great Britain); Boethius,King Alfred's Books,,Society for Promoting Christian Knowledge,"English literature; Translations into English; Latin literature; History and criticism; Translations into Anglo-Saxon; Translations from Latin; Translations into English (Old English, ca. 450-1100); Translations into English (Old English)",2,eng; ang
/works/OL8009271W,1920,Gaius Julius Caesar,De Bello Civili Book III,,Cambridge University Press,"Mathematics, study and teaching",1,eng
/works/OL1259810W,1920,Guillaume Apollinaire,Alcools,"Greet, Anne Hyde, ed. and tr.",Impr. nationale,"Classic Literature; Collections; English poetry; Fiction; French poetry; Poetry; Translations from French; Translations into English; Poetry (poetic works by one author); Philosophy, ancient",53,fre; eng; ger; mul
/works/OL88131W,1920,Horace,Icarian flights,"Pollock, Walter Herries, 1850-1926, tr.",John Lane company,Translations into English; Latin Laudatory poetry,2,eng
/works/OL43555250W,1920,Horace; John Draper Evans,"Metrical translation of book I, ode 7",,,,1,eng
/works/OL7756802W,1920,Hubert Dynes Ellis,"English verse translations of selections from the Odes of Horace, the epigrams of Martial and other writers",,"Priv. print. [R. & R. Clark, limited]",Latin poetry; Translations into English,1,eng
/works/OL6675687W,1920,Lauchlan MacLean Watt,Douglas's Aeneid,,AMS Press,Aeneas (Legendary character) in literature; Appreciation; History; History and criticism; In literature; Knowledge; Language and languages; Latin Epic poetry; Latin language; Translating and interpreting,2,eng
/works/OL38796522W,1920,Lucius Apuleius,The golden ass of Lucius Apuleius,,Privately printed for the Hogarth Press,,1,eng
/works/OL16833064W,1920,Matthew Germing,Latin hymns,,Loyola University Press,Translations into English; Latin Hymns; History and criticism,1,eng
/works/OL10563199W,1920,Petronius,The satyr of Titus Petronius Arbiter ..,,S. Briscoe,,1,eng
/works/OL43934497W,1920,Petronius Arbiter; William Burnaby,Satyricon,,Johannes Mercerius,,3,lat; eng
/works/OL44828841W,1920,Petronius; John Malcolm Mitchell; J. M. Mitchell,Petronius the Satyricon,,"G. Routledge & Sons, etc., etc.",,1,eng
/works/OL15237079W,1920,Publius Vergilius Maro,Aeneid Book II,,Cambridge University Press,"Latin poetry, translations into english",1,eng
/works/OL15237081W,1920,Publius Vergilius Maro,Aeneid Book IX,,Cambridge University Press,"Latin poetry, translations into english",1,eng
/works/OL10606427W,1920,Quintilian,Institutio oratorio,,Heinemann,,1,eng
/works/OL20962084W,1920,Quintilian,The Institutio oratoria of Quintilian,,Harvard University Press,Ancient Rhetoric; Ancient Oratory,2,eng; und
/works/OL10314046W,1920,Quintilian,The Instituto oratoria of Quintilian,"Butler, Harold Edgeworth, 1878- , tr.",W. Heinemann,,5,eng
/works/OL1153439W,1920,Quintilian; H. E. Butler,The Institutio oratoria of Quintilian,,Harvard University Press,"Roman Literature; Other prose: classical, early & medieval; Literature - Classics / Criticism; Oratory, ancient; Rhetoric, ancient",2,eng; lat
/works/OL15630873W,1920,Roger Bacon,Opera hactenus inedita,,Clarendon Press,English Philosophy,2,eng; lat
/works/OL1322186W,1920,Saint Albertus Magnus,The paradise of the soul,,"Burns, Oates & Washbourne",Virtues; Christian ethics,1,eng
/works/OL7982458W,1920,Seneca the Younger,Seneca,T. H. Corcoran (Translator),Cambridge University Press,"Ethics; Seneca, lucius annaeus, approximately 4 b.c.-65 a.d.; Conduct of life, early works to 1800; Stoics",9,eng
/works/OL19772256W,1920,"Stebbing, William",Some masterpieces of Latin poetry,,"T. F. Unwin, ltd.",Latin poetry; Translations into English; English poetry; Translations from Latin,1,eng
/works/OL15314552W,1920,Thomas Aquinas,Summa theologicae,,"Burns, Oates and Washbourne",Catholic Church; Doctrines; Doctrinal Theology; Ethics,3,eng; lat
/works/OL21165634W,1920,Thomas Aquinas,"The ""Summa theologica""",,Burns Oates & Washbourne,Doctrines; Early works to 1800; Doctrinal Theology; Catholic Church,1,eng
/works/OL7981734W,1920,Titus Lucretius Carus,De Rerum Natura Bk 5,,Cambridge University Press,"Philosophy, ancient; Didactic poetry",1,eng
/works/OL1548668W,1920,Titus Lucretius Carus,Translations from Lucretius,,G. Allen & Unwin,Psychical research,2,eng
/works/OL15040447W,1920,Titus Lucretius Carus,Translations from Lucretius by R.C. Trevelyan,,Allen & Unwin,,1,eng
/works/OL38747339W,1920,Titus Maccius Plautus,The Trinummus and the Menaechmi of Plautus,,Handy Book Co.,,1,eng
/works/OL3130086W,1920,W. Stebbing,Some masterpieces of Latin poetry,,"T. F. Unwin, ltd.",Latin poetry; Translations into English; English poetry; Translations from Latin,1,eng
/works/OL19813352W,1921,Anyte of Tegea; Richard Aldington,Medallions in clay,,A. A. Knopf,"Parodies, imitations; Translations into English; Greek poetry; English literature; Medieval and modern Latin poetry; Substance-Related Disorders",1,eng
/works/OL2410974W,1921,Callimachus.,Callimachus,A. W. Mair (Translator),Clarendoniano,"Hellenistic Greek poetry; Translations into English; Hymns, Greek (Classical); Greek Epigrams; Poetry; Theseus (Greek mythology); Greek language materials; Callimachus; Mythology, greek; English Translations",18,ita; grc; eng; lat
/works/OL31377750W,1921,David (trans.) Various; Magie,Scriptores Historiae Augustae I (Loeb Classical Library No. 139),,Harvard University Press,,1,
/works/OL8298448W,1921,Decimus Magnus Ausonius,Ausonius (Vol. 1),H. G. Evelyn-White (Translator),Loeb Classical Library,,1,eng
/works/OL15227142W,1921,Desiderius Erasmus,"Erasmus' ""Institutio principis christiani.""","Corbett, Percy Ellwood, 1892- tr.","Sweet and Maxwell, Limited",Kings and rulers; Education of princes; Peace; Duties,1,eng
/works/OL679696W,1921,Desiderius Erasmus,"The Institution Principis Christiani, chapters III-XI",,Shweet and Maxwell,,1,eng
/works/OL1541300W,1921,Frances Ellis Sabin,Classical associations of places in Italy,,The author,"Classical literature; Translations into English; Greek literature; Latin literature; Poetry; Greek literature (Selections: Extracts, etc.); English literature; Translations from Classical literature; Description and travel; Poetry of places",1,eng
/works/OL24360623W,1921,Grant Showerman,Heroides and Amores,,Putnam's,Translations into English; English Love poetry; Translations from Latin; Latin Love poetry; Women; Poetry,5,eng; lat
/works/OL20957861W,1921,James Loeb; E. H. Warmington; Wilmer Cave Wright,"The Loeb classical library. No. 134, .",,Harvard University Press,,1,eng
/works/OL2241451W,1921,Marcus Valerius Martialis,Martial Epigrams in fifteen books,"Buck, Mitchell Starrett, 1887- , tr.",Privately printed for subscribers only,,1,eng
/works/OL38796519W,1921,Martial,Epigrams in fifteen books,,publisher not identified,,1,eng
/works/OL28646102W,1921,Ovid; Robert Squillace; Frank Justus Miller,Metamorphoses,,Harvard University Press,,16,eng; lat
/works/OL33273029W,1921,Publius Vergilius Maro,Greek hexameters,"Hyman, Asher, translator",B. Blackwell,,1,lat; gre; eng
/works/OL1153456W,1921,Quintilian,Institutiones Oratoriae,"H.E. Butler (Editor, Translator)",William Heinemann Ltd,Early works to 1800; Oratory; Ancient Rhetoric; Ancient Oratory,2,
/works/OL936115W,1921,Sallust,Sallust,J. C. Rolfe (Translator),Loeb Classical Library,,1,eng
/works/OL42221460W,1921,Sallust,Works transl. by J.C. Rolfs!,,Loeb Class. Libr.,,1,eng
/works/OL102313W,1921,Seneca the Younger,De clementia,,les Belles lettres,"Early works to 1800; Clemency; Political ethics; Seneca, lucius annaeus, approximately 4 b.c.-65 a.d.",11,eng; lat; ger; ita; fre
/works/OL15792563W,1921,Titus Lucretius Carus,On the nature of things,,Clarendon Press,,1,eng
/works/OL55521W,1921,Антон Павлович Чехов,The horse-stealers and other stories,Constance Garnett (Translator),Fredonia Books (NL),"Classic Literature; Fiction; Social life and customs; Translations into English; Continental european fiction (fictional works by one author); Fiction, short stories (single author)",40,rus; eng
/works/OL55438W,1921,Антон Павлович Чехов,The schoolmaster and other stories,Constance Garnett (Translator),CreateSpace Independent Publishing Platform,"Classic Literature; Fiction; Social life and customs; Translations into English; Continental european fiction (fictional works by one author); Fiction, short stories (single author)",32,rus; eng
/works/OL19669310W,1922,A L. Irvine,Kthma e? aei,,"A. C. Curtis, ltd., [etc]",Latin poetry; Translations into English; Greek poetry,1,gre
/works/OL906608W,1922,Antonio Beccadelli,Hermaphroditus,"Tognelli, Jole, ed. & tr.",Lexington Books,"Erotic poetry, Latin (Medieval and modern); Hermaphroditism; Poetry; Translations into Italian; Translations into English; Translations into German; Erotic poetry; Intersexuality; Textual Criticism",9,ita; lat; ger; eng
/works/OL42950715W,1922,Augustine of Hippo; William Watts; W. H. D. Rouse,Saint Augustine's Confessions,,G.P. Putnam's,,2,eng; lat
/works/OL15217570W,1922,Cicero,Cicero's essays On friendship (De amicitia) and On old age (De senectute),"Edmonds, Cyrus R., tr.","Translation publishing company, inc.",Early works to 1800; Friendship; Old age,1,eng
/works/OL7490672W,1922,Dora Pym,Readings from the literature of Ancient Rome in English translations,,Franklin Classics Trade Press,Latin literature; Translations into English; English literature; Translations from Latin,6,eng
/works/OL69428W,1922,Francis Bacon,Selections,,Oxford University Press,Human beings; Learning; Nature,7,eng
/works/OL15097774W,1922,Horace,"The Satires, Epistles and Ars poetica of Horace","Conington, John, 1825-1869, tr.","G. Bell and sons, ltd.",Translations into English; Latin Verse satire; Early works to 1800; Literature; Latin Epistolary poetry; History and criticism,1,eng
/works/OL2627332W,1922,John Owen,Some epigrams of John Owen,,Sine nomine,"English Epigrams; Epigrams, English; Epigrams, Latin; Latin Epigrams; Lawyers; Quotations, maxims; Translations from Latin; Translations into English",1,eng
/works/OL18408571W,1922,Lorenzo Valla,Treatise of Lorenzo Valla on the donation of Constantine,,Published by University of Toronto Press in association with the Renaissance Society of America,Constitutum Constantini,2,eng
/works/OL24956720W,1922,Luther Thomas Smith,How to translate a Latin sentence,,"Creative Media Partners, LLC",Latin language; Translating into English,3,eng
/works/OL24988612W,1922,Ovid,"A term of Ovid, stories from Metamorphoses for study and sight reading",,American book company,Latin language; Readers; Poetry; Metamorphosis; Mythology; Classical Mythology; Latin Fables,1,eng
/works/OL32807470W,1922,Ovid,Metamorphoses (P. Ovidius Naso),,Cornhill,,1,eng
/works/OL442034W,1922,Ovid,Metamorphoses (P. Ovidius Naso) / tr. into English blank verse by Brookes More... with a foreword by Frederic Alllison Tupper,"More, Brookes, 1859- tr.",The Cornhill Publishing Company,Poetry; Mythology; Metamorphosis; Latin Fables; Classical Mythology; Translations into English,1,eng
/works/OL442068W,1922,Ovid,Ovid in six volumes,,W. Heinemann,Latin Love poetry; Translations into English; Poetry; Latin language materials; Latin Epistolary poetry; Classical Mythology; Love-letters; Women; Man-woman relationships; Latin Elegiac poetry,3,lat; eng
/works/OL441970W,1922,Ovid,The golden asse of Lucius Apuleius,,"Simpkin, Marshall, Hamilton, Kent",,1,eng
/works/OL503899W,1922,Petronius,"Petronius, leader of fashion","Mitchell, John Malcolm, 1879- tr.","G. Routledge & sons, ltd.",,2,eng; und
/works/OL43423574W,1922,Petronius Arbiter; A. Ernout,Petrone,,"Société d'edition ""Les belles lettres""",,1,eng
/works/OL15311227W,1922,Publius Papinius Statius,Togail na Tebe,,The University Press,Irish language; Texts and translations,1,eng
/works/OL47069W,1922,Publius Vergilius Maro,"Aeneid, books IV to VI",,The Clarendon press,,2,eng
/works/OL47079W,1922,Publius Vergilius Maro,"The Eclogues, Bucolics, or Pastorals of Virgil",,B. Blackwell,Country life; Translations into English; Latin Pastoral poetry; Poetry,2,eng
/works/OL1153457W,1922,Quintilian,Training of an Orator,H. E. Butler (Translator),Loeb Classical Library,,2,eng
/works/OL15223008W,1922,Seneca the Younger,Selected letters of Seneca,,Loyola University Press,,1,eng
/works/OL1339287W,1922,Tertullian,... Tertullian concerning the resurrection of the flesh,"Souter, Alexander, 1873-1949, tr.",The Macmillan company,Resurrection; Early works to 1800,2,eng
/works/OL1339229W,1922,Tertullian,Concerning the resurrection of the flesh,,Society for Promoting Christian Knowledge,Resurrection,1,eng
/works/OL24218836W,1922,Thomas Aquinas,"The ""Summa theologica"" of St. Thomas Aquinas - Part I - QQ L-LXXIV",,Burns Oates & Washbourne,,1,eng
/works/OL24218837W,1922,Thomas Aquinas,"The ""Summa theologica"" of St. Thomas Aquinas - Part I QQ LXXV-CII",,Burns Oates & Washbourne,,2,eng
/works/OL1090136W,1922,Thomas More,The godly instructions and prayers of blessed Sir Thomas More,,Stanbrook Abbey,,1,eng
/works/OL43010422W,1922,Titus  Petronius Arbiter; François   Nodot; José   Marchena Ruiz y Cueto,"The Satyricon of Petronius Arbiter Complete and unexpurgated translation by W. C. Firebaugh, in which are incorporated the forgeries of Nodot and Marchena, and the readings introduced into the text by De Salas. Illustrations by Norman Lindsay. Volume one",,Published for Private Circulation Only by Boni & Liveright,,1,eng
/works/OL1261045W,1922,Titus Livius,"History of Rome, II, Books 3-4",B. O. Foster (Translator),Loeb Classical Library,,1,eng
/works/OL24283055W,1922,Titus Livius,Livy in thirteen volumes,,Heinemann,,2,eng
/works/OL38755196W,1922,Virgil,Virgil,"Fairclough, H. Rushton (Henry Rushton), 1862-1938, translator","Tipografia ""Sportul""",,2,lat; rum; eng
/works/OL35295117W,1922,WILMER CAVE WRIGHT,PHILOSTRATUS AND EUNAPIUS. THE LIVES OF THE SOPHISTS. WITH AN ENGLISH TRANSLATION BY WILMER CAVE WRIGHT. GR. & ENG (LOEB CLASSICAL LIBRARY.),,William Heinemann,,1,eng
/works/OL55514W,1922,Антон Павлович Чехов,Love and other stories [23 stories],Constance Black Garnett (Translator),IndyPublish.com,"Classic Literature; Fiction; Social life and customs; Translations into English; Continental european fiction (fictional works by one author); Fiction, short stories (single author); Russian Short stories",41,rus; eng
/works/OL55492W,1922,Антон Павлович Чехов,The Cook's Wedding and Other Stories,"Garnett, Constance Black, 1862-1946, tr.",Kessinger Publishing,"Classic Literature; Fiction; Social life and customs; Translations into English; Continental european fiction (fictional works by one author); Fiction, general; Russian Short stories",47,eng; rus
/works/OL43402866W,1923,Apuleius; William Adlington,Cupid and Psyches,,Nonesuch Press,Fiction,1,eng
/works/OL67492W,1923,Cicero,"De senectute, De amicitia, De divinatione","Falconer, William Armistead, tr.",G.P. Putnam's Sons,Divination; Friendship; Old age; Old age.; Latin language materials; Early works to 1800,14,lat; eng
/works/OL67483W,1923,Cicero,Pro Archia poeta,"Geerebaert, A., tr.",Heinemann,"Speeches, addresses, etc., Latin; Translations into Dutch; Translations into German; Latin language materials; Speeches, addresses, etc.; Translations into English; Latin letters; Briefsammlung",5,ger; eng; dut; lat
/works/OL10328470W,1923,Cicero,The speeches: Pro Archia poeta - Post reditum in senatu - Post reditum ad quirites - De domo sua - De haruspicum responsis - Pro Planico,,W. Heinemann,,1,eng
/works/OL16786482W,1923,Desiderius Erasmus,Twenty Select Colloquies of Erasmus,,Chapman and Dodd,,1,eng
/works/OL679884W,1923,Desiderius Erasmus,Twenty select colloquies,,Chapman & Dodd,Catholic Church,2,eng
/works/OL7490671W,1923,Dora Pym,Readings from the literature of ancient Rome,,"Harcourt, Brace and Co.",Latin literature; Translations into English,2,eng
/works/OL10451726W,1923,E. E. Sikes,Roman poetry,,Southern Illinois University,"Latin poetry; Translations into English; Poetry; Italian poetry; Latin poetry, history and criticism; Rome, in literature; Latin poetry, translations into english; History and criticism; In literature; Poésie latine",9,eng
/works/OL1150480W,1923,Gaius Julius Caesar,"Caesar, books I and II of the Civil War","Long, Frederick Percy, 1868- tr.",The Clarendon Press,"History; Rome Civil War, 49-45 B.C.",1,eng
/works/OL1150533W,1923,Gaius Julius Caesar,Seven books of Caesar's Gallic war,,Sheffield Book Co.,History,1,eng
/works/OL2752315W,1923,Hrotsvitha,Plays,,Akal,"Christian drama, Latin (Medieval and modern); Translations into English; History and criticism; Latin drama",7,spa; eng
/works/OL44330351W,1923,Julius Caesar; F. P. Long; William Cookworthy Compton,Caesar,,The Clarendon press,,1,eng
/works/OL38620441W,1923,Marcus Tullius Cicero,The speeches,,W. Heinemann,"Speeches, addresses, etc., Latin; Translations into English",2,lat; eng
/works/OL6677741W,1923,Otto Luitpold Jiriczek,"Specimens of Tudor translations from the classics, with a glossary",,C. Winter,Classical poetry; English language; English poetry; Readers; Translations from classical literature; Translations into English,1,eng
/works/OL442098W,1923,Ovid,...Ovid.  The lover's handbook,"Wright, Frderick Adam, 1869- tr.",Dutton,Translations into English; Latin Erotic poetry; Seduction; Poetry; Latin Didactic poetry,1,eng
/works/OL42878585W,1923,Ovid,Ovid's Metamorphoses,,Printed for Robert Horsfield,,2,lat; eng
/works/OL38747279W,1923,Ovid,Selections from the Metamorphoses of Ovid,,"Scott, Foresman",,1,eng
/works/OL970293W,1923,Publius Papinius Statius,Ode to sleep,"Lambert, Richard Stanton, 1894- tr.",The Stanton Press,,1,eng
/works/OL24404277W,1923,Publius Vergilius Maro; Charles Knapp,The Aeneid of Vergil,,Franklin Classics,,2,eng
/works/OL3801010W,1923,Rainer Maria Rilke,Duineser Elegien,"Spender, Stephen, 1909-1995 joint tr.",La Différence,Translations into English; German poetry; German Elegiac poetry; German Sonnets; German language books; Poetry (poetic works by one author); Polymers; Periodicals; Polymerization; Nursing -- Mathematics,83,eng; por; fre; ger; dut; mul; heb
/works/OL1097447W,1923,Roger Bacon,Roger Bacon's letter concerning the marvelous power of art and of nature and concerning the nullity of magic,,Chemical Pub. Co.,,3,eng
/works/OL19772199W,1923,"Stebbing, William",Greek and Latin anthology thought into English verse,,T.F. Unwin,Translations from Latin; Translations from Greek; Epigrams; English poetry; Greek poetry; Latin poetry; Translations into English,1,eng
/works/OL44417328W,1923,Thomas More; George Chatterton Richards; G. C. Richards,More's Utopia,,B. Blackwell,Utopias,1,eng
/works/OL22108306W,1924,A. F. Geyser,Orator latinus,,Allyn and Bacon,Latin language; Translations into Latin; Readers; Translations from English; English literature; Medieval and modern Latin literature,1,eng
/works/OL38990641W,1924,Augustine of Hippo,The philosophy of teaching,"Tourscher, Francis E., 1870-1939, translator",Villanova college,Teaching; Language and languages,1,eng
/works/OL15217868W,1924,Cicero,M. Tulli Ciceronis De provinciis consularibus oratio ad Senatum,,Arno Press,"Speeches, addresses, etc., Latin",3,lat; eng
/works/OL10424888W,1924,Francis Bacon,"Essayes, Religious meditations, Places of perswasion & disswasion",,Haslewood Books,,3,eng
/works/OL16459074W,1924,Frank Justus Miller,Latin in high schools,,University of Illinois,Study and teaching (Secondary); Latin language; Study and teaching,1,eng
/works/OL394326W,1924,Gaius Valerius Catullus,Catullus ; Translated,,Clarendon Press,,1,eng
/works/OL394356W,1924,Gaius Valerius Catullus,"From Catvllvs, chiefly concerning Lesbia",,M. Secker,,1,eng
/works/OL6596383W,1924,George Sampson,The Cambridge book of prose and verse in illustration of English literature,,The University press,English literature; History and criticism; Medieval and modern Latin literature; Modernized versions; Translations into English; Translations,1,eng; lat
/works/OL15097654W,1924,Horace,"The Odes and Epodes, with an English translation by C.E. Bennett",,Heinemann,,1,eng
/works/OL6698736W,1924,"Howe, George",Roman literature in translation,,Harper,Translations into English; English literature; Translations from Latin; Latin literature,3,eng
/works/OL44800467W,1924,Lucius Apuleius; William Adlington; Laurel Press,The story of Cupid and Psyches,,The Laurel Press,Fiction,1,eng
/works/OL11041122W,1924,Marcus Valerius Martialis,Martial's Epigrams,,The University press,Epigrams,1,eng
/works/OL2241456W,1924,Marcus Valerius Martialis,"Martial, the twelve books of epigrams",,G. Routledge,Latin Epigrams; Translations into English; English Epigrams; Translations from Latin; Épigrammes latines,1,eng
/works/OL442101W,1924,Ovid,Ovyde,,B. Blackwell,,1,eng
/works/OL442102W,1924,Ovid,Ovyde hys Booke ofMethamorphose,,B. Blackwell,,1,eng
/works/OL7980327W,1924,Ovid,Selections from Tristia,,Cambridge University Press,"Mathematics, study and teaching",1,eng
/works/OL979517W,1924,Pablo Neruda,Veinte poemas de amor y una canción desesperada,W.S. Merwin (Translator),Losada,Chilean Love poetry; Poesía amorosa chilena; Poesía chilena; Chilean poetry; Spanish Love poetry; Translations into English; Poetry (poetic works by one author); Spanish poetry; Criticism and interpretation; Romance literature,135,spa; ita; arn; heb; eng
/works/OL15237087W,1924,Publius Vergilius Maro,"Aeneid, books VII to IX",,Clarendon Press,,1,eng
/works/OL20740946W,1924,Publius Vergilius Maro,"The Eclogues & Georgics of Virgil, translated into English verse by T.F. Royds","Royds, Thomas Fletcher, 1880-1964, translator",E.P. Dutton & Co.,Country life; Translations into English; Latin Pastoral poetry; Poetry,1,eng
/works/OL33287915W,1924,Publius Vergilius Maro,The fourth book of Virgil's Aeneid,,B. Blackwell,Poetry; Latin Epic poetry; Translations into English,1,eng
/works/OL15237386W,1924,Publius Vergilius Maro,Virgil Aeneid,"Knox, Ronald Arbuthnott, 1888-1957 tr.",Clarendon Press,,1,eng
/works/OL38851446W,1924,Quintilian,M. Fabii Quintiliani Institutionis oratoriae,,University press,Oratory; Art oratoire,1,eng; lat
/works/OL936173W,1924,Sallust,... The Conspiracy of Catiline and the War of Jugurtha,"Heywood, Thomas, d. 1641, tr.",Constable and co. ltd.,"History; Jugurthine War, 111-105 B.C.; Translations into English; Jugurthine War, 111-105 B.C; Jugurthine War, 111 B.C.-105 B.C.",4,eng
/works/OL43126931W,1924,"Sampson, George, 1873-1950",The Cambridge book of prose and verse in illustration of English literature,,Cambridge University Press,"English literature -- History and criticism; English literature -- Middle English (1100-1500); English literature -- Old English, ca. 450-1100 -- Translations; Latin literature, Medieval and modern -- Translations into English",1,eng
/works/OL44644880W,1924,Seneca the Younger; Hugh Macmaster Kingery,Three tragedies of Seneca,,Macmillan Co.,Readers; Drama,1,eng
/works/OL34622189W,1924,Sextus Propertius,Propertius (Loeb Classical Library),,"William Heinemann, G. P. Putnam's Sons",,2,
/works/OL1133520W,1924,Snorri Sturluson,Edda,Anthony Faulkes (Translator),Munskaard,"Norse Mythology; Glossaries, vocabularies; Scalds and scaldic poetry; Old Norse poetry; Old Norse language; Indexes; Mythology, Norse; Skáldskaparmál; Eddas; Poetry (poetic works by one author)",41,ger; dan; fre; nor; ice; eng
/works/OL24421071W,1924,Thomas Aquinas,The Summa contra gentiles of Saint Thomas Aquinas,,"Burns, Oates & Washbourne",Apologetics; Early works to 1800; Doctrinal Theology,1,eng
/works/OL14866824W,1924,Thomas Mann,Der Zauberberg,"Lowe-Porter, H. T. 1876-1963 tr.",Franklin Library,Fiction; Sanatoriums; German fiction; Translations into English; Philosophy; Civilization; Special Hospitals; Fictional Works; Tuberculosis; Continental european fiction (fictional works by one author),188,eng; fre; ger; spa; yid; rus
/works/OL1090172W,1924,Thomas More,Selections from his English works and from the Lives,,Clarendon,,1,eng
/works/OL1090173W,1924,Thomas More,Selections from his English works and from the Lives by Erasmus & Roper,,Clarendon Press,English literature,1,eng
/works/OL1090142W,1924,Thomas More,The last letters of Blessed Thomas More,,Manresa Press,Correspondence,4,eng
/works/OL29271827W,1924,Titus Livius,"... Livy, book I, complete",,Allyn and Bacon,,1,eng
/works/OL10729680W,1924,Titus Livius,Hannibal's invasion of Italy,,Clarendon Press,History,1,eng
/works/OL7981747W,1924,Titus Lucretius Carus,Lucretius,M.F. Smith (Translator),Duckworth Publishers,,4,eng
/works/OL481369W,1924,Titus Maccius Plautus,Selections from Plautus,,C.U.P.,,1,eng
/works/OL34582160W,1924,Translated by David Magie,"The Scriptores Historiae Augustae in Three Volumes, Vol. 2 Only [The Loeb Classical Library]",,William Heinemann,,1,
/works/OL19330292W,1924,Όμηρος,"The Iliad, Vol. 1 (Books 1-12) (Loeb Classical Library)",,Harvard/Loeb Classical Library,Poetry (poetic works by one author),1,
/works/OL832747W,1925,Albius Tibullus,Elegies,"Mínguez, Joan, joint ed. and tr.",Lee,Latin Elegiac poetry; Poetry; Translations into Catalan; Translations into English; Klassieke oudheid,3,eng; cat; lat
/works/OL7982552W,1925,Augustine of Hippo,St. Augustine,,Wm. B. Eerdmans Publishing Company,Fathers of the church,1,eng
/works/OL7908636W,1925,Charles Poyntz Stewart,The Roman Church and heresy,,C. J. Thynne and Jarvis,Catholic Church; Doctrinal and controversial works; Persecution; Protestant authors,1,eng
/works/OL41053040W,1925,Cornelius Tacitus,Histories,,The Perfect Library,"Rome, history; History",3,lat; eng
/works/OL36946979W,1925,Desiderius Erasmus,... In praise of folly,"Kennett, White, 1660-1728, translator",P. Covici,Folly,1,eng
/works/OL394374W,1925,Gaius Valerius Catullus,The life and poems of Catullus,,Haldeman-Julius Co.,Translations into English; Latin Love poetry; Latin Elegiac poetry; Latin Epigrams,1,eng
/works/OL1381145W,1925,George Moore,A letter to the editor of the Times,,Times Pub. Co.,"Correspondence; History and criticism; In literature; Latin language, Medieval and modern; Latin letters, Medieval and modern; Medieval and modern Latin language; Medieval and modern Latin letters; Translating into English; Translations into English",1,eng
/works/OL29269334W,1925,Grant Showerman,Century readings in ancient classical literature,,The Century co.,Classical literature; Translations into English; Medieval Literature; English literature; Translations,1,eng
/works/OL7202662W,1925,John William Cunliffe,Century readings in ancient classical and modern European literature,,The Century co.,Classical literature; English literature; Medieval Literature; Modern Literature; Translations; Translations into English,2,eng
/works/OL12851318W,1925,Juvenal,Saturae XIV,,Cambridge University Press,,1,eng
/works/OL43709349W,1925,Juvenal; Edward Henry Blakeney; Samuel Johnson,"Juvenal's tenth satire, & Johnson's The vanity of human wishes",,Blackie and Son,Latin; Poetry and Drama; Juvenal; Ancient Rome; Latin American Symposium on Theoretical Informatics. fast (OCoLC)fst01503458,1,eng
/works/OL23932400W,1925,Lloyd E. Smith,Amorous tales of the monks,,Haldeman-Julius Co.,"Christian literature, Latin (Medieval and modern); Translations into English; Didactic literature, Latin (Medieval and modern); Exempla; Early works to 1800; Medieval Tales",1,eng
/works/OL22981482W,1925,"Lucius Annaeus Seneca; Harvey, Alexander",Octavia,,Haldeman-Julius Co.,Drama; History,1,eng
/works/OL42801806W,1925,Lucius Apuleius; William Adlington,The golden asse,,"Small, Maynard",,1,eng
/works/OL33560677W,1925,Martial,Martial,"Ker, Walter C. A. (Walter Charles Alan), 1853-1929, translator",Heinemann,,1,eng; lat
/works/OL6835191W,1925,Maxie Nave Woodring,A study of the quality of English in Latin translations,,AMS Press],English language; Grading and marking (Students); Latin language; Study and teaching; Translating into English,4,eng
/works/OL1512347W,1925,Miriam Allen De Ford,Rome as viewed by Tacitus and Juvenal,,Haldeman-Julius Co.,Translations into English; Latin literature; History,1,eng
/works/OL1512335W,1925,Miriam Allen De Ford,The Augustan poets of Rome,,Haldeman-Julius Co.,Latin poetry; Translations into English,1,eng
/works/OL97735W,1925,Ovid,Ovid's Elegies,"Marlowe, Christopher, 1564-1593, tr.",F. Etchells & H Macdonald,English Epigrams; Latin Elegiac poetry; Latin Love poetry; Man-woman relationships; Poetry; Translations into English,2,eng; lat
/works/OL97728W,1925,Ovid,The mirror of Venus,"Wright, F. A. 1869-1946, tr.","G. Routledge & sons, ltd.",Care and hygiene; Classical Mythology; Fasts and feasts; Latin Didactic poetry; Latin Epistolary poetry; Latin Erotic poetry; Latin Fables; Latin Love poetry; Poetry; Seduction,2,eng; lat
/works/OL1108309W,1925,P. Cornelius Tacitus,Tacitus in five volumes,,Heinemann,"Rome, history; Rome, history, empire, 30 b.c.-476 a.d.; History; Translations into English; Statesmen; Biography; Germanic peoples; Ancient Oratory",6,eng
/works/OL19670884W,1925,P. Cornelius Tacitus,The Histories,,Harvard University Press,Latin language materials; History,1,eng
/works/OL10327091W,1925,P. Cornelius Tacitus,"The histories, with an English translation by Clifford H. Moore",,Heinemann,History,1,eng
/works/OL503855W,1925,Petronius,The Cena Trimalchionis of Pretonius,,The Clarendon press,Latin Inscriptions,1,eng
/works/OL44851241W,1925,Petronius; W. B. Sedgwick; Lucius Annaeus Seneca,The Cena Trimalchionis of Petronius together with Seneca's Apolocyntosis and a selection of Pompeian inscriptions,,Clarendon Press,,1,eng; lat
/works/OL33198141W,1925,Pliny the Younger,The epistles of Pliny,,The Bibliophile Society,,1,eng
/works/OL1499186W,1925,Pliny the Younger,The letters by Pliny the Younger ..,"Melmoth, William, 1710-1799, tr.","The Translation publishing company, inc.",Correspondence; Translations into English; Latin letters,1,eng
/works/OL15237431W,1925,Publius Vergilius Maro,The works of virgil in two volumes,,Heinemann,,1,eng
/works/OL15237395W,1925,Publius Vergilius Maro,Virgil in two volumes,,Heinemann,,1,eng
/works/OL12874776W,1925,"Saint Ambrose, Bishop of Milan",Sancti Ambrosii Oratio de obitu Theodosii,,The Catholic university of America,,1,eng
/works/OL7982447W,1925,Seneca the Younger,Epistles 93-124,Richard M. Gummere (Translator),Loeb Classical Library,,1,eng
/works/OL15930089W,1925,Seneca the Younger,Octavia,,Haldeman-Julius Co.,Drama; History; Dutch Painting; Catalogs; Hudson-Fulton celebration (1909); Art objects,1,eng
/works/OL102322W,1925,Seneca the Younger,Thyestes,"Hadas, Moses, 1900- tr.",Liberal Arts Press,Drama; Thyestes (Greek mythology); Latin drama; British and irish fiction (fictional works by one author); Continental european drama (dramatic works by one author),14,eng; ita; ger; lat
/works/OL8298458W,1925,Sextus Julius Frontinus,Frontinus,C. E. Bennett (Translator),Cambridge University Press,,3,eng
/works/OL812844W,1925,Suetonius,De grammaticis et rhetoribus,,É. Champion,"Biography; Early works to 1800; Philologists; Rhetoric; Rome, biography; Ancient Rhetoric",9,eng; fre; ita; lat
/works/OL16246083W,1925,Thomas Mann,Tod in Venedig,David Luke (Translator),Martin Secker,"Fiction; Middle age; Homosexuality; Translations into English; Criticism and interpretation; Tod in Venedig (Mann, Thomas); Gustav von Aschenbach (Fictitious character); Middle-aged men; Male homosexuality; Continental european fiction (fictional works by one author)",38,eng
/works/OL1090176W,1925,Thomas More,"Sir Thomas More, the Utopia","Robinson, Ralph, b. 1521, tr.",E.P.Dutton & co.,Utopias; Early works to 1800,1,eng
/works/OL15329780W,1925,Titus Maccius Plautus,T. Macci Plauti Mostelaria,,Yale University Press,,1,eng
/works/OL481454W,1925,Titus Maccius Plautus,The pot of gold,"Watling, E. F.. tr.",Haldeman-Julius Co.,Continental european fiction (fictional works by one author); Translations into English; Greek drama,5,eng
/works/OL481374W,1925,Titus Maccius Plautus,The three coin man,,Haldeman-Julius Co.,,1,eng
/works/OL481375W,1925,Titus Maccius Plautus,Three plays,,G. Routledge,,1,eng
/works/OL481376W,1925,Titus Maccius Plautus,Three plays of Plautus,"Wright, F. A. 1869-1946, tr.",E.P. Dutton,Translations into English,1,eng
/works/OL568473W,1925,W. H. D. Rouse,Latin on the direct method,,University of London Press,Latin language; Study and teaching,1,eng
/works/OL1497191W,1925,William Emerton Heitland,A few words on verse translation from Latin poets,,The University press,Translations into English; Knowledge; Translating and interpreting; Latin poetry; History and criticism; Language and languages; English poetry,1,eng
/works/OL19330294W,1925,Όμηρος,Iliad: Bks.XIII-XXIV v. 2 (Loeb Classical Library),,William Heinemann Ltd,,1,
/works/OL43722193W,1926,Apuleius; William Adlington,The most pleasant and delectable tale of Cupid and Psyche,,Windsor Press,,1,lat; eng
/works/OL7775701W,1926,Cecil Hill Garland,Liliorvm Hortvlvs,,The University Press,English poetry; Translations into Latin; Translations from English; Medieval and modern Latin poetry,1,eng
/works/OL15217571W,1926,Cicero,Cicero's essays on old age and friendship and Cicero's Oration for Milo,,"Translation publishing company, inc.","Early works to 1800; Friendship; Translations into English; Speeches, addresses, etc., Latin; Old age",1,eng
/works/OL33034376W,1926,Cicero,Essays on old age and friendship and Cicero's oration for Milo,,Translation Pub. Co.,,1,eng
/works/OL15217761W,1926,Cicero,Letters of a Roman gentleman,"McKinlay, Arthur Patch, 1871- tr.",Houghton Mifflin,Correspondence; Statesmen; Latin Authors; Hommes d'État; Correspondance; Écrivains latins,1,eng
/works/OL15733509W,1926,Cicero,Philippics,Walter C. A. Ker (Translator),Harvard University Press,"Early works to 1800; Speeches, addresses, etc., Latin; Translations into English; Politics and government; Sources",5,und; eng
/works/OL15457099W,1926,Cicero,The oration of Cicero in defence of the Manilian law,,Bell,,2,lat; eng
/works/OL39079783W,1926,Cornelius Tacitus,The Agricola and Germany of Tacitus,,Macmillan and co.,Germanic peoples; History,1,eng
/works/OL107749W,1926,Cyril Bailey,The mind of Rome,,Oxford University Press,Latin literature; Translations into English; English literature; Translations from Latin,2,eng
/works/OL12971571W,1926,Dougal O. Malcolm,Nuces relictae,,Allan,"Latin poetry; Translations into Latin; English poetry; Latin poetry, Medieval and modern (Collections); Translations from English",1,lat
/works/OL4976419W,1926,Douglas R. Malcolm,Nuces relictae,,Allan,English poetry; Latin poetry; Medieval and modern Latin poetry; Translations from English; Translations into Latin,1,lat
/works/OL1133254W,1926,Edmund Blunden,On the poems of Henry Vaughan,,London Mercury,"Translations into English; Criticism and interpretation; Christian poetry, Latin (Medieval and modern)",6,ita; eng
/works/OL11843493W,1926,Harold Arthur Perry,Auspice bello,,Spottiswoode,English poetry; Translations into Greek; Greek poetry; Translations into Latin; Latin poetry,1,lat
/works/OL15097503W,1926,Horace,Ad Torquatum,,Aries Press,Latin Laudatory poetry; Translations into English; Poetry,1,eng
/works/OL697106W,1926,Juvenal,"Selections from the Satires of Juvenal, to which is added the fifth satire of Persius",,Noble and Noble,,1,eng
/works/OL19330288W,1926,OVID,Heroides and Amores,,William Heinemann,"Latin poetry, translations into english; Ovid, 43 b.c.-17 a.d. or 18 a.d.",1,
/works/OL546829W,1926,Thomas Aquinas,In metaphysicam Aristotelis commentaria,,Marietti,,2,lat; eng
/works/OL546845W,1926,Thomas Aquinas,On the ways of God,,Blackfriars,God; Christian life; Attributes,2,eng
/works/OL546928W,1926,Thomas Aquinas; de Freiberg Dietrich; Alain de Libera,De ente et essentia,,Herder,Ontology; Substance (Philosophy); Early works to 1800; Medieval Philosophy; Metaphysics; Ontologie; Etre; Substance (Philosophie); Philosophy; Existentialisme,36,spa; ita; kor; ger; fre; dut; pol; lat; eng
/works/OL7015123W,1926,William Horman,Vulgaria,,Printed for presentation to the members of the Roxburghe Club,Composition and exercises; Conversation and phrase books; Early works to 1800; English; English language; Grammar; Latin language; Terms and phrases; Translating into English,4,lat; eng
/works/OL22800510M,1927,,Great short novels of the world,,W. Heinemann,Classical literature -- Translations into English; English literature -- Translations,1,eng
/works/OL917268W,1927,Aulus Gellius,Aulus Gellius,J. C. Rolfe (Translator),Loeb Classical Library,"Collected works (single author, multi-form)",3,eng
/works/OL917272W,1927,Aulus Gellius,The Attic nights,,Harvard University Press,,4,eng
/works/OL19665053W,1927,Aulus Gellius,The Attic nights of Aulus Gellius,"Rolfe, John Carew, 1859-1943, translator",HardPress,Latin language materials,7,lat; eng
/works/OL187575W,1927,Carey Herbert Conley,The first English translators of the classics,,Kennikat Press,Classical literature; Translations; History and criticism; Classical languages; English literature; Translating; Translations into English; Translating and interpreting; Translating into English; Translations from classical literature,2,eng
/works/OL15218004W,1927,Cicero,Orations in defence of Publius Sylla and Aulus Licinius Archias,,Bell,,1,eng
/works/OL15218080W,1927,Cicero,Pro lege Manilia ; Pro Caecina ; Pro Cluentio ; Pro Rabirio perduellionis,,G.P. Putnam's Sons,,2,lat; eng
/works/OL15218211W,1927,Cicero,"The speeches: pro lege Manilia, pro Caecina, pro Cluentio, pro Rabirio perduellionis","Grose Hodge, H. b. 1891, tr.","W. Heinemann, ltd.","Translations into English; Speeches, addresses, etc., Latin; Latin language materials",2,lat; eng
/works/OL20550548W,1927,Cicero,Tusculan disputations,,W. Heinemann,,1,eng
/works/OL19675902W,1927,Cicero,Two essays on old age & friendship,,"Macmillan and Co., Ltd.",,1,eng
/works/OL5100562W,1927,Eddius Stephanus.,The life of Bishop Wilfrid,"Colgrave, Bertram, ed. and tr.",Cambridge University Press,"Anglo-Saxons; Biography; Christian literature, Latin (Medieval and modern); Christian saints; Church history; Early works to 1800; Translations into English; Biografias; Wilfrid, saint, archbishop of york, 634-709; Wilfrid , 634-709",3,lat; eng
/works/OL37517261W,1927,Edward Theodore Withington,Hippocrates. Vol. 3. Loeb Classical Library,,William Heinemann,,1,eng
/works/OL498411W,1927,Franz Kafka; Ritchie Robertson,Amerika,"Muir, Edwin, 1887-1959, tr.",Fischer Taschenbuch Verlag,German fiction; Translations into English; Immigrants in fiction; Adaptations; Fiction; Social conditions; Young men; Classic Literature; Immigrants; Humorous stories,94,spa; ita; ger; jpn; und; chi; cze; eng
/works/OL16876229W,1927,Gaius Julius Caesar,Caesar's Commentaries on the Gallic war,,Translation Pub. Co.,great_books_of_the_western_world; History,1,eng
/works/OL12965475W,1927,H. Lionel Rogers,The life of Rome,,Clarendon Press,Social life and customs; Translations into English; Latin literature; Religion,1,eng
/works/OL6679315W,1927,Heathcote William Garrod,Latin anthology,,E. Benn,Translations into English; Latin poetry; English poetry,2,eng
/works/OL37991578W,1927,Julius Caesar,Caesar's Commentaries on the Gallic war,,Translation Pub. Co.,History,1,eng
/works/OL42477007W,1927,Marcus Tullius Cicero; Nevile Watts,The speeches,,Heinemann,,6,eng; lat
/works/OL16691923W,1927,Montague Rhodes James,Latin infancy gospels,,Wipf & Stock Publishers,Übersetzung; Apocryphal books (New Testament); Bibel; Translations into English; Englisch; Apokryphen; Sacred books,2,lat; eng
/works/OL12249478W,1927,Petronius,The Satyricon of Petronius Arbiter [adaptation],,H. Liveright Inc.,,1,eng
/works/OL503902W,1927,Petronius,The complete works of Gaius Petronius,"Lindsay, Jack, 1900- tr.",Willey Book Co.,,3,eng
/works/OL1499228W,1927,Pliny the Younger,Epistulae,"Olivar, Marc̨al, ed. and tr.",Fundació Bernat Metge,"Authors, Latin; Correspondence; Latin Authors; Latin letters; Lawyers; Translations into Catalan; Translations into English; Translations into Italian; Adult education",3,eng; cat; ita
/works/OL11020464W,1927,Pliny the Younger,Lettres,"Guillemin, Anne-Marie. ed. and tr.",Les Belles lettres,Coal,5,eng; fre
/works/OL15238942W,1927,Publius Terentius Afer,Plays,,G. Bell,,1,eng
/works/OL33141491W,1927,Publius Vergilius Maro,The eclogues of Vergil,,Emery Walker,Latin Pastoral poetry; Country life; Poetry,1,lat; eng
/works/OL7778309W,1927,"Rogers, Herbert Lionel",The life of Rome,,Clarendon Press,Latin literature; Religion; Social life and customs; Translations into English; Tanslations from Latin; Manners and customs; English literature,1,eng
/works/OL523974W,1927,"Saint Ambrose, Bishop of Milan",S. Ambrosii De Nabuthae,"McGuire, Martin R. P. 1897-1969, ed. and tr.",The Catholic University of America,Early works to 1800; Theology; Avarice; Economic conditions; History; Cosmology; French Philosophy,2,eng
/works/OL19669288W,1927,Seneca the Younger,Senecas̕ Tragedies,,W. Heinemann,Latin language materials,1,eng
/works/OL38746744W,1927,Suetonius,C. Svetoni Tranquilli Divus Julius,,Clarendon Press,,1,eng; lat
/works/OL38717808W,1927,Suetonius,C. Svetoni Tranqvilli Divvs Ivlivs,,Clarendon Press,,1,eng; lat
/works/OL812763W,1927,Suetonius,C. Svetoni Tranqvilli Divvs Vespasianvs,,Clarendon press,Early works to 1800; Biography; Emperors; Latin language materials,1,lat; eng
/works/OL19668352W,1927,Suetonius,Divus Julius,,Clarendon Press,Latin language materials,1,eng; lat
/works/OL812839W,1927,Suetonius; M. (Max) Cary; G. Townend,Divus Julius,,Duckworth Publishers,"Biography; Emperors; Generals; Heads of state; Literary studies: classical, early & medieval; Other prose: classical, early & medieval; History: World; Language Arts / Linguistics / Literacy; Ancient Languages - General; General",7,mul; lat; eng
/works/OL33161927W,1927,Thomas Aquinas,"... God and his works, being selections from Part I of the ""Summa theologica"" of St. Thomas Aquinas. Arranged, with an introduction",,The Macmillan co.,,1,eng
/works/OL27772570W,1927,Thomas Aquinas,The most devout exposition of the Lord's prayer,,Faith press,Lord's prayer,1,eng
/works/OL1090203W,1927,Thomas More,The English works of Sir Thomas More ..,,Eyre and Spottiswoode,Controversial literature; Catholic authors; Catholic Church,2,eng
/works/OL1090117W,1927,Thomas More,The dialogue concerning Tyndale by Sir Thomas More,,Eyre and Spottiswoode limited,Controversial literature; Catholic authors; Catholic Church,1,eng
/works/OL1090118W,1927,Thomas More,"The dialogue concerning Tyndale, reproduced in black letter facsimile from the collected edition, 1557, of More's English Works",,Eyre and Spottiswoode,Catholic authors; Doctrinal and controversial works; Catholic Church,1,eng
/works/OL1090184W,1927,Thomas More,"Thoughts of a martyr, blessed Thomas More",,,,1,eng
/works/OL44806797W,1927,Thomas More; John Churton Collins,Sir Thomas More's Utopia,,Clarendon Press,,1,eng
/works/OL43668748W,1927,Thomas Parnell,The vigil of Venus,,High House Press,Latin poetry; Translations into English; Latin literature,1,eng
/works/OL42769617W,1927,Virgil; Aristide Maillol; Harry Graf Kessler,The eclogues of Vergil,,Emery Walker for the Cranach Press,,1,eng
/works/OL15055786W,1928,Augustine of Hippo,"A translation of chapters XI-XVI of the pseudo-Augustinian Sermon against Jews, pagans, and Arians, concerning the creed",,University of Washington Press,,1,lat; eng
/works/OL67398W,1928,Cicero,"Cicero, The Politician",,Clarendon Press,,2,eng
/works/OL3100943W,1928,Cicero,Cicero: The Verrine Orations I,L. H. G. Greenwood (Translator),Loeb Classical Library,"Speeches, addresses, etc.",1,eng; lat
/works/OL13321327W,1928,Cicero,De re publica (together with) De legibus (Latin text),,William Heinemann Ltd,,1,eng
/works/OL10434625W,1928,Cicero,The Verrine orations,"Greenwood, Leonard Hugh Graham, tr.",Harvard Univ. press,"Translations into English; Speeches, addresses, etc., Latin; Latin language materials; Speeches, addresses, etc.",14,eng; mul; und; lat
/works/OL42732099W,1928,Cornelius Tacitus; A. Gudeman,"De vita Iulii Agricolae ; and, De Germania",,Allyn and Bacon,Germanic peoples; History,1,eng; lat
/works/OL38744104W,1928,Desiderius Erasmus,"The earliest English translations of Erasmus' Colloquia, 1536-1566","Becke, Edmund, active 1549-1551, translator","Librairie Universitaire, Uystpruyst, Publisher",,1,lat; eng
/works/OL1209288W,1928,Erich Maria Remarque,Im Westen nichts Neues,"Wheen, Arthur Wesley, 1897- tr.",Qi ming shu ju,"World War, 1914-1918; Fiction; Readers; Open Library Staff Picks; Juvenile fiction; Translations into English; German fiction; Soldiers; German language; History",224,spa; ger; tur; rus; yid; pol; fre; chi; vie; gre; heb; ice; eng; pan
/works/OL1528443W,1928,Ferdinand Schevill,The first century of Italian humanism,,Haskell House,"English literature; Humanism; Humanists; Intellectual life; Latin literature; Latin literature, Medieval and modern; Medieval and modern Latin literature; Renaissance; Sources; Translations",6,eng
/works/OL32332865W,1928,Francis Bacon,"The essayes or Counsels civill and morall of Francis, Lord Verulam, Viscount St. Alban",,Cresset Press,"English literature; Conduct of life; Early works to 1800; Addresses, essays, lectures",1,eng
/works/OL43142108W,1928,Francis Bacon; John Milton; Ill.). Department of English Northwestern University (Evanston,Selections from Bacon and Milton,,,,1,eng
/works/OL4062616W,1928,Heinrich Institoris,Malleus maleficarum,"Summers, Montague, 1880-1948, ed. and tr.",Plon,Criminal law; Criminal procedure; Criminal procedure (Canon law); Demonology; Early works to 1800; Occultism; Witchcraft,17,lat; eng; fre; ger
/works/OL42234503W,1928,Horace,On the Art of Poetry,,Scholarist Press,,1,eng
/works/OL6833416W,1928,John Bernard Emperor,"The Catullian influence in English lyric poetry, circa 1600-1650",,Octagon Books,Appreciation; Classicism; Comparative Literature; English and Latin; English poetry; History; History and criticism; Influence; Latin and English; Latin poetry,2,eng
/works/OL37823662W,1928,Julius Caesar,Civil Wars,,W. Heinemann,,4,lat; eng
/works/OL2566250W,1928,Lucan,Lucan,J. D. Duff (Translator),Heinemann,"Campaigns; History; Pharsalus, Battle of, 48 B.C.; Pharsalus, Battle of, Farsala, Greece, 48 B.C.; Poetry; Republic; Rome Civil War, 49-45 B.C.; Rome Civil War, 49-48 B.C.; Pharsalus, Battle of, Farsala, Greece, 48 B.C; Latin language materials",15,lat; eng
/works/OL42221462W,1928,Lucan,The Civil War,,W. Heinemann,,2,eng; lat
/works/OL2566241W,1928,Lucan,The civil war (Pharsalia),,Harvard University Press,"History; Pharsalus, Battle of, Farsala, Greece, 48 B.C; Rome Civil War, 49-48 B.C; Rome, history, republic, 510-30 b.c.; Pharsalus, battle of, farsala, greece, 48 b.c.",2,eng; lat
/works/OL2566191W,1928,Lucan,"The civil war, books 1-10",,Heinemann,"History; Pharsalus, Battle of, Farsala, Greece, 48 B.C.; Rome Civil War, 49-45 B.C.",1,eng
/works/OL42740637W,1928,Lucius Annaeus Seneca; John William Basore,Moral essays,,Harvard University Press,,1,eng; lat
/works/OL22126355W,1928,Manuel Komroff,Tales of the monks,,"L. MacVeagh, The Dial press","Early works to 1800; Christian literature, Latin (Medieval and modern); Didactic literature, Latin (Medieval and modern); Translations into English; Medieval Tales; Exempla",1,lat; eng
/works/OL19330290W,1928,Marcus Cornelius Fronto,Correspondence: v. 1 (Loeb Classical Library),,William Heinemann Ltd,,1,
/works/OL34530763W,1928,Ohio) Roger Bacon High School (St. Bernard,"Roger Bacon High School, St. Bernard, Ohio (Hamilton County)",,[publisher not identified],"Periodicals; Students; School yearbooks; High schools; Roger Bacon High School (St. Bernard, Ohio)",1,eng
/works/OL32011351W,1928,Ovid,"The Heroycall epistles of the learned poet, Publius Ovidius Naso","Turberville, George, 1540?-1610?, translator",Cresset Press,Translations into English; Latin Epistolary poetry; Women; Poetry; Mythology,1,lat; eng
/works/OL441978W,1928,Ovid,The heroycall epistles of the learned poet Publius Ovidus Naso,,Cresset Press,,1,eng
/works/OL1108243W,1928,P. Cornelius Tacitus,Tacitus De vita Iulii Agricolae and De Germania,,Allyn and Bacon,Germanic peoples; Early works to 1800; History,1,eng
/works/OL503858W,1928,Petronius,The courtship of Eumolpus,,Mill House Press],Latin Satire; Translations into English; Fiction,1,eng
/works/OL39277634W,1928,Petronius Arbiter,Satyricon,,Glória,,16,hun; eng; ger
/works/OL43260091W,1928,Petronius Arbiter; John Malcolm Mitchell,The Satyricon,,J. Janssonium,,3,lat; eng
/works/OL5006706W,1928,Philip Schuyler Allen,The Romanesque lyric,"Jones, Howard Mumford, 1892- tr.",Barnes & Noble,"History and criticism; Latin poetry; Lyric poetry; Medieval and modern Latin poetry; Translations into English; Latin poetry, medieval and modern, history and criticism; Latin poetry, translations into english",4,eng
/works/OL970349W,1928,Publius Papinius Statius,Statius,,Heinemann,Poetry; Achilles (Greek mythology); Seven against Thebes (Greek mythology); History; Translations into English; Polyneices (Greek mythology); Latin literature; Eteocles (Greek mythology); Latin Occasional verse; Latin Epic poetry,11,lat; eng; mul
/works/OL8275805W,1928,Publius Papinius Statius,"Volume I. Silvae. Thebaid, Books 1-4",J. H. Mozley (Translator),Loeb Classical Library,,1,eng
/works/OL8275804W,1928,Publius Papinius Statius,"Volume II. Thebaid, Books 5-12. Achilleid",J. H. Mozley (Translator),Loeb Classical Library,Poetry (poetic works by one author),1,eng
/works/OL15237194W,1928,Publius Vergilius Maro,The Georgics in English hexameters,"Brodribb, Charles William, tr.","E. Benn, limited",Translations into English; Agriculture; Poetry; Latin Didactic poetry,1,eng
/works/OL15237361W,1928,Publius Vergilius Maro,The story of Aeneas,,Cambridge University Press,,1,eng
/works/OL15237363W,1928,Publius Vergilius Maro,The story of Æneas,"Salt, Henry Stephens, 1851-1939, tr.",The University press,Latin Epic poetry; Translations into English; Poetry; Aeneas (Legendary character),1,eng
/works/OL21303831W,1928,Roger Bacon; Robert Belle Burke,"Opus Majus, Volumes 1 And 2",,University of Pennsylvania Press,,2,eng
/works/OL2856553W,1928,Seneca the Elder,The Suasoriae,,Available in USA and Canada from Focus Information Group,"Problems, exercises; Ancient History; Ancient Rhetoric; Seneca, lucius annaeus, approximately 4 b.c.-65 a.d.",2,eng
/works/OL2856551W,1928,Seneca the Elder,The Suasoriae of Seneca the Elder,,The University Press,Latin language materials; Criticism and interpretation,1,eng
/works/OL10606078W,1928,Seneca the Elder,The suasoriae ofSeneca the elder,,Cambridge University Press,,1,eng
/works/OL12862141W,1928,Seneca the Younger,Seneca moral essays,,Putnam's Sons,,1,eng
/works/OL42221472W,1928,Statius,Silvae - Thebaid - Achilleid,,William Heinemann,,1,lat
/works/OL42514602W,1928,Suetonius; John Carew Rolfe,Suetonius,,Harvard University Press,Latin literature,4,eng; lat
/works/OL7152548W,1928,Theobaldus Episcopus.,Physiologus,"Rendell, Alan Wood, b. 1848, tr.",Book Club of California,"Bestiaries; Facsimiles; Incunabula; Incunnabula; Montecassino (Monastery); Early works to 1800; Animals; Folklore; Didactic literature, Latin (Medieval and modern); Translations into English",7,eng; mul; lat
/works/OL1090199W,1928,Thomas More,The XII propertees or condicyons of a lover,,Printed and published at Saint Dominic's Press,,1,eng
/works/OL1090200W,1928,Thomas More,"The XII propertees or condicyons of a lover by Johan Picus, erle of Myrandula, a grete lord of Italy",,St Dominic's Press,,1,eng
/works/OL1090196W,1928,Thomas More,Utopia with the 'Dialogue of comfort' by Sir Thomas More,,"J.M. Dent & sons, ltd.",Utopias,1,eng
/works/OL1261065W,1928,Titus Livius,Livy Book 9,,Cambridge University Press,"Mathematics, study and teaching",1,eng
/works/OL16280522W,1928,Titus Livius,Livy XXX-XXXIII,,Century,History,1,eng
/works/OL29288057W,1928,Translated by G.G. Ramsay Juvenal & Persius,Juvenal and Persius [Loeb Classical Library],,Harvard University Press,,1,eng
/works/OL55533W,1928,Антон Павлович Чехов,Short stories [32 stories],"Garnett, Constance Black, 1862-1946, tr.",The Macmillan company,Translations into English; Fiction; Social life and customs; Russian language; Readers; Russian Short stories; Criticism and interpretation; Short story; Translations into  English; Russian Humorous stories,1,eng; rus
/works/OL15055477W,1929,Augustine of Hippo,The Christian life,"McGowan, James F., 1857-1935, translator.",Frederick Pustet co. (inc.),,1,eng
/works/OL38752371W,1929,Bernard of Cluny,De contemptv mvndi,,"B. Quaritch, Ltd.","Satire, Latin (Medieval and modern); Literature and morals; Christian poetry, Latin (Medieval and modern); Translations into English; Theological anthropology; Christianity; Poetry; Twelfth century; Medieval Civilization; Cluny (Benedictine abbey)",1,lat
/works/OL2554340W,1929,C. Pliny Windle,Straight talk to fellow non-Catholics,,Iconoclast Pub. Co.,Apologetic works; Catholic Church,1,eng
/works/OL3100960W,1929,Cicero,Letters to His Friends. Volume 2,W. Glynn Williams (Translator),Loeb Classical Library,,1,eng
/works/OL17979014W,1929,Cicero,On the Commonwealth,G. H. Sabine (Translator),Prentice Hall,"Politics and government; Political science; Philosophy, ancient",2,eng
/works/OL15217998W,1929,Cicero,Oration in defence of Lucius Murena,,Bell,,1,eng
/works/OL42321452W,1929,Francis Bacon,New Atlantis,,Printed by Tho. Newcomb,,3,eng
/works/OL1159747W,1929,G. Rostrevor Hamilton,The Latin portrait,,The Nonesuch press,Latin poetry; Translations into English,1,eng
/works/OL394340W,1929,Gaius Valerius Catullus,The complete poetry of Gaius Catullus,,Fanfrolico press,,1,eng
/works/OL6805077W,1929,Grace Hill Turnbull,Tongues of fire,,Arno Press,Ancient Philosophy; Classical literature; English literature; Oriental literature; Religious literature; Sacred books; Translations into English,4,eng
/works/OL7742265W,1929,"Green, John C.",How to translate Latin,,Oxford book company,Latin language; Translating and interpreting; Translating into English,1,eng
/works/OL3589267W,1929,Helen Waddell,Mediaeval Latin lyrics,,Constable & co. ltd.,"English poetry; Latin poetry, medieval and modern; Medieval and modern Latin poetry; Translations; Translations from Latin; Translations into English; Translationsinto English; Latin language materials; Latin poetry, medieval and modern, translations into english; Anthologie",19,lat; eng
/works/OL42516343W,1929,Horace; Harold Edgeworth Butler,The Odes of Horace,,Folio Society,,3,eng; lat
/works/OL8298494W,1929,Lucius Annaeus Florus,Florus,E. S. Forster (Translator),Loeb Classical Library,,1,eng
/works/OL38620011W,1929,Lucius Annaeus Seneca,Seneca's Tragedies,,W. Heinemann,,1,lat; eng
/works/OL7609211W,1929,"Nicholson, Dorothy Lamb Brooke Lady.","Private letters, pagan and Christian",,E. Benn,Greek letters; Greek literature; Latin letters; Latin literature; Translations into English,1,eng
/works/OL7636151W,1929,Otto J. Kuhnmuench,Early Christian Latin poets from the fourth to the sixth century,,Loyola university press,"Early Christian poetry; English poetry; Latin poetry; Translations; Translations into English; Selections, extracts; Medieval and modern Latin poetry",2,lat; eng
/works/OL97741W,1929,Ovid,Publii Ovidii Nasonis Fastorum libri sex,,Macmillan,"Love poetry, Latin; Love-letters; Latin Didactic poetry",2,lat; eng
/works/OL29269348W,1929,Ovid,The Art of love,,Putnams's sons,Latin poetry,2,eng
/works/OL27733924W,1929,Ovid,The Art of love and other poems,,W. Heinemann,Incantations,14,lat; eng
/works/OL37391851W,1929,Ovid,"The art of love, and other poems",,W. Heinemann,Incantations,1,eng; lat
/works/OL906594W,1929,Pius II Pope,The tale of the two lovers,,Hyperion Press,"Adultery; Didactic literature, Latin (Medieval and modern); Fiction; Translations into English",2,eng
/works/OL1257816W,1929,Pliny the Elder,Chapters on chemical subjects,,E. Arnold,Early works to 1800; Chemistry,1,eng
/works/OL1257831W,1929,Pliny the Elder,The elder Pliny's chapters on chemical subjects,"Bailey, Kenneth Claude, 1896- ed. and tr.",Arnold,Natural history; Pre-Linnean works; Early works to 1800; Chemistry,2,lat; eng
/works/OL523946W,1929,"Saint Ambrose, Bishop of Milan",S. Ambrosii De Helia et ieiunio,"Buck, Mary Joseph Aloysius, Sister, ed. and tr.",The Catholic University of America,,1,eng
/works/OL1339226W,1929,Tertullian,Apologetique,,"Societe d'edition ""Les Belles, Lettres""",Apologetics; Early works to 1800,1,eng
/works/OL546854W,1929,Thomas Aquinas,Scriptum super libros sententiarum magistri Petri Lombardi Episcopi Parisiensis,,Lethielleux,Catholic Church; Doctrines,2,eng; lat
/works/OL20548476W,1929,Thomas More,"The Fame of Blessed Thomas More, being addresses delivered in his honour in Chelsea, July 1929",,Sheed and Ward,,1,eng
/works/OL33670899W,1929,Titus Lucretius Carus,Titus Lucretius Carus on the nature of things,,Basil Blackwell,Latin literature; Translations into English,1,lat; eng
/works/OL42817102W,1929,Titus Lucretius Carus; Hugh Andrew Johnstone Munro; J. D. Duff,Lucretius on the nature of things,,Routledge,,2,eng
/works/OL43214530W,1930,Apuleius,The golden ass,,Limited Editions Club,,2,lat; eng
/works/OL33244978W,1930,Augustine of Hippo,"S. Avreli Avgvstini, hipponiensis episcopi, De doctrina christiana libros quattuor",,Catholic University of America,Hermeneutics; Ancient Rhetoric; Preaching; Bible,1,eng
/works/OL67399W,1930,Cicero,"Cicero, the speeches",,Harvard University Press,,2,eng
/works/OL15218097W,1930,Cicero,Pro Publio Quinctio,,Harvard University Press,,1,eng
/works/OL20986674W,1930,F. H. Colson,Loeb Classical Library - Philo,G. H. Whitaker (Translator),Loeb Classical Library,"Philosophy, ancient",1,eng
/works/OL7423589W,1930,F. Seymour Smith,The classics in translation,,B. Franklin,Bibliography; Classical literature; Translations into English,3,eng
/works/OL7165084W,1930,Frank Seymour Smith,The classics in translation,,C. Scribner's sons,Bibliography; Classical literature; English literature; Translations from classical literature; Translations into English; Translations,4,eng
/works/OL585309W,1930,Giovanni Francesco Pico della Mirandola,De imaginatione,"Caplan, Harry, 1896- tr.","Humphrey Milford, Oxford University Press","Imagination; Medieval Philosophy; Philosophy, medieval",8,ger; eng; lat
/works/OL142603W,1930,H. Rushton Fairclough,Love of nature among the Greeks and Romans,,George G. Harrap & Co.,Nature (Aesthetics); History and criticism; Nature in literature; Classical literature; Latin literature; Greek literature,5,eng
/works/OL7787029W,1930,Helen Niles Gary,Latin as Latin,,Allyn and Bacon,"Grammar; Latin language; Outlines, syllabi; Translating into English",1,eng
/works/OL10926647W,1930,Henry & Julius Caesar.,Garden houses & garden furniture,,H. & J. Caesar,,1,eng
/works/OL873100W,1930,Hermann Hesse,Narziss und Goldmund,Ursule Molinaro (Translator),Gutenberg,"Teacher-student relationships; Fiction; Romance; German fiction; Literatura alemã; Translations from German; English fiction; Translations into English; Fiction, general; Continental european fiction (fictional works by one author)",41,vie; spa; eng; ger
/works/OL11017959W,1930,Horace,Horace for English readers,,"Oxford Univ. Press, H. Milford",,1,eng
/works/OL43041416W,1930,J.W. Mackail,The Aeneid,,Oxford,,1,eng
/works/OL891561W,1930,Janus Secundus,The love poems of Joannes Secundus,"Wright, F. A. 1869-1946, tr.",G. Routledge,"History and criticism; Medieval and modern Latin poetry; Translations into English; Love poetry, Latin (Medieval and modern); Erotic poetry, Latin (Medieval and modern)",2,lat; eng
/works/OL810874W,1930,John Milton,Milton's complete poems,,Crofts,,2,eng
/works/OL810976W,1930,John Milton,The student's Milton,,Printed for F.S. Crofts,,15,eng
/works/OL5210051W,1930,Maffeo Vegio; B. Schneider,Supplementum  libro XIII dell'Eneide,"Douglas, Gawin, 1474?-1522, tr.",Stanford University Press,"Aeneas (Legendary character); Epic poetry, Latin (Medieval and modern); History; Legends; Poetry; Translations into English; Translations into German; Translations into Scots; Chemistry; Poetry (poetic works by one author)",7,ger; lat; eng
/works/OL11140864W,1930,"Nicholson, Dorothy (Lamb) Brooke lady.","Private letters, pagan and Christian",,"E. P. Dutton & Co., inc.",English literature; Translations into English; Greek letters; Latin letters; Translations from Latin; Translations from Greek; Greek literature; Latin literature,1,eng
/works/OL97771W,1930,Ovid,Remedia amoris,,"Printed for Francis Smith, and are to be sold at his shop neare Holburne Conduit, at the signe of the Sunne","Latin Didactic poetry; Poetry; Separation (Psychology); Translations into German; Love poetry, Latin; Love-letters; Kommentar; Love; Early works to 1800",14,lat; ita; fre; eng; ger; mul
/works/OL33139343W,1930,Ovid,The love books of Ovid,,Privately printed for Rarity Press,Translations into English; Latin Love poetry,1,eng
/works/OL10563178W,1930,Petronius,"Petronius with an English translation by Michael Heseltine (1st ed.) revised by E. H. Warmington and, Apocolocyntosis (of) Seneca with an English translation by W. H. D. Rouse",,Heinemann,,3,lat; eng
/works/OL16226122W,1930,Pliny the Younger,The letters of Pliny the Younger,,"Printed by James Bettenham, for Paul Vaillant","Correspondence; Correspondence (Pliny, the Younger); Pliny, the younger; Latin letters",7,eng
/works/OL15237379W,1930,Publius Vergilius Maro,"Vergil's Aeneid; books I-VI, with introduction, notes, vocabulary, and grammatical appendix by Clyde Pharr",,D. C. Heath and company,English Translations; Poetry; Aeneas (Legendary character); Latin Epic poetry,1,eng
/works/OL15237400W,1930,Publius Vergilius Maro,Virgil and other Latin poets,,Gin and Company,Poetry; Aeneas (Legendary character); Latin language; Readers,2,lat; eng
/works/OL1135996W,1930,Richard Aldington,"Medallions from Anyte of Tegea, Meleager of Gadara, the Anacreontea, Latinpoets of the Renaissance","Aldington, Richard, 1892-1962, tr.",Chatto & Windus,"English literature; Translations into English; Translations from Greek; Greek poetry; Parodies, imitations",2,eng
/works/OL21519777W,1930,Richard W. Hyde; Edward C. Weist,Menaechmi of Plautus,,Harvard University Press,"Latin literature, translations into english",1,eng
/works/OL1330246W,1930,Robert Musil,Der Mann ohne Eigenschaften,,Seuil,"Fiction; History; Translations into English; German fiction; Social conditions; Young men; New York Times reviewed; Fiction, historical, general; Vienna (austria), fiction; Continental european fiction (fictional works by one author)",53,eng; por; fre; ger; spa; rus
/works/OL38803945W,1930,Stephen Augustus Hurlbut,'Hortus conclusus;̓,,Printed by S. A. Hurlbut at the Saint Albans press,Latin Hymns; Translations into English; English Hymns,1,eng; lat
/works/OL7592367W,1930,Stephen Augustus Hurlbut,ʻHortus conclusus;̓,,Printed by S. A. Hurlbut at the Saint Albans press,English Hymns; Latin Hymns; Translations into English,2,eng
/works/OL38851918W,1930,Suetonius,C. Suetoni Tranquilli De vita Caesarum libri VII-VIII,,"Longmans, Green and co.",Emperors; Biography; History,2,eng; lat
/works/OL812805W,1930,Suetonius,Suetonius' Lives of the twelve Cæsars,,Argus books,Early works to 1800; Emperors; Biography; History,1,eng
/works/OL1090234W,1930,Thomas More,"The apologye of Syr Thomas More, knyght",,Kraus Reprint,Catholic Church; Catholic authors; Controversial literature; Doctrinal and controversial works; Doctrines; Early works to 1800,8,eng; enm
/works/OL17997520W,1930,Titus Livius,Livy Book XXII,,University Press,,1,eng
/works/OL21166262W,1930,William of Ockham,The De sacramento altaris of William Ockham,,Lutheran Literary Board,Lord's Supper; Early works to 1800; Transubstantiation,1,eng
/works/OL2182144W,1930,William of Ockham,The De sacramento altaris of William of Ockham,,The Lutheran literary board,"Lord's Supper; Medieval Philosophy; Nominalism; Philosophy, Medieval; Scholasticism; Transubstantiation",2,eng; lat
/works/OL21032823M,1931,,Twenty-one medieval Latin poems,,Scholartis Press,"Latin poetry, Medieval and modern -- Translations into English.; English poetry -- Translations from Latin.; Latin poetry.",1,eng
/works/OL18651231M,1931,,"Wine, women and song",,Chatto & Windus,"Songs, Latin (Medieval and modern) -- Translations into English; Goliards -- Songs and music -- Texts; Students' songs -- Europe -- Texts; English poetry -- Translations from Latin.",1,eng
/works/OL7538428W,1931,Augustine FitzGerald,Peace and war in antiquity,,The Scholartis Press,Classical literature; Peace; Translations into English; War,1,eng
/works/OL33003493W,1931,Augustine of Hippo; Walter Shewring,The Passion of SS. Perpetua and Felicity MM,,Sheed and Ward,,1,eng
/works/OL1841063W,1931,Bede Jarrett,The House of gold,,Sheed & Ward,Catholic Church; Lenten sermons; Sermons; Seven last words,3,eng
/works/OL10727314W,1931,"Benedict Saint, Abbot of Monte Cassino.",Die Benediktusregel,,Biblioteca de Autores Cristianos,Benedictines; Commentaries; Concordances; Italian language; Latin language; Monasticism and religious orders; Rules; Texts,13,eng; ger; spa; fre; lat; ita
/works/OL42517556W,1931,Christopher Marlowe; Ovid; Lucan,Marlowe's poems,,,,1,eng
/works/OL15732902W,1931,Cicero,(The  Speeches),,Harvard University Press,,1,eng
/works/OL3100976W,1931,Cicero,Pro Milone. In Pisonem. Pro Scauro. Pro Fonteio. Pro Rabirio Postumo. Pro Marcello. Pro Ligario. Pro Rege Deiotaro,N. H. Watts (Translator),Loeb Classical Library,,2,eng
/works/OL67484W,1931,Cicero,Pro T. Annio Milone,,Heinemann,"Speeches, addresses, etc., Latin; Speeches, addresses, etc., latin",3,lat; eng
/works/OL15733503W,1931,Cicero,"The speeches, with an English translation",,"W. Heinemann, ltd.",,2,fre; eng
/works/OL44675706W,1931,Cicero; H. Rackham,De finibus bonorum et malorum,,W. Heinemann,,1,lat
/works/OL20710905W,1931,Cornelius Tacitus,Tacitus,,Harvard University Press,History,2,eng
/works/OL24947782W,1931,Desiderius Erasmus,Erasmus Roterodami Encomium moriae,,H. Oppermann,Folly,1,lat; eng
/works/OL7547724W,1931,Francis William Pember,Musa feriata,,Clarendon Press,English poetry; Translations into Greek; Translations into Latin; Medieval and modern Latin poetry; Translations; Greek poetry,1,eng
/works/OL394370W,1931,Gaius Valerius Catullus,Lesbia,,Carol Pub Group (Mm),,1,eng
/works/OL32952126W,1931,Gaius Valerius Catullus,"The poems of Catullus,",,Covici-Friede,,1,eng
/works/OL1258746W,1931,George Stuart Gordon,Virgil in English poetry,,Norwood Editions,"Appreciation; Comparative Literature; English and Latin; English poetry; In literature; Influence; Latin and English; Latin poetry; Literature, Comparative; Roman influences",4,eng
/works/OL15097569W,1931,Horace,Horace rendered in English verse,"Murison, A. F. 1847-1934, tr.","Longmans, Green and co.",Translations into English,1,eng
/works/OL39337815W,1931,Lucius Annaeus Seneca,"Seneca, His Tenne Tragedies",,Ams Pr Inc,,1,eng
/works/OL38813474W,1931,Lucius Apuleius,The golden asse of Lucius Apuleius,,Privately printed for Rarity Press,,1,eng
/works/OL43094565W,1931,M. A. H. RACKHAM,CICERO DE FINIBUS BONORUM ET MALORUM,,WILLIAM HEINEMANN,,1,eng
/works/OL44137079W,1931,Marcus Tullius Cicero,De Finibus (Loeb Classical Library),,William Heinemann Ltd,,1,
/works/OL42482523W,1931,"More, Thomas Sir, Saint; W. A. G. Doyle-Davidson; William Rastell",The English works of Sir Thomas More ...,,"L. MacVeagh, The Dial Press",Doctrines; Doctrinal and controversial works; Catholic authors; Catholic Church,1,eng
/works/OL20729082W,1931,Ovid,Ovid with an English translation,,W. Heinemann,,1,eng
/works/OL36762999W,1931,Ovid,The art of love (Black and gold library),,Horace Liveright,,1,eng
/works/OL1108185W,1931,P. Cornelius Tacitus,The fight for an empire,"Woodhouse, W. J., tr.",Angus & Robertson limited,History,1,eng
/works/OL38620018W,1931,Pliny the Younger,Letters in two volumes,,Macmillan,,1,lat; eng
/works/OL14868974W,1931,Publius Vergilius Maro,The Georgics of Vergil,,Dolphin Press,,1,eng
/works/OL44136998W,1931,"Rackham, H., M.A. (Translator)",Cicero De Finibus Bonorum Et Malorum,,"William Heinemann, Ltd.",,1,
/works/OL3149645W,1931,Robert Burton,Philosophaster,,University Press,"College and school drama, Latin (Medieval and modern); Translations into English",3,lat; eng
/works/OL936120W,1931,Sallust,Sallust's Conspiracy of Catiline; the original text with a literal interlinear translation,,"Translation publishing company, inc.",History,1,eng
/works/OL33123424W,1931,Suetonius,The histories of twelve Caesars,"Holland, Philemon, 1552-1637, translator",F. Etchells & H. Macdonald,Emperors; History,1,eng
/works/OL41542805W,1931,Suetonius; Alexander Thomson,Lives of the Twelve Caesars,,CreateSpace Independent Publishing Platform,,3,eng
/works/OL1339323W,1931,Tertullian,Apology [&] De spectaculis,,Putnam,Apologetics; History; Early works to 1800,4,eng
/works/OL21166318W,1931,Tertullian,"Apology, De spectaculis",,W. Heinemann,Apologetics; Early works to 1800,1,eng
/works/OL1339328W,1931,Tertullian,"Tertullian, Apology, De spectaculis","Glover, T. R. 1869-1943., tr.","W. Heinemann, ltd.",Apologetics; History; Early works to 1800; Latin language materials,3,eng
/works/OL15402452W,1931,Tertullian,Tertullian: Apology and De Spectaculis. Minucius Felix,G. H. Rendall (Translator),Loeb Classical Library,,1,eng; lat
/works/OL546437W,1931,Thomas Aquinas,"Catechism of the ""Summa theologica"" of Saint Thomas Aquinas for the use of the faithful",,Burns Oates & Washbourne,,1,eng
/works/OL1090128W,1931,Thomas More,English works,,Eyre and Spottiswoode,,1,eng
/works/OL24263264W,1931,Thomas More,The English works of Sir Thomas More,,Lincoln Mac Veagh,,1,eng
/works/OL44417331W,1931,Thomas More; John O'Hagan,Utopia with the 'Dialogue of comfort',,E.P. Dutton,Utopias; Consolation; Early works to 1800,1,eng
/works/OL32940001W,1931,Titus Livius,The History of Rome Volume Three (3) (III) (Everyman's Library),,J.M. Dent,,1,eng
/works/OL181408W,1931,Tom Burns Haber,A comparative study of the Beowulf and the Aeneid,,Phaeton Press,"Aeneas (Legendary character) in literature; Beowulf; Comparative Literature; Dragons in literature; English (Old) and Latin; Epic poetry, English (Old); Epic poetry, Latin; Heroes in literature; History and criticism; In literature",2,eng
/works/OL28353220W,1931,Vitruvius,On Architecture,,"Penguin Books, Limited",,2,eng
/works/OL19942606W,1931,Vitruvius Pollio,On architecture,,Harvard University Press,Early works to 1800; Architecture,1,eng
/works/OL1847602W,1931,Vitruvius Pollio,"Vitruvius, On architecture","Granger, Frank Stephen, tr.",Putnam's Sons,Early works to 1800; Architecture; Latin language materials,4,eng; lat
/works/OL43073315W,1931,thomas more,utopia with the dialogue of comfort,,j.m. dent & sons ltd,,1,eng
/works/OL27769962W,1932,Bede Frost,The rational faith,,Philip Allan,Sermons; English Sermons; Catholic Church,1,eng
/works/OL18288640W,1932,Boethius,The Paris Psalter and the meters of Boethius,,Columbia University,English poetry,1,eng
/works/OL18430510W,1932,Boethius; George Philip Krapp,The Paris Psalter and the meters of Boethius,,Columbia University,English poetry,1,eng
/works/OL12291375W,1932,Catholic Church. Congregatio de Disciplina Sacramentorum.,Procedure in cases of matrimonium ratum et non consummatum,,J.F. Wagner,Catholic Church; Catholic Church. Congregatio de Disciplina Sacramentorum; Dispensations; Marriage (Canon law); Matrimonial actions (Canon law),1,eng
/works/OL15217956W,1932,Cicero,Murder at Larinum,,University Press,"Mathematics, study and teaching",2,eng
/works/OL15218185W,1932,Cicero,"Selected letters of Cicero to Atticus, his family and his friends",,Translation Pub.,Correspondence; Statesmen; Latin Authors,1,eng
/works/OL44271688W,1932,Constantine Hering; Paracelsus,The Hahnemann Medical College of Philadelphia,,Sine nomine,Bibliography,1,eng
/works/OL2241533W,1932,Dio Chrysostom,Dio Chrysostom,"Crosby, H. Lamar b. 1880, tr.","Harvard University Press, 1939-1985.","Speeches, addresses, etc., Greek; Translations into English; Oratoria Grega; Philosophy, ancient",10,eng; grc
/works/OL267543W,1932,Francis Bacon,Essays and Ancient Fables of Francis Bacon,,Kessinger Publishing,,3,eng
/works/OL14994292W,1932,Francis Bacon,The history natural and experimental of life and death,,Privately printed,,1,eng
/works/OL893758W,1932,Gustave Flaubert,Novembre,Andrew Brown (Translator),HESPERUS PRESS,"Classic Literature; Fiction; Continental european fiction (fictional works by one author); Fiction, general; French fiction; Translations into English; Romance fiction; Loneliness; Social acceptance; Love stories",21,spa; ger; fre; und; eng
/works/OL32029240W,1932,Horace,"Horace, Satires, Epistles and Ars Poetica",,G.P.Putnam's Sons [1932],,1,eng
/works/OL15097776W,1932,Horace,"Satires, Epistles and Ars poetica, with an English translation by H. Rushton Fairclough",,Heinemann,,1,eng
/works/OL810949W,1932,John Milton,Private correspondence and academic exercises,,Folcroft Library Editions,"Correspondence; Problems, exercises; Medieval and modern Latin letters; Grammar; Medieval and modern Latin language; English Poets; Translations into English; Milton, john, 1608-1674, knowledge and learning",5,eng
/works/OL42706081W,1932,Juvenal,Woman,,Rarity Press,,1,eng
/works/OL11016003W,1932,Juvenal,"Woman, a satire",,Privately printed for Rarity Press,,1,eng
/works/OL488946W,1932,Meister Eckhart,Meister Eckhart's Sermons,"Field, Claud, 1863-1941, tr.","H.R. Allenson, Limited",Latin Sermons; Translations into English; Legends; Early works to 1800; Doctrines; Sermons; Mysticism; Catholic Church; Medieval Sermons; Doctrinal Theology,2,eng
/works/OL441917W,1932,Ovid,The amores of P. Ovidius Naso,,Printed by the Golden Cockerel Press,,1,eng
/works/OL1108283W,1932,P. Cornelius Tacitus,Tacitus: historical works,"Murphy, Arthur, 1727-1805, tr.",E.P. Dutton & co.,History; Germanic peoples; Early works to 1800,1,eng
/works/OL32614367W,1932,Petronius,The satyricon of Petronius Arbiter,"Wilde, Oscar, 1854-1900, supposed translator, supposed writer of introduction","Privately printed for the Hogarth Press, Inc., N.Y.",Latin Satire; Translations into English; Gay men in literature; Fiction,1,eng
/works/OL15237137W,1932,Publius Vergilius Maro,The Bucolics & Georgics of Vergil rendered in English hexameters,"Murison, A. F. 1847-1934, tr.","Longmans, Green and co.",Translations into English; Poetry; Latin Didactic poetry; Country life; Agriculture; Latin Pastoral poetry,1,eng
/works/OL15237138W,1932,Publius Vergilius Maro,The Bucolics & Georgies of Vergil,,"Longmans, Green & Co.",,1,eng
/works/OL546894W,1932,Thomas Aquinas,On the Power of God,,"Burns, Oates & Washbourne, ltd.",Early works to 1800; Omnipotence; God; Creation; Dominicans; Theology; Botany; Ethnobotany; Karok Indians; God (Christianity),6,eng
/works/OL481453W,1932,Titus Maccius Plautus,Plaute,"Ernout, A. b. 1879 ed. and tr.",Société d'Édition Les Belles Lettres,Amphitryon (Greek mythology); Drama; Translations into French,5,fre; eng
/works/OL7982955W,1932,Titus Maccius Plautus,Plautus,Paul Nixon (Translator),Loeb Classical Library,,5,eng
/works/OL19330297W,1932,William Eusebius Andrews,Ecclesiastical History: Bks.VI-X v. 2 (Loeb Classical Library),,William Heinemann,,1,
/works/OL15055542W,1933,Augustine of Hippo,... De quantitate animae,"Tourscher, Francis Edward, 1870-    , tr.",B. Herder,Soul; Christianity; Early works to 1800,1,eng; lat
/works/OL1841064W,1933,Bede Jarrett,No abiding city,,"Burns, Oates & Washbourne, ltd.",Catholic Church; English Sermons; Lenten sermons; Sermons,4,eng
/works/OL67401W,1933,Cicero,De natura deorum.  Academica,H. Rackham (Translator),Heineman,,6,eng
/works/OL67438W,1933,Cicero,The poems of Cicero,,"University of London Press, ltd.",Latin language; Greek poetry; Poetry; Metrics and rhythmics; Translations into Latin; Translations from Greek; Latin poetry; Criticism and interpretation,2,gre; eng; lat
/works/OL1453785W,1933,Decimus Magnus Ausonius,Mosella,"Blakeney, Edward Henry, 1869-1955, ed. and tr.",Spee,"Correspondence; Description and travel; Latin Laudatory poetry; Latin Poets; Laudatory poetry, Latin; Poetry; Poets, Latin; Translations into German; Translations into Italian",13,eng; ger; lat; fre; ita
/works/OL679653W,1933,Desiderius Erasmus,Erasmi opuscula,,M. Nijhoff,,1,mul; eng; lat
/works/OL679910W,1933,Desiderius Erasmus,Opuscula,,Maire,"Erasmus, desiderius, -1536; Operas, stories, plots, etc.",4,eng; lat
/works/OL43144879W,1933,H. Rackham,Cicero de Natura Deorum Academica,,,,1,eng
/works/OL184404W,1933,Henry Burrowes Lathrop,"Translations from the classics into English from Caxton to Chapman, 1477-1620",,University of Wisconsin,Translations into English; History and criticism; Classical literature; In literature; History; Classical languages; Translating into English; Translating and interpreting; Translations from classical literature; English literature,2,eng
/works/OL7981551W,1933,Jerome,Jerome,F. A. Wright (Translator),Loeb Classical Library,,1,eng
/works/OL810954W,1933,John Milton,Epitaphium Damonis,"Skeat, Walter W. 1835-1912, tr.",R. West,"Elegiac poetry, Latin (Medieval and modern); Translations into English; Poetry; Poetry (poetic works by one author)",6,mul; eng; lat
/works/OL3029653W,1933,Lactantius,Lactanti De ave phoenice,"FitzPatrick, Mary Cletus, 1905- ed. and tr.",[The Author],"Comparative Literature; Phoenix (Mythical bird); Themes, motives",2,lat; eng
/works/OL42243899W,1933,"Lucius Apuleius; Saintsbury, George",The golden asse,,Project Gutenberg,,2,eng
/works/OL42495022W,1933,Marcus Tullius Cicero; H. Rackham,De natura deorum; Academica,,Harvard University Press,God; Greek Gods; Roman Gods; Theory of Knowledge; Latin literature; Ancient Philosophy; Theology,2,eng; lat
/works/OL503616W,1933,Miguel de Unamuno,"San Manuel Bueno, mártir",,Catedra,"Spanish language; Readers; Priests; Criticism and interpretation; Fiction; Fiction, religious; Spain, fiction; Catholic Church; Clergy; Priesthood",93,tur; spa; eng; ger
/works/OL442027W,1933,Ovid,Metamorphoses (Books I-V),,Cornhill,,1,eng
/works/OL43401621W,1933,Ovid; Johannes Minellius; Nathan Bailey,Ovid's Metamorphoses,,Marshall Jones,,3,lat; eng
/works/OL42683841W,1933,Petronius Arbiter; Jean de Boschère,The Satyricon of Petronius Arbiter,,Fortune Press,,1,eng
/works/OL16280195W,1933,Publius Vergilius Maro,Surrey's fourth boke of Virgill,"Surrey, Henry Howard, Earl of, 1517?-1547, tr.",Oxford University Press,Latin Epic poetry; Translations into English; Poetry; Aeneas (Legendary character),2,eng
/works/OL42671880W,1933,Quintilian; Harold Edgeworth Butler,The Institutio oratoria of Quintilian,,Harvard University Press,,2,lat; eng
/works/OL523947W,1933,"Saint Ambrose, Bishop of Milan",S. Ambrosii De Tobia,"Zucker, Lois Miles, 1887- ed. and tr.",The Catholic University of America,Interest; Usury,1,eng
/works/OL523986W,1933,"Saint Ambrose, Bishop of Milan; Daniel Callam",De virginitate,Ambrose of Milan (Translator),sumptibus P. Hanstein,Biblical teaching; Celibacy; Christianity; Early works to 1800; Religious aspects of Virginity; Virginity; Religious aspects,6,eng; ita; lat
/works/OL9947707W,1933,Saint Jerome,Select letters of St. Jerome,,Heinemann,,4,mul; eng
/works/OL14861649W,1933,Sextus Empiricus.,Outlines of Pyrrhonism (Loeb Classical Library),R.G. Bury (Translator),William Heinemann Ltd,"European history: BCE to c 500 CE; Other prose: classical, early & medieval; Ancient Rome",1,
/works/OL31788043W,1933,St JEROME,Select Letters of St Jerome. With an English Translation by F.A Wright (The Loeb Classical Library). [Facing Latin/English Text],,William Heinemann,,1,
/works/OL1339288W,1933,Tertullian,Tertullian De anima,"Waszink, Jan Hendrik, 1908- ed. and tr.",H. J. Paris,,1,eng
/works/OL1548622W,1933,Titus Lucretius Carus,Lucretius on the problem of existence,,"Macmillan & Co., Ltd.",,1,eng
/works/OL1548630W,1933,Titus Lucretius Carus,On the problem of existence,,Macmillan,,1,eng
/works/OL1548651W,1933,Titus Lucretius Carus,Verse translations from Lucretius,,W. Heffer & Sons ltd,,1,eng
/works/OL42915835W,1933,Titus Lucretius Carus; Arthur S. Way,Lucretius on the problem of existence,,"Macmillan and co., limited",,1,eng; lat
/works/OL5017887W,1934,Cato the Elder; Cato; Marcus Terentius Varro,On agriculture,W. D. Hooper (Translator),Heinemann,"Agriculture; Early works to 1800; Other prose: classical, early & medieval; Ancient, Classical & Medieval; Literature - Classics / Criticism; Psychology of Learning; Grading and marking (Students); Child development; Ability; Testing",5,eng; mul; lat
/works/OL679933W,1934,Desiderius Erasmus; S. Dresden; J. Trapman,Desiderii Erasmi Roterodami opera omnia,,Gregg Press,"Early works to 1800; Philosophy; Humanism; Fathers of the church; European history; Humanities; History; Regional and national history; Art, history; Opera",23,lat; eng; fre
/works/OL31758367W,1934,Gaius Valerius Catullus; Fordyce Mitchell Hubbard,Poems of Catullus,,Duckworth,,2,eng
/works/OL61477W,1934,Gaius Valerius Flaccus,Valerius Flaccus,,"W. Heinemann, ltd.",Argonauts (Greek mythology); Jason (Greek mythology); Latin Epic poetry; Medea (Greek mythology); Poetry; Translations into English; Latin language materials,6,lat; eng
/works/OL6830944W,1934,George Dundas Craig,The modernist trend in Spanish-American poetry,,"Gordian Press, The",History and criticism; Modernism (Literature); Spanish American poetry; Translations into English,5,eng; spa
/works/OL7537528W,1934,Georges Lachapelle,Les régimes électoraux,,A. Colin,"Election law; Elections; Proportional representation; Medicine in Literature; Syphilis; Early works to 1800; Poetry; History; Didactic poetry, Latin (Medieval and modern); Translations into English",1,lat; fre; eng
/works/OL33135419W,1934,Heinrich Hoffmann,The Latin Struwwelpeter,,Blackie & Son Ltd.,"Children's stories, German; Translations into Latin; Translations into English; Behavior; Fiction; Stories in rhyme",1,eng
/works/OL42907173W,1934,Horace; H. B. Mayor,Seventy odes of Horace,,J.W. Arrowsmith Ltd.,,1,eng; lat
/works/OL6558333W,1934,J. Wight Duff,Minor Latin poets,"Duff, A. M. 1900- joint ed. and tr.",Harvard university press,English poetry; Latin poetry; Latin poetry (Collections); Translations from Latin; Translations into English; Latin language materials,8,eng
/works/OL19257821W,1934,J. Wight Duff; A. M. Duff,Minor Latin poets,,Heinemann,Latin poetry; Translations into English; English poetry; Translations from Latin; Translations into Latin,4,eng; lat
/works/OL38422575W,1934,Karl Heinz Schmidt,König Alfreds Boethius-Bearbeitung,,"Druck: Süddruck, Göttingen-Reinhausen",Language; Latin prose literature; Translations into English; History and criticism,1,ger
/works/OL1190406W,1934,"Lindsay, Jack",I am a Roman,,E. Mathews & Marrot ltd.,Translations into English; Latin literature,1,eng
/works/OL7574886W,1934,"Lindsay, Jack",Medieval Latin Poets,,E. Mathews and Marrot,Medieval and modern Latin poetry; Translations into English; Translations from Latin; English poetry,1,eng
/works/OL11823249W,1934,Mathias Faber,"Sermons of Rev. M. Fabri, S.J",,S.R. Leland,"Catholic Church; Church year sermons; English Sermons; Latin Sermons; Sermons; Sermons, English; Sermons, Latin; Translations into English",1,eng
/works/OL19553724W,1934,Minor Latin Poets; Aetna; Titus Calpurnius Siculus,Minor Latin poets,J. W. Duff (Translator),Loeb Classical Library,"Latin poetry; Translations into English; English poetry; Latin language materials; Latin poetry, history and criticism; Latin literature; Translations; Translations from Latin",1,eng; lat
/works/OL10702978W,1934,Publius Vergilius Maro,"Virgil's work: The Aeneid, Eclogues, Georgics, translated by J. W. Mackail",,The Modern library,Translations into English; Latin literature; History; Politics and government; Universities and colleges,1,eng
/works/OL15237445W,1934,Publius Vergilius Maro,[Works]  With an English translation by H. Rushton Fairclough,,W. Heinemann,,1,eng
/works/OL546909W,1934,Thomas Aquinas,Compendium theologiae,"Vollert, Cyril O., 1901- tr.",Unione tipografico-editrice torinese,"Catholic Church; Early works to 1800; Doctrines; Doctrinal Theology; Humanity; Catholic church, doctrines; Theology, doctrinal",6,eng; ita; lat
/works/OL8298539W,1934,Tiberius Catius Silius Italicus,Silius Italicus,J. D. Duff (Translator),Loeb Classical Library,"Punic War, 2nd, 218-201 B.C; Poetry; Poetry (poetic works by one author); Punic War, 2nd, 218-201 B.C.",2,eng
/works/OL11047824W,1935,Ammianus Marcellinus,Ammianus Marcellinus,J. C. Rolfe (Translator),Heinemann,"History; Latin language materials; Rome, history",21,mul; lat; eng
/works/OL15055779W,1935,Augustine of Hippo,The teaching of St. Augustine on prayer & the contemplative life,"Pope, Hugh, 1869-1946, tr.","Burns, Oates & Washbourne ltd.",Mysticism; Prayer; History; Early works to 1800; Contemplation,1,eng
/works/OL8002148W,1935,Aulus Cornelius Celsus,Celsus,W. G. Spencer (Translator),Loeb Classical Library,"Greek and Roman Medicine; Medicine, greek and roman",3,eng
/works/OL8002146W,1935,Aulus Cornelius Celsus,On Medicine,W.G. Spencer (Translator),William Heinemann Ltd,,2,
/works/OL20283839W,1935,Bede,Ecclesiastical History of the English People,,Digireads.com,,6,eng
/works/OL7577923W,1935,Bede brother,A study of the development of Negro education under Catholic auspices in Maryland and the District of Columbia,,The John Hopkins press,African Americans; Catholic Church; Education,1,eng
/works/OL67465W,1935,Cicero,Cicero's Milo,,Fordham University Press,"Rhetoric; Latin language; Early works to 1800; Speeches, addresses, etc., Latin; Ancient Rhetoric",3,eng; lat
/works/OL15733485W,1935,Cicero,Verres in Sicily,,Cambridge University Press,"Mathematics, study and teaching",4,eng
/works/OL679712W,1935,Desiderius Erasmus,A letter about Sir Thomas More,,[Frederic Warde?],Early works to 1800,1,eng
/works/OL679873W,1935,Desiderius Erasmus,A letter about Sir Thomas More from Erasmus of Rotterdam to Ulrich Hutten,,F. Warde,,2,eng
/works/OL10307089W,1935,Gaius Julius Caesar,Commentaries of Caesar on the Gallic War,,David McKay,History; Latin language,3,eng
/works/OL1149384W,1935,Girolamo Fracastoro,"Fracastor Syphilis; or, The French disease","Wynne-Finch, Heneage, tr.",W. Heinemann medical books ltd.,"Early works to 1800; Translations into English; Didactic poetry, Latin (Medieval and modern); Syphilis; Medicine in Literature; History; Poetry",1,eng
/works/OL7597788W,1935,H. Rackham,This way and that,,"W. Heffer & Sons, Ltd.",Greek language; Latin language; Translating into English; Composition and exercises,1,mul
/works/OL15049633W,1935,Hans Christian Andersen; Yayoi Kusama; Bernadette Watts,La Petite Sirene (French Well Loved Tales),"James, M. R. 1862-1936, tr.",Usborne Books,"Contes danois; Fairy tales; Mermaids; Fiction; Children's stories, Danish; Translations into English; Coloring books; Translations into Russian; Children's audiobooks; Translations into Marathi",54,fre; spa; eng
/works/OL15249089W,1935,Horace,"Horace, Satires and epistles",,University of Oklahoma Press,Latin Verse satire; Translations into English; Poetry; Latin language; Latin Epistolary poetry; Readers; Latin poetry; Poetry (poetic works by one author); Traductions anglaises; Poésie latine,3,eng; lat
/works/OL38751701W,1935,Horace,Three hundred & sixty-five short quotations from Horace,"Naylor, H. Darnley (Henry Darnley), 1872- translator",High House Press,,1,und; eng
/works/OL6558327W,1935,J. Wight Duff,Minor Latin poets / with introductions and English translations by J. Wight Duff and Arnold M. Duff,,Heinemann,English poetry; Latin poetry; Translations; Translations from Latin; Translations into English,2,eng
/works/OL16280157W,1935,Publius Vergilius Maro,Aeneidos liber qvartvs,,Oxford University Press,Poetry; Latin Epic poetry; Aeneas (Legendary character); Legends; Poetry (poetic works by one author),2,eng
/works/OL15237441W,1935,Publius Vergilius Maro,"P. Vergili Maronis Aeneidos, liber primus",,Clarendon,"Latin Epic poetry; Poetry; Aeneas (Legendary character); Latin literature, history and criticism; Legends",2,eng; lat
/works/OL21368488W,1935,Quintus Ennius; Caecilius,Remains of Old Latin,E. H. Warmington (Translator),Loeb Classical Library,"Latin language, history",1,eng
/works/OL546881W,1935,Thomas Aquinas,On the governance of rulers,,Pub. for the Institute of mediaeval studies by Sheed & Ward,Kings and rulers; Political science; Duties,4,eng; lat
/works/OL546857W,1935,Thomas Aquinas,St. Thomas Aquinas on the Blessed Sacrament and the Mass,,Pepler & Sewell,Early works to 1800; Lord's Supper; Mass; Theology,2,eng
/works/OL16106215W,1935,Thomas More,Utopia and A dialogue of comfort,,"Dent, Everyman's Library",Utopias; Early works to 1800; Consolation,6,eng
/works/OL37898918W,1935,Thomas [Introduction and Translation By Ralph Robyson] More,Utopia,,New York,,2,eng
/works/OL481373W,1935,Titus Maccius Plautus,"A stage edition of the ""Mostellaria"" (Haunted house) of Titus Maccius Plautus","Mitchell, Lynn Boal, 1881-1973, ed. and tr.",The University of New Mexico,,1,eng
/works/OL40698240W,1935,Venerable Bede,Ecclesiastical History of the English People,,Burns Oates & Washbourne LTD.,"Church history; Great britain, religion",2,eng
/works/OL4946252W,1935,Virgil George Michel,Through Christ our Lord,,Macmillan,Catholic Church; Doctrines,2,eng
/works/OL19671460W,1935,W. H. D. Rouse,Latin stories for reading or telling,,B. Blackwell,Latin language; Latin language materials; Readers,1,lat
/works/OL37796850W,1935,Walter George Spencer Aulus Cornelius Celsus,De medicina. With an English translation by W. G. Spencer (Loeb Classical Library.),,,,1,eng
/works/OL44491688W,1936,Aodh De Blácam; Seán MacManus; Three Candles,Old wine,,At the Sign of the Three Candles,Irish poetry; Translations into English; Spanish poetry; Latin poetry,1,eng
/works/OL4979370W,1936,Bede Frost,The faith and the age,,Church Literature Assoc.,Apologetic works; Catholic Church,1,eng
/works/OL1841041W,1936,Bede Jarrett,Holy week,,Sheed & Ward,"Catholic Church; English Sermons; Sermons; Sermons, English; Seven last words",1,eng
/works/OL10328367W,1936,Cicero,Cicero's Milo (in English),,Bruce,,1,eng
/works/OL44453442W,1936,"Cicero; Donnelly, Francis Patrick",Cicero's Milo (in English),,Bruce,,1,eng
/works/OL38746791W,1936,Cornelius Tacitus,"Tacitus, selections from his works",,"Prentice-Hall, Inc.",,1,lat; mul; eng
/works/OL15227386W,1936,Desiderius Erasmus,Institutio principis Christiani,"Born, Lester Kruger, 1903-1969, ed. and tr.",Octagon,Kings and rulers; Education of princes; Peace; Duties; Philosophy; Political science; Medieval Philosophy; Ancient Philosophy; Education,11,eng; lat
/works/OL24427477W,1936,Desiderius Erasmus,The education of a Christian prince,,W.W. Norton,Education of princes; Education; Educatin; Philosophy; Kings and rulers; Duties; Peace,1,eng
/works/OL10307022W,1936,Gaius Julius Caesar,Gai Iuli Caesaris de Bello Gallico,,Macmillan,Gaul; History,1,eng
/works/OL394325W,1936,Gaius Valerius Catullus,Catullus and Tibullus in English verse,,Macmillan,Translations into English; Poetry; Early works to 1800,1,eng
/works/OL16231858W,1936,Gnaeus Naevius,"Remains of Old Latin, Volume II, Livius Andronicus. Naevius.",E. H. Warmington (Translator),Loeb Classical Library,"Latin language, history",1,eng
/works/OL38973048W,1936,Horace,"Satires, epistles, and ars poetica","Fairclough, H. Rushton (Henry Rushton), 1862-1938, translator",Harvard University Press,,1,eng; lat
/works/OL15097659W,1936,Horace,The Odes of Quintus Horatius Flaccus,,"The Department of classics, Monmouth college",Translations into English; Latin Laudatory poetry,1,eng
/works/OL16765773W,1936,Hrotsvitha,The non-dramatic works of Hrosvitha,,,"Translations into English; Christian literature, Latin (Medieval and modern)",1,eng; lat
/works/OL38704266W,1936,John Blackburne Poynton,Versions,,B. Blackwell,English literature; Translations into Greek; Translations into Latin; Greek language; Composition and exercises; Latin language,1,gre; lat; eng
/works/OL1108234W,1936,P. Cornelius Tacitus,Selections from his works,,Prentice Hall,,1,eng
/works/OL1153458W,1936,Quintilian,Quintilian on education,"Smith, Catherine Ruth, 1906- tr.",New York university bookstore,Early works to 1800; Education,3,eng
/works/OL8298544W,1936,Sidonius Apollinaris Saint,Sidonius,W. B. Anderson (Translator),Loeb Classical Library,"Poets, biography; Bishops; Christian saints; Latin poetry; Latin Poets; Homes and haunts; Correspondence",2,lat; eng
/works/OL35274689W,1936,Tacitus,Tacitus Selections From His Works,,Prentice Hall,,1,eng
/works/OL21166919W,1936,Thomas Aquinas,God and His works,,Society for Promoting Christian Knowledge,Early works to 1800; God (Christianity); Written works; Natural theology; Creation; Trinity,1,eng
/works/OL12834957W,1936,Thomas More,L' Utopie,,Éditions sociales,Utopies; Utopie; Socialisme; Ouvrages avant 1800; Argent (Monnaie); Aspect social; Relations humaines; Utopias; Pluralisme religieux; Vertus,8,fre; eng
/works/OL4946251W,1936,Virgil George Michel,The social question,,"St. John's University, Office of Academic Affairs",Capitalism; Catholic Church; Christian sociology; Christianity; Church and social problems; Religious aspects of Capitalism; Social ethics,2,eng
/works/OL10726937W,1937,Augustine of Hippo,De beata vita,,The Peter Reilly Company,Happiness,1,lat
/works/OL137795W,1937,Augustine of Hippo,De libero arbitrio (libri tres) =,,Peter Reilly,Free will and determinism; Good and evil,2,eng
/works/OL3553358W,1937,Baptista Mantuanus,The eclogues of Mantuan,"Turberville, George, 1540?-1610? tr.",Scholars' Facsimiles & Reprints,"Country life; Pastoral poetry, Latin (Medieval and modern); Poetry; Translations into English",3,eng
/works/OL349664W,1937,Catholic Church,Hymns attributed to John Dryden,,"Burns, Oates & Washbourne","Catholic Church; Christian poetry, Latin (Medieval and modern); History; Humanism; Hymns; Hymns, Latin (Medieval and modern); Lectionaries; Missals; Poetic works; Translations into English",5,eng
/works/OL44314076W,1937,Cicero; Louis Eleazer Lord,"... The speeches, with an English translation",,"Heinemann, ltd.",,1,eng
/works/OL31522523W,1937,Cornelius Tacitus,The annals (The Loeb classical library),,William Heinemann,,1,
/works/OL42504026W,1937,Cornelius Tacitus; Clifford Herschel Moore; John Jackson,The Histories,,W. Heinemann,History,1,eng; lat
/works/OL44419084W,1937,Edward Kennard Rand; Frederick C. Packard,"Texts and translations for Latin readings, selected and spoken by Edward Kennard Rand ...",,Harvard University Press,Latin literature; Translations into English,1,eng
/works/OL15332873W,1937,Francis Bacon,Eight essayists,,Macmillan,,1,eng
/works/OL69391W,1937,Francis Bacon,"Essays, Advancement of learning, New Atlantis",,"Doubleday, Doran & Company, inc.",Early works to 1800; Logic; Utopias; Science; Methodology; English essays; Conduct of life,2,eng
/works/OL69418W,1937,Francis Bacon,"Essays, Advancement of learning, New Atlantis and other pieces",,Odyssey Press,Utopies; Ouvrages avant 1800; Utopias; Science; Sciences; Methodology; Méthodologie; Logic; Logique,4,eng
/works/OL20286084W,1937,Francis Bacon,The Great Instauration,,Doubleday,"Essay concerning human understanding (Locke, John)",2,eng
/works/OL7602371W,1937,Gulielmus Gnaphaeus,The comedy of Acolastus,"Palsgrave, John, d. 1554, tr.",Kraus Reprint Co.,Medieval and modern Latin drama; Translations into English,4,eng
/works/OL35315211W,1937,Ovid,The Love Books of Ovid (The Book League of America),,"Grosset & Dunlap, Inc.",,1,eng
/works/OL1499184W,1937,Pliny the Younger,The eruption of Vesuvius,,The University press,Latin language; Readers; Volcanoes,1,lat; eng
/works/OL43156537W,1937,ST THOMAS AQUINAS,Concerning Being and Essence (De Ente et Essentia). Translated from the Latin with the Addition of a Preface by George G. Leckie,,D. Appleton-Century Company,,1,eng
/works/OL24726934W,1937,Suetonius,The Lives of the Twelve Caesars,,"Creative Media Partners, LLC",,7,eng
/works/OL27771150W,1937,Thomas Aquinas,The commandments of God,,Burns Oates & Washbourne,,1,eng
/works/OL546899W,1937,Thomas Aquinas,The three greatest prayers,"Shapcote, Laurence, trans.",Newman Press,Apostles' Creed; Ave Maria; Lord's prayer; Medieval Sermons; Prayers,5,eng; lat
/works/OL36197866W,1937,Thomas More; Joshua Freed,Utopia,,J.M. Dent & Sons LTD.,Philosophy; Political science,21,eng; ger; lat
/works/OL31482901W,1937,Titus Livius,History of Rome by Titus Livius. Volume 1.,,London: Dent 1937. (Everyman's Library),,1,eng
/works/OL1548661W,1937,Titus Lucretius Carus,Introduction to Lucretius,,University Press,,2,eng; lat
/works/OL24272208W,1937,Titus Lucretius Carus,"Introduction to Lucretius. [Selections, with an introduction and notes] by A.P. Sinker",,University Press,,1,eng
/works/OL4946253W,1937,Virgil George Michel,Christian social reconstruction,,The Bruce publishing company,Catholic Church; Catholic Church. Pope (1922-1939 : Pius XI); Church and labor; Church and social problems; Catholic authors; Christian sociology; Labor and laboring classes; Labor; Religious aspects; Christianity,4,eng
/works/OL4946241W,1937,Virgil George Michel,The liturgy of the church,,Macmillan,Catholic Church; Liturgy; Sacrements; Messe; Année liturgique; Liturgics; Liturgie; Église catholique; Célébration,2,eng
/works/OL15055495W,1938,Augustine of Hippo,"Concerning the teacher (De magistro) and On the immortality of the soul (De immortalitate animae) by St. Aurelius Augustine, bishop of Hippo... translated from the Latin with the addition of a preface by George G. Leckie",,D. Appleton-Century Company,,1,eng
/works/OL1377172W,1938,Charles Edward Phillips,Rome and the Middle Ages,,J.M. Dent & Sons,Sources; Translations into English; Latin literature; History,1,eng
/works/OL67437W,1938,Cicero,"Philippics, with an English translation by Walter C. A. Ker",,Harvard Univ. Pr.,,2,eng; lat
/works/OL38748444W,1938,Cornelius Tacitus,Agricola,"Acheson, G. J., translator",Macmillan,,1,eng
/works/OL8298546W,1938,Gaius Lucilius,"Remains of Old Latin, Volume III, The Law of the Twelve Tables",E. H. Warmington (Translator),Loeb Classical Library,"Latin language, Preclassical to ca. 100 B.C.; Latin language, history; Latin language",1,eng
/works/OL44081011W,1938,Horace; Gordon Myron Messing,"Translation of Horace, Carmina II, 13",,,,1,eng
/works/OL1161171W,1938,Jean-Paul Sartre,La nausée,Robert Baldick (Translator),Losada,"Existentialism; Fiction; Litterature francaise; Ecrivains; Romans, nouvelles; Psychanalyse; French novellas; Psychoanalysis; Self-hate (Psychology); Translations into English",98,spa; ita; per; fre; eng; fin; swe; rus
/works/OL44433963W,1938,Julius Caesar; A. G. Peskett,Caesar,,Harvard Univ. Pr.,,1,lat; eng
/works/OL971940W,1938,Marcus Terentius Varro,On the Latin language,"Kent, Roland G. 1877-1952, tr.",Heinemann,Early works to 1800; Grammar; Latin language; Latin language materials; Early works to 1500,9,ger; lat; eng
/works/OL8298540W,1938,Marcus Terentius Varro,Varro,Roland G. Kent (Translator),Loeb Classical Library,Latin language,2,eng
/works/OL971939W,1938,Marcus Terentius Varro,Varro on the Latin Language,,Heinemann,Roman law.; Roman law,5,mul; eng
/works/OL27769122W,1938,"More, Thomas Saint",English prayers and treatise on the holy eucharist,,Burns Oates and Washbourne,Prayers; Lord's Supper; Catholic Church,1,eng
/works/OL997883W,1938,Omar Khayyam,The Golden cockerel Rubáiyát of Omar Khayyám,"Ross, E. Denison Sir, 1871-1940, tr.",The Golden cockerel press,Persian poetry; Translations into English; Translations into Latin,1,eng; peo; lat
/works/OL13063110W,1938,Pliny the Elder,"Natural history, with an English translation",,W. Heinemann,,1,eng
/works/OL8298554W,1938,Pliny the Elder,Pliny,A. C. Andrews (Translator),Folio Society,"Correspondence; Latin letters; Translations into English; Latin Authors; Authors, Latin; Lawyers; Natural history; Pre-Linnean works; Sciences naturelles; Cartas Latinas (Literatura)",13,eng; lat
/works/OL10314031W,1938,Quintilian,On education,,Clarendon Press,Education,1,eng
/works/OL10314034W,1938,Quintilian,Quintilian on education : being a translation of selected passages from the Institutio oratoria. --,,Clarendon Press,Education,1,eng
/works/OL15222867W,1938,Seneca the Younger,Epistolae Senecae ad Paulum et Pauli ad Senecam <quae vocantur>,,Printed for the] American Academy in Rome [by F. Berger],,1,eng
/works/OL20549919W,1938,Thomas Aquinas,On the governance of rulers (De regimine principum),,Sheed,Kings and rulers; Political science; Duties,1,eng
/works/OL546677W,1938,Thomas Aquinas,Saint Thomas Aquinas on the governance of rulers (De regimine principum),,Published for the Institute of Mediaeval Studies by Sheed & Ward,Early works to 1800; Duties; Kings and rulers; Political science,1,eng
/works/OL546886W,1938,Thomas Aquinas,"Saint Thomas Aquinas, meditations for every day","Mezard, Denys, père, 1852- tr.",The Rosary press,Meditations; Calendars; Devotional calendars; Catholic Church,3,eng
/works/OL1090222W,1938,Thomas More,English prayers,,Templegate Publishers,Catholic Church; Early works to 1800; Lord's Supper; Prayers,3,eng
/works/OL7982094W,1938,Thomas More,English prayers and treatise on the Holy Eucharist,,Templegate,Catholic Church,3,eng
/works/OL43307288W,1939,   E. Capps and  W. H. D. Rouse T. E. Page,The Poems of Gaius Valerius Catullus. Translated by F. W. Cornish [Loeb Classical Library,,William Heinemann Ltd.,,1,eng
/works/OL137850W,1939,Augustine of Hippo,An Augustine synthesis,,Sheed & Ward,"Collected works; Early church; Early church, ca. 30-600; Early church, ca.30-600; Theology; Early works to 1800; History; Histoire; Théologie",5,eng
/works/OL15217503W,1939,Cicero,Brutus / Cicero ; with an English translation by G.L. Hendrickson.  Orator / Cicero ; with an English translation by H.M. Hubbell,,W. Heinemann,Ancient Oratory,1,eng
/works/OL679697W,1939,Desiderius Erasmus,The instruction of a Christian prince,"Corbett, Percy Ellwood, 1892- tr.",Peace book company,Kings and rulers; Education of princes; Peace; Duties,1,eng
/works/OL24538865W,1939,Francis Bacon; Franklin Fiske Heard,Essays,"Schücking, Elisabeth, translator",West Margin Press,,6,ger; eng
/works/OL1150494W,1939,Gaius Julius Caesar,Civil war in Spain,,Macmillan,"History; Rome Civil War, 49-45 B.C.",1,eng
/works/OL11017992W,1939,Horace,Ars poetica,,Macmillan,Early works to 1800; Poetry,4,eng; lat
/works/OL15097775W,1939,Horace,"Satires, Epistles, and Ars Poetica, with an English translation",,Heinemann,,1,eng
/works/OL34582553W,1939,Ivor Thomas,Selections illustrating the History of Greek Mathematics. With an English translation by I. Thomas (Loeb Classical Library.),,,,1,
/works/OL7650679W,1939,J. Lee Pulling,Barbitos,,Melbourne University Press in association with Oxford University Press,English poetry; Latin poetry; Translations into English; Translations into Latin,1,lat; eng
/works/OL1108122W,1939,P. Cornelius Tacitus,"The Annals of Tacitus, book XIV",,Methuen,,1,eng
/works/OL44511049W,1939,Publius Terentius Afer; John Sargeaunt,Terence,,Harvard University Press,,1,eng; lat
/works/OL43068938W,1939,Tacitus,The History Germania & Agricola,,"J. M. Dent & Sons, Ltd.",,1,eng
/works/OL546659W,1939,Thomas Aquinas,Philosophy and theology,,Dent,,1,eng
/works/OL546923W,1939,Thomas Aquinas,Selected writings,,Dutton,"Catholic Church; Early works to 1800; Philosophy; Theology, doctrinal; Doctrines; Collected works; Middle Ages; Theology; History",8,eng
/works/OL20970819W,1939,Thomas Aquinas,The Catechetical instructions of Saint Thomas Aquinas,,Wagner,Catechetics; Catholic Church,1,eng
/works/OL546873W,1939,Thomas Aquinas,The catechetical instructions of St. Thomas Aquinas,"Collins, Joseph Burns, 1897- tr.",Sinag-Tala,Catechetics; Catholic Church,4,eng
/works/OL4946249W,1939,Virgil George Michel,The Christian in the world,,The Liturgical press,Catholic; Catholic Church; Christian education; Religious education; Textbooks for young people,2,eng
/works/OL6672992W,1940,Arthur Frederick Clements,Tudor translations,,B. Blackwell,Classical literature; English literature; Modern Literature; Translations into English,5,eng
/works/OL679924W,1940,Desiderius Erasmus,Christian humanism and the Reformation,,Fordham University Press,"Correspondence; Early works to 1800; Reformation; Translations into English; Authors, Latin (Medieval and modern); Intellectual life; Theological anthropology; Humanism; Humanists; Christianity",10,eng
/works/OL679691W,1940,Desiderius Erasmus,The immense mercy of God,,California State Library,God; Mercy; Attributes,1,eng; lat
/works/OL2320197W,1940,E. H. Warmington,"Remains of Old Latin, Volume IV, Archaic Inscriptions",,Loeb Classical Library,"Latin language, Preclassical to ca. 100 B.C.; Latin language, history",1,eng
/works/OL14994264W,1940,Francis Bacon,"The essays, or counsels, civil and moral, of Francis Ld. Verulam",,Pauper Press,English essays,1,eng
/works/OL1150521W,1940,Gaius Julius Caesar,The Gallic War of Julius Caesar,"Burdock, Eugene I. tr.",Noble & Noble,History,1,eng
/works/OL1456977W,1940,Giovanni Pico della Mirandola,The very elegant speech on the dignity of man..,,The St. John's book store,Man; Human beings,1,eng
/works/OL15097526W,1940,Horace,"""The country, that's the place to live!""",,G. & H. Macy,Country life; Translations into English; Poetry; Latin Verse satire,1,eng
/works/OL15097807W,1940,Horace,Sátiras y epístolas,,"Editorial Losada, s.a.",Translations into English; Latin Verse satire; Translations into Spanish; Latin Epistolary poetry,1,spa
/works/OL15097814W,1940,Horace,"Translations from Horace, Juvenal & Montaigne",,University Press,Latin poetry; Translations into English,1,eng
/works/OL16538128W,1940,Jorge Luis Borges; Silvina Ocampo; Adolfo Bioy Casares,Antología de la literatura fantástica,,Carroll & Graf,Fantasy literature; Fantastic literature; Anachronisms; speculative fiction; subjective idealism; duodecimals; aneurysms; adjectives; hermeticism; philanthropy,15,eng; spa; rus
/works/OL8085477W,1940,Lucan,Annaei Lucani De Bello Civili Lieber (Latin texts and commentaries),,Ayer Co Pub,,1,eng
/works/OL18431243W,1940,Margaret Anne Williams,Word-hoard,,Sheed & Ward,Anglo-Saxon literature; English literature; Translations; Latin literature; Translations into Anglo-Saxon,2,eng
/works/OL12148570W,1940,Margaret Anne Williams,Word-hoard ..,,Sheed & Ward,English language; Translations into Anglo-Saxon; Translations from Latin; Latin literature; Translations,1,eng
/works/OL6470777W,1940,Margaret Anne Williams,Word-hoard..,,Sheed & Ward,"English literature; Modernized versions; Translations into Anglo-Saxon; Translations from Latin; Translations; Latin literature; Translations into English (Old English, ca. 450-1100); Old English; Transaltions into Anglo-Saxon; Translations into English (Old English)",1,eng
/works/OL10327066W,1940,P. Cornelius Tacitus,"The annals of Tacitus, book XV, chapters 38-74",,Boston College,,1,eng
/works/OL1257859W,1940,Pliny the Elder,Natural History,H. Rackham (Translator),William Heinemann Ltd,,2,
/works/OL27770480W,1940,"Saint Ambrose, Bishop of Milan",Sancti Ambrosii Liber de consolatione Valentiniani,,The Catholic University of America Press,,1,eng; lat
/works/OL546608W,1940,Thomas Aquinas,Meditations,,,Meditations; Devotional calendars; Catholic Church,1,eng
/works/OL546738W,1940,Thomas Aquinas,St. Thomas Aquinas Commentary on the politics of Aristotle,,,,1,eng
/works/OL36519857W,1940,Thomas Aquinas,Thomas Aquinas Selected Writings - Everyman's Library,,J.M. Dent & Sons LTD.,,1,eng
/works/OL41532279W,1940,Virgil,The georgics of Virgil / translated by C. Day Lewis,,,,1,eng
/works/OL19330300W,1941,,Greek Mathematical Works: Selections: From Aristarchus to Pappus v. 2 (Loeb Classical Library),,William Heinemann Ltd,,1,
/works/OL137867W,1941,Augustine of Hippo,De musica,,Sansoni,Catholic Church; Catholic Church and philosophy; Christianity; Collected works; Conduct of life; Early works to 1800; Greek and Roman Music; History; History and criticism; History of doctrines,15,ita; fre; ger; eng; pol
/works/OL43182994W,1941,Desiderius Erasmus,Disiderius Erasmus THE PRAISE OF FOLLY Modern Library w/DJ 1st thus 1941,,,,1,eng
/works/OL21168902W,1941,Desiderius Erasmus,The praise of folly,,Franklin Classics Trade Press,"Folly; Christianity; Fiction, general; Early works to 1800; Religious aspects",7,eng
/works/OL41010480W,1941,Desiderius Erasmus; John Wilson,Praise of Folly,,CreateSpace Independent Publishing Platform,Folly,10,ara; eng
/works/OL11134588W,1941,H. M. Smyser,"Survivals in old Norwegian of medieval English, French, and German literature",,"Waverly press, inc.","English literature; Latin literature, Medieval and modern; Medieval and modern Latin literature; Old Norse literature; Sagas; Translations from Latin (Medieval and modern); Translations from Old Norse; Translations into English; Poetry; Translations from Icelandic and Old Norse",1,eng; nor; lat
/works/OL8298557W,1941,Lucius Junius Moderatus Columella,Columella,E. S. Forster (Translator),Loeb Classical Library,,3,eng
/works/OL19668969W,1941,Lucius Junius Moderatus Columella,On agriculture,,Harvard University Press,Latin language materials; Agriculture; Early works to 1800,2,eng; lat
/works/OL2863770W,1941,Lucius Junius Moderatus Columella,"On agriculture, with a recension of the text and an English translation by Harrison Boyd Ash",,Harvard University Press,Early works to 1800; Agriculture,2,eng
/works/OL441946W,1941,Ovid,The Elegiae in Maecenatem,"Miller, Mary Cecilia, 1895- ed. and tr.",,Latin Elegiac poetry; Translations into English,1,eng
/works/OL1443153W,1941,Paracelsus,Four treatises of Theophrastus von Hohenheim,,The Johns Hopkins press,"Medicine; Occultism; Mental Disorders; Early works to 1800; History, 16th Century; Occupational Diseases; Mining; Epilepsy; Chorea",1,eng
/works/OL1443213W,1941,Paracelsus,"Four treatises of Theophrastus von Hohenheim, called Paracelsus",,Johns Hopkins University Press,"Occultism; Medicine, Magic, mystic, and spagiric; Early works to 1900; Early works to 1800; Medicine; Medicine, early works to 1800; Medieval Medicine; History of medicine, 15th cent",4,eng
/works/OL1443214W,1941,Paracelsus,Lebendiges Erbe,,Rascher,"Early works to 1800; Human beings; Medicine, early works to 1800",5,ger; eng
/works/OL1443211W,1941,Paracelsus,Paracelsus,Norbert Guterman (Translator),Princeton University Press,"Medicine; mythology; psychology; Agoraphobia; Medicine, Magic, mystic, and spagiric; Occultism; Early works to 1900",3,eng; ger
/works/OL2739683W,1941,Pope Gregory I,Saint Benedict,,Stanbrook Abbey Press,,3,eng
/works/OL16280219W,1941,Publius Vergilius Maro,Aeneid VI,,Bristol Classical Press,Latin Epic poetry; Poetry; Sources; Legends; Aeneas (Legendary character); Epic poetry; Latin poetry,5,eng; lat
/works/OL102314W,1941,Seneca the Younger,Oedipus,"Hadas, Moses, 1900- tr.",UFMG/PROED,History and criticism; Drama; Oedipus (Greek mythology) in literature; Oedipus (Greek mythology); Translations into English; Latin drama (Tragedy); Thyestes (Greek mythology); Agamemnon (Greek mythology); Hercules (Roman mythology),10,por; dut; lat; ger; eng
/works/OL812751W,1941,Suetonius,C. Suetonii Tranquilli Vita Tiberii,,,Early works to 1800; Biography; Emperors,1,eng
/works/OL27768469W,1941,Thomas Aquinas,Theology for the layman,,National Headquarters of the Holy Name Society,Doctrinal Theology; Introductions,1,eng
/works/OL11830773W,1941,Thomas More,History of the passion,,,,1,eng
/works/OL1090177W,1941,Thomas More,St. Thomas More's History of the passion,"Basset, Mary Roper, d. 1572, tr.","Burns, Oates & Washbourne ltd.",Early works to 1800; Passion,1,eng
/works/OL1090189W,1941,Thomas More,Utopia [& Dialogue of comfort,,Dent,Utopias; Consolation,1,eng
/works/OL1206714W,1942,Angel Flores,Fiesta in November,,Houghton Mifflin company,Spanish American fiction; Translations into English; English fiction,1,eng
/works/OL15217529W,1942,Cicero,Cicero. De oratore,,A. M. Hakkert,"Oratory; Rhetoric, Ancient; Ancient Rhetoric",3,lat; eng
/works/OL3100939W,1942,Cicero,Cicero: On the Orator: Book 3. On Fate. Stoic Paradoxes. On the Divisions of Oratory,H. Rackham (Translator),Loeb Classical Library,,1,eng
/works/OL38798170W,1942,Cornelius Tacitus,Cornelii Taciti Ab excessu divi augusti sive annalium libri,,Società Anon. G. B. Paravia & C.,,1,eng
/works/OL4888522W,1942,Dudley Fitts,Anthology of contemporary Latin-American poetry,,New Directions,"Translations into English; Spanish American poetry; Latin American poetry; Bio-bibliography; English poetry; Translations from Spanish; Latin american poetry, translations into english",5,por; fre; eng; spa; ger
/works/OL15333065W,1942,Francis Bacon,Thoughts on the Holy Scripture,,Kessinger Publishing,,1,eng
/works/OL1456989W,1942,Giovanni Pico della Mirandola; Patricia Mari-Fabre,De hominis dignitate,"Wallis, Charles Glenn, tr.","Regnery Publishing, Inc.","Human beings; Filosofie; Neoplatonism; Courts and courtiers; Philosophy; Courtesy; Arts, Renaissance; Ontology; Critique, interprétation; Dignity",33,spa; ita; ger; fre; lat; eng
/works/OL42513967W,1942,Horace; H. Rushton Fairclough,"Satires, Epistles and Ars poetica",,Harvard University Press,Latin language text,2,eng; lat
/works/OL28196978W,1942,James A. Granier,Latin American belles-lettres in English translation,,Library of Congress,Spanish American literature; Translations into English; Bibliography; Literatura inglesa; Traducciones del español; Bibliografía,2,eng
/works/OL7668338W,1942,James Albert Granier,Latin American belles-lettres in English translation,,Library of Congress,Bibliography; English literature; Latin American literature; Spanish American literature; Translations from Spanish; Translations into English,3,eng
/works/OL10623531W,1942,John William Lang,Breviarium philosophorum,,J. W. Lang,"Latin Quotations; Quotations, Latin; Translations into English",1,eng
/works/OL5901455W,1942,Kevin Guinagh,Latin literature in translation,,Century Bookbindery,Translations into English; Latin literature; English literature; Translations from Latin; Literary collections,9,eng
/works/OL1417309W,1942,Leon Battista Alberti; Paolo D'Alessandro; Francesco Furlan,Momus,,Societe d'edition Les Belles lettres,"Early works to 1800; Political science; State, The; The State; Alberti, leon battista, 1404-1472; Architecture, renaissance; Plato; Soul; Immortality; Political science, early works to 1800",7,ita; eng; ger; lat
/works/OL2241478W,1942,Marcus Valerius Martialis,Selections from Martial and Pliny the younger,,Cambridge University Press,"French language; Readers; Mathematics, study and teaching",2,wel; eng
/works/OL10327077W,1942,P. Cornelius Tacitus,Complete works,,Modern Library,,1,eng
/works/OL1108293W,1942,P. Cornelius Tacitus,The complete works of Tacitus,"Church, Alfred John, 1829-1912, tr.",Modern Library,Translations into English; History; Literatura Latina; Latin literature; Sources,5,eng
/works/OL1516492W,1942,Pan American Union.,The literature of Latin America ..,,Pan American union,Translations into English; Spanish American literature; English literature,2,eng
/works/OL16226098W,1942,Pliny the Younger,Selections Ed Kenndy,,Cambridge University Press,,1,eng
/works/OL2739679W,1942,Pope Gregory I,A modern English version of the Old English Dialogues of Gregory,,University of North Carolina,,2,eng
/works/OL546875W,1942,Thomas Aquinas,The divine ways,,"Christian culture press, Assumption college",God; Attributes; Christian life,3,eng
/works/OL1090166W,1942,Thomas More,Prayers made by Sir Thomas More while he was prisoner in the Tower of London,,Golden Hind Press,Prayers,1,eng
/works/OL34544009W,1943,Aeneas,"Aeneas Tacticus, Asclepiodotus, Onasander, (The Loeb classical library)",,W. Heinemann,,1,
/works/OL20542054W,1943,Augustine of Hippo,Answer to skeptics,"Kavanagh, Denis J. (Denis Joseph), 1886- translator",Cosmopolitan Science & Art Service,Theory of Knowledge; Skepticism; Philosophy and religion; Early works to 1800; Church history,1,eng; lat
/works/OL137842W,1943,Augustine of Hippo,Contra academicos,,Hackett Pub. Co.,"Controversial literature; Early works to 1800; Knowledge, Theory of; Philosophy and religion; Skepticism; Theory of Knowledge",4,lat; eng
/works/OL1393089W,1943,Boethius,M226 Consol Philosophy,,Modern Library,,1,eng
/works/OL6688736W,1943,Carl Daniel Lane,What you should know about the Merchant marine,,W. W. Norton & company inc.,Merchant marine; English literature; Translations into Latin; Translations into Greek; Latin literature; Translations from English; Greek literature,1,gre; lat; eng
/works/OL1456985W,1943,Giovanni Pico della Mirandola,De ente et uno,"Hamm, Victor Michael, 1904-      tr.",Marquette University Press,Ontology; One (The One in philosophy); Medieval Philosophy,5,eng; lat
/works/OL8273976W,1943,Giovanni Pico della Mirandola,Pico Della Mirandola,,Marquette University Press,Ontology,1,eng
/works/OL30507538W,1943,Henry T. Riley; Ovid,Art of Love,,Liveright,,4,eng
/works/OL6411576W,1943,John Houghton Allen,A Latin-American miscellany,,Priv. Print. [Kaleidograph Press],Spanish American literature; Translations into English,1,eng
/works/OL27733938W,1943,Ovid,The art of love together with the Elegies ; translated by Christopher Marlowe.,,Liveright,,1,eng
/works/OL31585030W,1943,Pope Leo XIII,"Two Basic Social Encyclicals; On the Condition of Workers, Leo XIII; and Forty Years after On Reconstructing Social Order; Pius XI; Latin Text with English Translation",,"The Catholic university of America press, distributed through Benziger...",,1,
/works/OL22212892W,1943,Pope Leo XIII,Two basic social encyclicals,,"The Catholic university of America press, distributed through Benziger brothers, inc., New York, Boston [etc.]",Christian sociology; Papal documents; Working class; Catholic Church; Labor; Christianity; Church and social problems; Catholic authors,1,eng; lat
/works/OL546630W,1943,Thomas Aquinas,On the manifestation of the divine knowledge,,Blackwell,Early works to 1800; Criticism and interpretation; Intellect; Trinity,1,eng
/works/OL27770975W,1944,Augustine of Hippo,S. Aureli Augustini De beata vita,,The Catholic University of America,Happiness,1,eng
/works/OL43175559W,1944,Augustine of Hippo,The confessions of St. Augustine,,distributed in the U.S. by Christian Classics,,2,lat; eng
/works/OL4979373W,1944,Bede Frost,Lent and Eastertide with the liturgy,,A. R. Mowbray & co. limited,Catholic Church; Easter; Lent; Liturgy,1,eng
/works/OL38727007W,1944,Julius Caesar,The Gallic War and other commentaries,"McDevitte, W. A. (William Alexander), translator",J.M. Dent,,1,eng
/works/OL3062243W,1944,Marsilio Ficino,Marsilio Ficino's Commentary on Plato's Symposium,"Jayne, Sears Reynolds, 1920- ed. and tr.",University of Missouri,Love; Early works to 1800; Amour; Medieval Aesthetics,2,eng; lat
/works/OL19330298W,1944,Pliny the Elder,Natural History: Bks.I-II v. 1 (Loeb Classical Library),,William Heinemann,,1,
/works/OL44828141W,1944,Pliny the Elder; H. Rackham,Natural history,,Harvard University Press,Natural history; Pre-Linnean works,1,lat; eng
/works/OL16280172W,1944,Publius Vergilius Maro,The Eclogues and the Georgics,,Uni. Press,Translations into English; Poetry; Latin Didactic poetry; Country life; Latin Pastoral poetry; Agriculture,2,eng
/works/OL36050530W,1944,Virgil; James Howard Mantinband,Aeneid,,Marco Book Company,"Latin poetry, translations into english",27,ori; eng
/works/OL137845W,1945,Augustine of Hippo,De natura boni,,Rusconi libri,Manichaeism; Good and evil,4,ita; eng; lat
/works/OL1209319W,1945,Erich Maria Remarque,Arc de triomphe,"Lindley, Denver, 1904- joint tr.",Zong jing xiao Xue ying wen hua shi yeh yu xian gong si,Fiction; History; Actresses; Physicians; Man-woman relationships; German fiction; NOVELAS ALEMANAS; Translations into English; Translations from German; English fiction,49,eng; chi; ger; rus; tur; vie; pol
/works/OL10755172W,1945,J. C. Robertson,Latin songs and carols,,University of Toronto Press,"Latin poetry; Songs, Latin (Medieval and modern); English poetry; Translations into Latin",1,lat
/works/OL44284046W,1945,John Milton; Frank Allen Patterson,The student's Milton,,Printed for F.S. Crofts,,1,eng
/works/OL110971W,1945,Jorge Luis Borges,Ficciones,Anthony Bonner (Translator),Bristol Classical Press,Anachronisms; speculative fiction; subjective idealism; duodecimals; aneurysms; adjectives; hermeticism; philanthropy; cabala; persecution,78,spa; ita; fre; por; eng
/works/OL38699922W,1945,Marcus Tullius Cicero,Tusculan disputations,,Harvard University Press,,2,eng; und; lat
/works/OL442041W,1945,Ovid,Myths of Ovid,,The Nugget Press,Poetry; Mythology; Metamorphosis; Latin Fables; Classical Mythology; Translations into English,1,eng
/works/OL4605995W,1945,Perley Oakland Place,In the world of the Romans,,American book company,Latin language; Latin literature; Manners and customs; Readers; Translations into English,1,lat
/works/OL546916W,1945,Thomas Aquinas,Basic writings of Saint Thomas Aquinas,,Hackett Pub.,Catholic Church; Doctrines; Doctrinal Theology; Theology; Early works to 1800; Collected works; History; Middle Ages; Ouvrages avant 1800; Homme (Théologie chrétienne),7,eng
/works/OL27771516W,1945,Thomas Aquinas,Saint Thomas Aquinas O.P. explains Our Lady's feasts,,College Book Co.,,1,eng
/works/OL137799W,1946,Augustine of Hippo,The first catechetical instruction,,Newman Bookshop,Catechetics,2,eng
/works/OL29263376W,1946,Augustine of Hippo,The first catechetical instruction <De catechizandis rudibus> translated and annotated,,The Newman bookshop,Catechetics,1,eng
/works/OL35293167W,1946,Diodorus of Sicily,The Loeb Classical Library,,William Heinemann,,1,
/works/OL33053320W,1946,Francis Bacon,Essays of Bacon,,Fine Editions Press,English essays,1,eng
/works/OL498623W,1946,Franz Kafka,Short stories,Joachim Neugroschel (Translator),Penguin,"Austrian Short stories; Criticism and interpretation; Fiction; German language edition; Literature; Metamorphosis; Translations into English; Continental european fiction (fictional works by one author); Fiction, short stories (single author); German Short stories",45,eng; ger; rus; cze; ukr; hin; heb
/works/OL394399W,1946,Gaius Valerius Catullus,Selections from the poems,,Allen and Unwin,,1,eng
/works/OL43267647W,1946,Lucretius,Lucretius On The Nature Of Things (Classic Club),,Clarendon Press,,1,eng
/works/OL1313846W,1946,Sextus Propertius,"Elegies, book 1",,Cambridge University Press,"Propertius, sextus; Latin poetry, translations into english; Elegiac poetry",3,eng; lat
/works/OL1236443W,1946,Sister M. Thomas Aquinas Carroll,The Venerable Bede,,Catholic University of America Press,Lord's prayer,4,eng
/works/OL12381861W,1946,"Tate, Robert William Sir",Carmina Dublinensia,,"Hodges, Figgis & Co., ltd",Latin poetry; Translations into Latin; English poetry; Translations from English,2,grc; lat; eng
/works/OL19804885W,1946,Thomas Aquinas,Commentary of St. Thomas Aquinas on Aristotle's Treatise on the soul. Tanslated by R.A. Kocourek.,,College of St. Thomas,De Anima; Soul; Psychology; Early works to 1850,1,eng
/works/OL546797W,1946,Thomas Aquinas,The Trinity And The Unicity Of The Intellect,Rose Emmanuella Brennan (Translator),B. Herder book co.,Intellect; Trinity; Early works to 1800,3,eng
/works/OL27292338W,1946,Όμηρος,The Iliad,,Standard Ebooks,"Classical literature; Epic poetry, Greek -- Translations into English; Achilles (Mythological character); Trojan War",18,eng
/works/OL26446888W,1946,Όμηρος,The Odyssey,,"Buccaneer Books, Incorporated",Greek Epic poetry; Translations into English; Poetry; Classical Epic poetry; Translations,118,eng
/works/OL43214539W,1947,Apuleius,The golden asse;,,J. Westhouse,,1,eng
/works/OL137830W,1947,Augustine of Hippo,De immortalitate animae,,Fathers of the Church,Theology; History,3,eng
/works/OL10727070W,1947,Augustine of Hippo,"Faith, hope and charity",,Newman Bookshop,Theology; History; Early works to 1800,2,eng
/works/OL7982558W,1947,Augustine of Hippo,Fathers of the Church,John W. Rettig (Translator),Catholic University of America Press,"Early works to 1800; Trinity; Early Christian literature; Catholic church; Religious education, teacher training; Letters; Religious ethics; Augustine, saint, bishop of hippo, 354-430; Christian education; Manichaeism",12,eng
/works/OL15055624W,1947,Augustine of Hippo,"Like as the hart, being his Enarratio Super Psalmum 41 translated by an unknown sixteenth century writer",,Blackfriars Publications,Commentaries; Bible,1,eng
/works/OL43157281W,1947,Augustine of Hippo,"The Confessions of Saint Augustine / translated by E.B. Pusey, DD ; Illustrated by Valenti Angelo",,Peter Pauper Press,,1,eng
/works/OL13688304W,1947,Augustine of Hippo,"The immortality of the soul, The magnitude of the soul, On music, The advantage of believing, On faith in things unseen",,Catholic University of America Press,Latin Sermons; Translations into English; Theology; Early works to 1800; History,4,eng
/works/OL15402715W,1947,Augustine of Hippo,Writings of Saint Augustine Volume 2. St. Augustine,,Catholic University of America Press,Immortality; Soul,1,eng
/works/OL7699093W,1947,Charles Theophilus Murphy,Greek and Roman classics in translation,,"Longmans, Green",Classical literature; English literature; Literary collections; Translations; Translations from classical literature; Translations into English,4,eng
/works/OL11972650W,1947,Father Bede Lebbe,The Eucharist,,Liturgical Press,Lord's Supper; Catholic Church,1,eng
/works/OL11972652W,1947,Father Bede Lebbe,"The Mass, a historical commentary",,Browne and Nolan,Lord's Supper; Mass; Catholic Church,2,eng
/works/OL43303764W,1947,Lucretius,Philosophers Of Science,,Carlton House,NATURAL SCIENCES; Generalities about the pure sciences; Generalities about the pure sciences. Mathematical sciences in the broad sense,1,eng
/works/OL2241443W,1947,Marcus Valerius Martialis,"Epigrams, with an English translation",,Harvard Univ. Pr.,Epigrams,1,eng
/works/OL38747365W,1947,Pliny the Younger,Selections from the letters,,Allen & Unwin,,1,eng
/works/OL24443357W,1947,Publius Vergilius Maro,The singing farmer,,Blackwell,Latin Pastoral poetry; Translations into English; Country life; Poetry,1,eng
/works/OL22286981W,1947,Saint Albertus Magnus,Of cleaving to God,,A. R. Mowbray,Catholic authors; Christian life,2,und; lat; eng
/works/OL1339230W,1947,Tertullian,De anima,,BRILL,Early works to 1800; Soul; Apologetics; History,4,eng; lat
/works/OL20549561W,1947,Thomas Aquinas,De principiis naturae,,St. Louis University,,1,eng
/works/OL27771160W,1947,Thomas Aquinas,On searching into God,,Oxonian Press,Trinity; Early works to 1800,1,eng
/works/OL546795W,1947,Thomas Aquinas,"Treatise on law (Summa theologica, questions 90-97)",,Great Books Foundation,Philosophy; Law; Natural law; Doctrinal works; Catholic church,3,eng
/works/OL44252155W,1947,Thomas Aquinas; Vernon J. Bourke; R. J. Henle,De principiis naturae,,Saint Louis Univ.,Philosophy of nature,1,lat; eng
/works/OL1090106W,1947,Thomas More,Correspondence,,University Press,,2,eng
/works/OL31564266W,1947,Thomas More,The Utopia of Sir Thomas More,,Van Nostrand,,4,eng
/works/OL41908497W,1947,Thomas More,The Utopia of Sir Thomas More Inculding Roper's Life of More and Letters of More and His Daughter Margaret (Classics Club),,Walter J. Black,,1,eng
/works/OL1090191W,1947,Thomas More,"The Utopia of Sir Thomas More, including Roper's Life of More, and letters of More and his daughter Margaret",,Van Nostrand,Utopias,3,eng
/works/OL1090201W,1947,Thomas More,The correspondence of Sir Thomas More,,Books for Libraries Press,"Christian martyrs; Correspondence; History; Humanists; Intellectual life; Renaissance; Sources; Statesmen; More, Thomas (1478-1535 : Sir, Saint); Thomas More",2,eng; lat
/works/OL38747170W,1947,Titus Lucretius Carus,Titi Lvcreti Cari De rervm natvra libri sex,"Bailey, Cyril, 1871-1957, editor, translator",Clarendon Press,,1,lat; eng
/works/OL44705339W,1947,Titus Lucretius Carus; Cyril Bailey,De rervm natvra libri sex,,Clarendon Press,,1,lat; eng
/works/OL38747107W,1947,Virgil,The singing farmer,"Jermyn, L. A. S., translator",B. Blackwell,,1,und; eng
/works/OL15402668W,1948,Augustine of Hippo,Fathers of the Church: St Augustine,,Catholic Univ of Amer Pr,Sermon on the mount; Latin Sermons; Translations into English; English Sermons,2,eng
/works/OL20962127W,1948,Augustine of Hippo,The happy life,,Cima Publishing Co.,Early works to 1800; Theology; Early church; History,1,eng
/works/OL67499W,1948,Cicero,Pro M. Caelio oratio,,Clarendon Press,"Speeches, addresses, etc.",5,eng; lat
/works/OL67449W,1948,Cicero,Selected works of Cicero,,Pub. for the Classics Club by W. J. Black,"Speeches, addresses; History; Latin literature; Classical literature",2,eng
/works/OL15218192W,1948,Cicero,Selections,,a new translation,,1,eng
/works/OL42517665W,1948,Cornelius Tacitus; Harold Mattingly,Tacitus on Britain and Germany,,Penguin Books,Statesmen; Biography; Germanic peoples; History,2,eng; lat
/works/OL679893W,1948,Desiderius Erasmus,Erasmus,,St. Martin's Press,"Philosophy; Philosophers; Biography; Correspondence, reminiscences",4,ger; eng
/works/OL10424926W,1948,Francis Bacon,Selected essays of Francis Bacon,,Appleton-Century-Crofts,,2,eng
/works/OL68270W,1948,Gaius Valerius Catullus,The complete poems,,Sylvan Press,"Love poetry, Latin; Translations into English; Poetry; Early works to 1800",3,eng
/works/OL186583W,1948,Harriet De Onís,The golden land,,A.A. Knopf,Folklore; Translations into English; Spanish American literature; Brazilian literature; English literature; Translations from Portuguese; Translations from Spanish; Traductions anglaises; TRADUCCIONES AL INGLES; Littérature brésilienne,3,eng
/works/OL3589255W,1948,Helen Waddell,Mediaeval Latin lyrics / by Helen Waddell. --,,Henry Holt,"English poetry; Latin poetry, Medieval and modern; Medieval and modern Latin poetry; Translations from Latin; Translations into English",2,eng
/works/OL1162133W,1948,Herbert John Clifford Grierson,Verse translation,,University Press],Translating and interpreting; Translations into English; Latin poetry,2,eng
/works/OL1162134W,1948,Herbert John Clifford Grierson,"Verse translation, with special reference to translation from latin",,Oxford Univ. Press],"Translating; Literature, Comparative; Latin and English; Translations into English; Latin poetry; History and criticism; English and Latin; Poetry; Rome in literature; Latin language",2,eng; lat
/works/OL7416772W,1948,John Rowe Workman,Arx antiqua,"Warmington, E. H. 1898- ed. and tr.",Intelligencer Print. Co.,Latin poetry; Translations into English; English poetry,1,eng
/works/OL697051W,1948,Juvenal,George Stepney's translation of the eighth satire of Juvenal,,Univ. of California Press,Latin Verse satire; Translations into English,1,eng
/works/OL1436693W,1948,Konrad Celtis,Selections,,University Press,"Latin poetry, Medieval and modern; Medieval and modern Latin poetry; Translations into English",1,eng; lat
/works/OL42784737W,1948,Leveridge Harvey; Paracelsus; John Hallan,Thick-headed horse,,Marantha,Dakota Indians; Folklore; Good and evil; Devil; Tower of Babel,1,eng
/works/OL1190475W,1948,"Lindsay, Jack",Song of a falling world,,A. Dakers,Latin poetry; History and criticism; Translations into English; Poetry; History; Civilization; In literature; Rome in literature,2,eng
/works/OL13416125W,1948,P. Cornelius Tacitus,On Britain and Germany,,Penguin,,2,eng
/works/OL10327102W,1948,P. Cornelius Tacitus,Tacitius on Britain and Germany,,Penguin Books,,1,eng
/works/OL1108304W,1948,P. Cornelius Tacitus,Tacitus on Britain and Germany,,Penguin Books,Germanic peoples,5,eng
/works/OL2578204W,1948,Petrus Alfonsi,Disciplina clericalis,,Editions Evropeiski dom,"Catholic Church; Didactic literature, Latin (Medieval and modern); Discipline; Early works to 1800; Exempla; History; Latin literature, Medieval and modern; Medieval Tales; Medieval and modern Latin literature; Monasticism and religious orders",7,lat; spa; ger; eng; fre
/works/OL19667458W,1948,Quintilian,Quintiliani Institutionis oratoriae liber XII,,Clarendon Press,Oratory; Ancient Rhetoric; Latin language materials,1,eng
/works/OL1339222W,1948,Tertullian,Adversus Praxean liber,,S.P.C.K.,,1,eng
/works/OL1339264W,1948,Tertullian,Q. Septimii Florentis Tertulliani Adversus Praxean liber =,,S.P.C.K.,Early works to 1800; Trinity,1,eng; lat
/works/OL1339295W,1948,Tertullian,Tertullian's treatise against Praxeas,,S.P.C.K.,,1,eng
/works/OL21173832W,1948,Tertullian,Treatise against Praxeas,,S.P.C.K.,Early works to 1800; History of doctrines; Trinity,1,eng
/works/OL43667686W,1948,Tertullian; Ernest Evans,Adversus Praxean liber,,S.P.C.K.,Church history; Christianity; Controversial literature; Montanism; Trinity,1,eng; lat
/works/OL546805W,1948,Thomas Aquinas,An introduction to the philosophy of nature,,North Central Pub. Co.,Early works to 1800; Physics; Physics (Aristotle),3,eng
/works/OL546908W,1948,Thomas Aquinas,Aquinas,Ralph McInerny (Translator),Franciscans of the Immaculate,Early works to 1800; Political science; Controversial literature; Christian ethics; Criticism and interpretation; Virtues; Apologetics; Early works to 1700; Medieval Ethics; Islam,11,und; eng; mul
/works/OL546871W,1948,Thomas Aquinas,Aquinas : selected political writings,,Basil Blackwell,Political science,3,eng
/works/OL21167684W,1948,Thomas Aquinas,Introduction to Saint Thomas Aquinas,,Modern Library,Theology; History,1,eng
/works/OL546567W,1948,Thomas Aquinas,Introduction to St. Thomas Aquinas,,Modern Library,Doctrines; Groupes de travail; Schepping; God; Théologie; Theology; Natuurrecht; Philosophie; Early works to 1800; Doctrinal Theology,1,eng
/works/OL546922W,1948,Thomas Aquinas,Selected political writings,,Blackwell,Political science; Justice; Early works to 1800; Philosophy; Law,12,lat; eng
/works/OL546827W,1948,Thomas Aquinas,The human wisdom of St. Thomas,"MacLaren, Drostan, tr.",Sheed and Ward,"Philosophy; Medieval Philosophy; Thomas, aquinas, saint, 1225?-1274; Religion, philosophy",4,eng
/works/OL21246432M,1949,,Goliard poets,,New Directions,"Latin poetry, Medieval and modern -- Translations into English.; Goliards.",1,lat
/works/OL961502W,1949,Aurelius Clemens Prudentius,Prudentius,H. J. Thomson (Translator),Heinemann,"Early Christian poetry; Apologetics; Early works to 1800; Theology; Literature, history and criticism; Translations into English; Latin Christian poetry; Latin Hymns",8,lat; eng; mul
/works/OL10434547W,1949,Cicero,De inventione. De optimo genere oratorum. Topica,,Heinemann,,3,eng; lat
/works/OL13261622W,1949,Francis R. B. Godolphin,The Latin poets,,Modern Library,Latin poetry; Translations into English; English poetry,1,eng
/works/OL17955153W,1949,Francis Richard Borroum Godolphin,The Latin poets,,Modern Library,Translations from Latin; Translations into English; English poetry; Latin poetry,1,eng
/works/OL18383102W,1949,George Frisbie Whicher,The Goliard poets,,New Direction,Goliards; Translations into English; Medieval and modern Latin poetry; English poetry; Translations from Latin,1,
/works/OL1162118W,1949,Herbert John Clifford Grierson,The flute,,Oliver and Boyd,Translations into English; Dutch poetry,1,dut; fre; lat; eng
/works/OL38741244W,1949,John Grosvenor Barrington-Ward,Some Oxford compositions,,Clarendon Press,English literature; Translations; Classical literature; Translations into Latin; Translations into Greek,1,eng; lat; gre
/works/OL3029652W,1949,Lactantius,Epitome Institutionum divinarum,,S.P.C.K.,Theology; History; Apologetics; Early works to 1800,2,eng; lat
/works/OL1443194W,1949,Paracelsus,Volumen medicinae paramirum,"Leidecker, Kurt F. 1902- tr.",Johns Hopkins Press,Medicine; Early works to 1800,1,eng
/works/OL1443195W,1949,Paracelsus,Volumen medicinae paramirum of Theophrastus von Hohenheim called Paracelsus,,Johns Hopkins Press,Medicine; Early works to 1800,1,eng
/works/OL21519583W,1949,Plautus; Nicholas Moseley; Mason Hammond,Menaechmi,,Cambridge University Press,Drama (dramatic works by one author),5,eng
/works/OL2739641W,1949,Pope Gregory I,Life and miracles of St. Benedict (Book two of the Dialogues),"Zimmermann, Odo John, 1906- tr.",St. John's Abbey Press,Knowledge; Biology,1,eng; ger
/works/OL19663290W,1949,R. C. Trevelyan,Translations from Latin poetry,,Allen and Unwin,Latin poetry; Translations into English; English poetry; Italian poetry,1,eng
/works/OL1290168W,1949,Reginald Horace Blyth,Haiku,,Kamakura Bunko,Translations into English; Haiku; English poetry; Japanese poetry; Translations from Japanese,10,eng; jpn
/works/OL35308735W,1949,St. Thomas Aquinas. Mary C. Fitzpatrick and John J. Wellmuth (Translation and I,St. Thomas Aquinas. On Spiritual Creatures (De Spiritualibus Creaturis),,Marquette University Press,,1,eng
/works/OL11758719W,1949,Thomas Aquinas,How to study,"White, Victor,O.P.,Translator.",Blackfriars,Study skills; Saint Thomas Aquinas Philosophy; History,5,eng
/works/OL20542685W,1949,Thomas Aquinas,Of the teacher,,Published by H. Regnery for the Great Books Foundation,Theory of Knowledge; Teaching,1,eng
/works/OL546879W,1949,Thomas Aquinas,On kingship,,Pontifical Institute of Mediaeval Studies,"Kings and rulers; Duties; Political science; Philosophy, medieval; Political science, history, sources; Early works to 1800; Rois et souverains; Devoirs; Science politique; Politieke filosofie",4,eng
/works/OL20548880W,1949,Thomas Aquinas,"On kingship, to the King of Cypress",,The Pontifical Institute of Mediaeval Studies,Kings and rulers; Political science; Duties,1,eng
/works/OL546880W,1949,Thomas Aquinas,"On kingship, to the King of Cyprus","Phelan, G. B. 1892-1965, tr.",Pontifical Inst of Medieval,Kings and rulers; Political science; Duties; Monarchy; Early works to 1800; Medieval Philosophy,5,eng
/works/OL546627W,1949,Thomas Aquinas,On spiritual creatures,,Marquette University Press,Angels; Spiritualism,2,eng
/works/OL546851W,1949,Thomas Aquinas,Saint Thomas Aquinas,,Printed by W. & J. Mackay & Co. for the members of the Limited Editions Club.,Philosophy; Angels; Soul,3,eng
/works/OL546896W,1949,Thomas Aquinas,The soul,"Rowan, John Patrick, tr.",B. Herder Book Co.,Soul; Early works to 1800; Christianity; Immortality,5,eng
/works/OL654090W,1949,Thomas Hobbes,De cive,,Greenwood Press,"Natural law; Political science; Authority; Early works to 1800; Early works to 1700; Liberty; Latin literature, translations into english; Philosophy, modern, 17th century; Consciousness; Psychological Models",13,lat; ger; eng; spa
/works/OL1090208W,1949,Thomas More,"A letter from Sir Thomas More to Conrad Goclenius, London (c. November 1522)",,The Golden Hind Press,,2,eng
/works/OL1548629W,1949,Titus Lucretius Carus,"On the nature of things, books I-IV",,H. Regnery Co. for the Great Books Foundation,,1,eng
/works/OL481350W,1949,Titus Maccius Plautus,Plautus for beginners,,Washington Univ.,,1,eng
/works/OL38775716W,1949,Virgil,The pastoral poems,,Penguin,,1,eng
/works/OL43051254W,1949,t.e. page,the loeb classical library,,Heinemann,,1,eng
/works/OL7446682W,1950,Alfred William Hesse,"Nicholas Rowe's translation of Lucan's Pharsalia, 1703-1718",,,Translations into English; Knowledge; Literature and the war; History and criticism; Latin language; Latin Epic poetry; Translating into English; Language and languages; History,1,eng
/works/OL43214560W,1950,Apuleius,The Golden Ass Trans. Robert Graves,,Penguin Classics,,1,eng
/works/OL15055695W,1950,Augustine of Hippo,Saint Augustine's De fide rerum qua non videntur,,Catholic University of America Press,Faith,1,eng
/works/OL15055486W,1950,Augustine of Hippo,The city of God by,,Modern Library,Apologetics; Kingdom of God; History,1,eng
/works/OL7451596W,1950,Bede Babo,Our Catholic heritage,,Benziger,Catholic Church; History,1,eng
/works/OL43785933W,1950,Desiderius Erasmus,Peace protests!,,,,1,eng
/works/OL1150520W,1950,Gaius Julius Caesar,"Gallic War, book VI",,The University Press,,1,eng
/works/OL12811318W,1950,Lactantius,Firmiani Lactantii epitome Institutionum Divinarum,,S.P.C.K.,Apologetics; Early works to 1800,2,lat; eng
/works/OL38747516W,1950,Lucan,M. Annaei Lucani Belli civilis libri decem,,Harvard University Press,History,1,eng
/works/OL43035731W,1950,Lucius Apuleius,Apuleius The Golden Ass,,Penguin Books,,1,eng
/works/OL37526592W,1950,Lucius Apuleius,The transformations of Lucius,,Penguin Classics,,1,eng
/works/OL39994793W,1950,Lucretius,On the Nature of Things,,Oxford University Press,,4,eng
/works/OL43295504W,1950,Lucretius,On the Nature of Things OXFORD Edition,,Oxford,,1,eng
/works/OL38746739W,1950,P. Papinius Statius,Selected Silvae,,publisher not identified,,1,eng
/works/OL1516421W,1950,Pan American Union.,Literature in Latin America,,,Spanish American literature; Translations into English,1,spa; eng
/works/OL503897W,1950,Petronius,The Cena Trimalchionis of Petronius,,Oxford University Press,"Problems, exercises; Latin Inscriptions; Humor; Readers; Latin Satire; Latin language",2,eng; lat
/works/OL15155416W,1950,Publius Vergilius Maro,Virgil's works.,"Mackail, J. W. 1859-1945, tr.",Modern Library,Tales; Rome; Legends; Translations into English; Latin literature; Poetry,1,eng
/works/OL10702977W,1950,Publius Vergilius Maro,"Virgil's works: The Aeneid, Eclogues, Georgics",,Modern Library,,1,eng
/works/OL15237433W,1950,Publius Vergilius Maro,"Works: The Aeneid, Eclogues, Georgics",,Modern Library,,1,eng
/works/OL35301014W,1950,St. Augustine,"St. Augustine Against the Academics (Ancient Christian Writers: The Works of the Fathers in Translation, No. 12)",,Newman Press,,1,eng
/works/OL27381407W,1950,Tertullian,Apologetical Works; Octavius,,Catholic University of America Press,,1,eng
/works/OL1339322W,1950,Tertullian,Apologetical works,,Fathers of the Church,History; Apologetics; Theology; Early works to 1800,4,eng
/works/OL1339286W,1950,Tertullian,Tertullian: Apologetical works,,"Fathers of the Church, inc.",Apologetics; Theology; Early works to 1800; Early church; History,1,eng
/works/OL546892W,1950,Thomas Aquinas,Contra gentiles,,Lethielleux,Apologetics; History,4,eng; lat; fre
/works/OL33886862W,1950,Thomas Aquinas,Middle High German Translation of the Summa Theologica ; Edited with a Latin-German and a German-Latin Glossary by Bayard Quincy Morgan and Friedrich Wilhelm Strothmann,,Stanford Calif. Stanford University Press,,1,eng
/works/OL546841W,1950,Thomas Aquinas,Middle High German translation of the Summa theologica,,Stanford University Press,Catholic Church; Doctrines; Controversial literature; Early works to 1800; Doctrinal Theology; Christendom,2,gmh; ger; eng; lat
/works/OL546895W,1950,Thomas Aquinas,Selected writings of St. Thomas Aquinas,,Prentice Hall,Catholic Church; Theology; Philosophy; History,5,eng
/works/OL20970838W,1950,Thomas Aquinas,Sermon matter from St. Thomas Aquinas on the Epistles and Gospels of the Sundays and feast days,,Herder,Commentaries; Bible,1,eng
/works/OL29275338W,1950,Thomas Aquinas,The Religious state,,Newman Press,Perfection; Catholic Church; Clergy; Religious life; Bishops,1,eng
/works/OL11830781W,1950,Thomas More,The life of Syr Thomas More,,Pub. for the Early English text society by Geoffrey Cumberlege,,1,eng
/works/OL1090215W,1950,Thomas More,The supplication of souls,,Newman Press,Early works to 1800; Purgatory; Doctrines; Catholic authors; Doctrinal and controversial works; Catholic Church; Controversial literature,2,eng
/works/OL481420W,1950,Titus Maccius Plautus,Plautus with an English translation,,Harvard University Press,,2,eng
/works/OL34599686W,1950,Translated by J.E. King Cicero,Cicero's Tusculan Disputations [Loeb Classical Library],,Harvard University Press,,1,eng
/works/OL33820312W,1950,Translated by J.W. MacKail,"Virgil's Works - The Aeneid, Eclogues and Georgics",,The Modern Library,,1,
/works/OL22292637W,1950,Willis Knapp Jones,Latin America through drama in English,,"Division of Philosophy, Letters and Sciences, Pan America Union",Latin American literature; Latin American drama; Translations into English; Bibliography; American drama,1,eng
/works/OL39323946W,1951,,Petronius & Seneca Apocolocyntosis (Loeb Classical Library),,Harvard,,1,
/works/OL1230611W,1951,Albert Camus,L'exil et le royaume,"O'Brien, Justin, 1906-1968, translator",Editorial Losada,French language materials; Foreign languages; French; Manners and customs; Fiction; French literature; CUENTOS FRANCESES; Translations into English; Short stories; German Short stories,68,spa; cat; eng; und; fre
/works/OL137792W,1951,Augustine of Hippo,Against the academics,"O'Meara, John Joseph, ed. and tr.",Newman Press,Controversial literature; Skepticism,2,eng
/works/OL137841W,1951,Augustine of Hippo,Commentary on the Lord's Sermon on the Mount,"Kavanagh, Denis Joseph, 1886- tr.",Catholic University of America Press,"Sermon on the mount; Latin Sermons; Translations into English; English Sermons; Translations from Latin; Sermons; Early works to 1800; Criticism, interpretation",4,eng
/works/OL13312385W,1951,Augustine of Hippo,"Commentary on the Lord's sermon on the Mount, with Seventeen related sermons",,Catholic University of America Press,"Latin Sermons; Sermon on the mount; Sermons, Latin; Translations into English; English Sermons; Translations from Latin",1,lat; eng
/works/OL10726945W,1951,Augustine of Hippo,De utilitate ieiunii,,Catholic University of America Press,Fasting,1,eng
/works/OL8242392W,1951,Augustine of Hippo,Fathers of the Church: Saint Augustine,Robert B. Eno (Translator),Catholic University of America Press,"Bibliography; Christianity, early church, ca. 30-600; Christian literature, early; Apologetics, history, early church, ca. 30-600; Kingdom of god; Religion, philosophy",6,eng
/works/OL6916361W,1951,Basil Davenport,The portable Roman reader,,Penguin Books,"Latin literature; Literary collections; Translations into English; Translations from Latin; English literature; Latin literature, translations into english",5,eng
/works/OL67505W,1951,Cicero,The basic works of Cicero,,Modern Library,"Translations into English; Latin literature; Civilization; Speeches, addresses, etc., Latin; Ancient Oratory; Philosophy, ancient",5,eng
/works/OL31481118W,1951,Cornelius Tacitus,Tacitus on Britain and Germany,,Penguin Books,,1,eng
/works/OL679894W,1951,Desiderius Erasmus,Erasmus and his times,,Bristol Classical Press,"Problems, exercises; Correspondence; Medieval and modern Latin letters; Authors, Latin (Medieval and modern); Readers; Medieval and modern Latin language; Erasmus, desiderius, -1536",3,mul; eng
/works/OL10509617W,1951,Gaius Julius Caesar,The Conquest of Gaul,,Penguin Books,"Roman Empire; Rome; Latin literature; Military art and science, early works to 1800; History; Ancient Military history",2,eng
/works/OL7454819W,1951,"Garvey, Albertus Magnus, Sister.",A vocabulary and concept study of recent primary readers,,George Peabody College for Teachers.,History and criticism; Readers (Primary),1,eng
/works/OL27118164W,1951,Giovanni Pico della Mirandola; Sebastian Michael,Oration on the Dignity of Man,,CreateSpace Independent Publishing Platform,Philosophy,4,eng
/works/OL10750938W,1951,Jérome Carcopino,"Cicero, the secrets of his correspondence",,Yale University Press,"Authors, Latin; Correspondence; History and criticism; Latin Authors; Latin letters; Statesmen",4,eng; fre
/works/OL3029646W,1951,Lactantius,Selections from Lactanitius,,Eerdmans,Apologetics; Readers; Latin language; Religion; Early works to 1800; History,1,eng
/works/OL19683493W,1951,Paracelsus,Selected writings,,Routledge & Kegan Paul,Philosophy; Medicine,2,eng
/works/OL26048706W,1951,Paracelsus; Jolande Jacobi; Norbert Guterman,Paracelsus,,Pantheon Books,,2,eng
/works/OL24301593W,1951,Publius Cornelius Tacitus,The histories,,W. Heinemann,Zgodovina,1,eng
/works/OL38747397W,1951,Quintilian,Institutio oratoria of Marcus Fabius Quintilianus,,Printed for George Peabody College for Teachers,Ancient Rhetoric,1,lat; mul; eng
/works/OL35298336W,1951,SAINT AUGUSTINE,"Commentary on the Lord's Sermon on the Mount with Seventeen Related Sermons [The Fathers of the Church. A New Translation, No. 11]",,"Fathers of the Church, Inc.",,1,eng
/works/OL1339330W,1951,Tertullian,Treatises on marriage and remarriage,,Newman Press,Marriage; Catholic Church; Chastity; Religious aspects of Marriage; Religious aspects,4,eng
/works/OL1339304W,1951,Tertullian,"Treatises on marriage and remarriage: To his wife, An exhortation to chastity, Monogamy",,Newman Press,Marriage; Catholic Church; Chastity; Religious aspects; Christianity; Early works to 1800,1,eng; lat
/works/OL12995028W,1951,Tertullian,"Treatises on marriageand remarriage: To his wife, An exhortation to chastity, Monogamy",,Newman Press,Marriage; Catholic Church; Chastity; Early works to 1800; Remarriage; Catholic church,1,eng
/works/OL546431W,1951,Thomas Aquinas,Aristotle's De anima in the version of William of Moerbeke and the commentary of St. ThomasAquinas,,Routledge and Kegan Paul,,1,eng
/works/OL20944788W,1951,Thomas Aquinas,Meditations for every day,,Long's College Book Co.,Meditations; Calendars,1,eng
/works/OL546618W,1951,Thomas Aquinas,"On Aristotle' Love and friendship, Ethics, books, 8-9",,Providence College Press,,1,eng
/works/OL546619W,1951,Thomas Aquinas,On Aristotle's love and friendship,,Providence College Press,Early works to 1800; Criticism and interpretation; Ethics; Love; Friendship,1,eng
/works/OL546635W,1951,Thomas Aquinas,"On the virtues, in genera",,Providence College Press,Virtue,1,eng
/works/OL546636W,1951,Thomas Aquinas,"On the virtues, in general",,Providence College Press,Virtue; Ouvrages avant 1800; Vertus,1,eng; lat
/works/OL546918W,1951,Thomas Aquinas,Philosophical texts,,Oxford University press,"Philosophy; Medieval Philosophy; Thomas, Aquinas, Saint, 1225?-1274; Saints",8,eng
/works/OL546657W,1951,Thomas Aquinas,Philosophical texts; selected and translated with notes and an introd,,Oxford University Press,Philosophy; Philosophie médiévale,1,eng
/works/OL546742W,1951,Thomas Aquinas,St. Thomas Aquinas on the virtues (in general),,Providence College Press,Virtue; Virtues,1,eng
/works/OL546739W,1951,Thomas Aquinas,"St. Thomas Aquinas, on Aristotle's Love and friendship",,Providence College Press,Ethics,1,eng
/works/OL546869W,1951,Thomas Aquinas,The wisdom of Thomas Aquinas,,Peter Pauper Press,Catholic Church; Doctrines; Apologetics; Early works to 1800; Controversial literature; History,2,eng
/works/OL1090152W,1951,Thomas More,More's Utopia and A dialogue of comfort,,Dent,Utopias,2,eng
/works/OL42971039W,1951,Virgil; Rolfe Humphries,The Aeneid of Vergil,,Scribner,,1,eng
/works/OL43118082W,1951,st. thomas more ,dialogue of comfort against tribulation,,sheed and ward ltd.,,1,eng
/works/OL8242389W,1952,Augustine of Hippo,Saint Augustine,,Catholic University of America Press,"Marriage, biblical teaching; Kingdom of god; Apologetics, history, early church, ca. 30-600",2,eng
/works/OL15055758W,1952,Augustine of Hippo,Sermons for Christmas and Epiphany,"Lawler, Thomas Comerford, ed. and tr.",Newman Press,Latin Sermons; Translations into English; Christmas sermons; English Sermons; Translations,1,eng
/works/OL137839W,1952,Augustine of Hippo,Treatises on various subjects,,Catholic University of America Press,Theology; Early works to 1800; History,3,lat; eng
/works/OL43226692W,1952,C.E. Bennett,Horace the odes and epodes,,William Heinemann Ltd,,1,eng
/works/OL67521W,1952,Cicero,Pro Caelio,J.H. Freese (Translator),Clarendon Press,"Speeches, addresses, etc., Latin; Politics and government; Translations into Italian; Speeches, addresses, etc.; Latin literature, history and criticism",12,eng; mul; lat; ita
/works/OL44691387W,1952,Cicero; W. Glynn Williams,Letters to his friends,,Harvard University Press,Latin Authors; Correspondence,1,eng; lat
/works/OL69380W,1952,Francis Bacon,Advancement of learning ; Novum organum ; New Atlantis,,Franklin Library,Early works to 1800; Science; Methodology; Logic; Utopias; Induction (Logic),5,eng
/works/OL10307025W,1952,Gaius Julius Caesar,"Gallic war, books 2 & 3",,Methuen,History,1,eng
/works/OL10327116W,1952,P. Cornelius Tacitus,Histories; books I & II,,Methuen,,4,eng; lat
/works/OL31217129W,1952,P. Cornelius Tacitus,The Annals & The Histories (Britannica Great Books),,Encyclopedia Britannica,,1,eng
/works/OL42983379W,1952,P. Cornelius Tacitus,The Annals And The Histories,,William Benton,,2,eng
/works/OL1108279W,1952,P. Cornelius Tacitus,The reign of Nero,,Folio Society,History,2,eng
/works/OL44035877W,1952,P. Cornelius Tacitus; Andrew Leicester Irvine,"Histories, books I & II",,Methuen,,1,eng
/works/OL43444329W,1952,Quintilian; David M. Gaunt,M. Fabii Quintiliani institutio oratoria,,W. Heinemann,,2,lat; eng
/works/OL42983387W,1952,Robert Maynard;  Tacitus P. Cornelius;  Editor-in-chief - Hutchins,"The Annals And The Histories - Great Books Of The Western World, Volume 15",,Encyclopaedia Britannica,,1,eng
/works/OL4188238W,1952,Ryūnosuke Akutagawa,Rashomon and other stories,Jay Rubin (Translator),Hara Pub. Co.,"Fiction; Social life and customs; Addresses, essays, lectures; Rashomon. [Motion picture]; Rashōmon (Motion picture); Motion pictures; Translations into English; Fiction, short stories (single author); Akutagawa, ryūnosuke , 1892-1927; Pl801.k8 a2 2006",96,spa; ita; ger; fre; rus; jpn; por; und; eng
/works/OL10691398W,1952,"Saint Ambrose, Bishop of Milan","""The  ""Explanatio symboli ad initiandos""",,Univ. Press,,1,eng
/works/OL523969W,1952,"Saint Ambrose, Bishop of Milan",The Explanatio symboli ad initiandos,,Kraus Reprint,Apostles' Creed; Early works to 1800,2,eng; lat
/works/OL15164672W,1952,Samuel Beckett,En attendant Godot,"Shamir, Moshe, 1921- tr.",Random House Inc (P),"French drama; Translations into English; Translations from French; English drama; Notebooks, sketchbooks; German drama; Translations into German; Textual Criticism; French literature; Tramps",76,spa; ger; fre; nah; heb; eng
/works/OL20972838W,1952,Socrates Scholasticus,Church histories [of] Socrates [and] Sozomenus,"Hartranft, Chester David, 1839-1914, translator",Eerdmans,Primitive and early church; Church history,1,eng
/works/OL15390507W,1952,Thomas Aquinas,Great books of the Western World,,Encyclopaedia Britannica,Indexes; Literature; Collections; Obras Gerais; Literatura,1,eng
/works/OL15314555W,1952,Thomas Aquinas,The summa theologica of Saint Thomas Aquinas,,Editiones Paulinae,Early works to 1800; Catholic Church; Doctrines; Doctrinal Theology,5,eng; und
/works/OL29272679W,1952,Thomas Aquinas,Truth,,Sine nomine,Theory of Knowledge,1,eng
/works/OL43285858W,1952,h. rackham ,Natural History; with an English Translation. Volume IX,,william heinemann ltd,,1,eng
/works/OL16225224W,1953,Adolphus William Ward,The Cambridge history of english literature,,The University press,Translations into English; English literature; Translations; Medieval and modern Latin literature,1,eng
/works/OL15686505W,1953,Augustine of Hippo,Augustine: earlier writings,,Westminster Press,Early works to 1800; Theology,2,eng
/works/OL17979015W,1953,Augustine of Hippo,Earlier writings,,SCM Press,Theology,1,eng
/works/OL17979096W,1953,Augustine of Hippo,"Enchiridion, or, Manual to Laurentius concerning faith, hope, and charity",,S.P.C.K.,Theology,1,eng
/works/OL15055687W,1953,Augustine of Hippo,Saint Augustine Confessions (Fathers of the Church A New Translation Volume 21),,Catholic University of America Press,Confession,1,eng
/works/OL15055755W,1953,Augustine of Hippo,"Select letters, with an English translation",,W. Heineman,Early Christian literature,1,eng
/works/OL20148878W,1953,Augustine; Sarah Ruden,Confessions,,Liveright,"Augustine, saint, bishop of hippo, 354-430; Saints, biography; Saints; Africa, biography; Confession; Christianity, philosophy; Christianity; Christian saints; Biography; Bishops",7,eng
/works/OL19330301W,1953,Aurelius Clemens Prudentius,Works: v. 2 (Loeb Classical Library),,William Heinemann Ltd,,1,
/works/OL36887547W,1953,B. O. (trans) Foster,"Livy (Vol. III of XIV volumes) Books V, VI and VII (Loeb Classical Library)",,Heinemann Putnam Ltd.,,1,
/works/OL31387084W,1953,C. A.;  J. H. Vince Vince,"Demosthenes II De Corona and De Falsa Legatione XVIII, XIX  (Loeb Classical Library)",,Harvard University Press,,1,
/works/OL44692404W,1953,Cicero; E. O. Winstedt,Letters to Atticus,,Harvard University Press,,1,eng; lat
/works/OL16042098W,1953,Desiderius Erasmus,"Moriae encomium, or, The praise of folly",,"Printed by Joh. Enschedé en Zonen, Haarlem, for the Heritage Press",Folly,1,eng
/works/OL679875W,1953,Desiderius Erasmus,"Moriae encomium; or, The praise of folly",,"Printed by Joh. Enschedé en Zonen, Haarlem, for the Heritage Press",Folly,2,eng
/works/OL20107793W,1953,"E.H., edited and translated by Warmington","Remains of Old Latin, Volume 4: Archaic Inscriptions (The Loeb Classical Library)",,Harvard University Press,,1,
/works/OL10509602W,1953,Gaius Julius Caesar,Caesar's war commentaries,,Dent,,1,eng
/works/OL10307091W,1953,Gaius Julius Caesar,War commentaries,,Everyman paperback,"History; Rome Civil War, 49-45 B.C.",4,lat; eng
/works/OL1731074W,1953,Juan Rulfo,El llano en llamas,George D. Schade (Translator),Catedra,Spanish language books; Latin American fiction; Latin American literature; Short stories; Continental european fiction (fictional works by one author); Spanish language materials; Cuentos mexicanos; Social life and customs; Translations into English; Fiction,52,spa; ger; fre; por; eng; heb; gre
/works/OL27769555W,1953,"More, Thomas Saint",The Latin epigrams of Thomas More,,University of Chicago Press,Latin Epigrams,1,eng
/works/OL442132W,1953,Ovid,P. Ovidi Nasonis Metamorphoseon,,Cambridge University Press,,2,eng
/works/OL7505646W,1953,Percival Robert Brinton,A gathering of fragments,,,English poetry; Medieval and modern Latin poetry; Translations into Latin,1,eng
/works/OL2830732W,1953,"Peter Chrysologus, Saint, Archbishop of Ravenna",Saint Peter Chrysologus,,Catholic University of America Press,"Early Christian Sermons; Latin Sermons; Sermons, Early Christian; Sermons, Latin; Translations into English; Translations from Latin; English Sermons; Theology; History",3,eng
/works/OL21052815W,1953,Peter E. Knox; J. C. McKeown,Oxford Anthology of Roman Literature,,"Oxford University Press, Incorporated","Latin literature, translations into english; Latin literature, history and criticism; Translations into English; Latin literature; History and criticism",2,eng
/works/OL31497864W,1953,Petronius Arbiter,The Satyricon of Petronius,,Spearman & Calder,Latin Satire; Translations into English; History and criticism,2,eng
/works/OL38753952W,1953,Pliny the Younger,"Pliny, Letters",,Harvard University Press,,1,eng
/works/OL38779998W,1953,Quintilian,The Institutio oratoria of Quintilian in four volumes,,W. Heinemann,,1,eng; lat
/works/OL1097451W,1953,Roger Bacon,Moralis philosophia,,In AEdibus Thesauri Mundi,"Philosophy, Medieval; Ethics; Medieval Philosophy",3,eng; ita; lat
/works/OL27286566W,1953,Saint Albertus Magnus,Postilla Super Isaiam. Postillae Super Jeremiam Et Postillae Super Ezechm,,Aschendorff Verlag,,2,eng
/works/OL15222828W,1953,Seneca the Younger,Ad Lucillum epistulae morales,,Heinemann,Moral education..,1,eng
/works/OL102266W,1953,Seneca the Younger,L. Annæus Seneca's Troas,"Talbot, James, d. 1708, tr.","Printed for Jacob Tonson, at the Judges-Head in Chancery-lane,near Fleetstreet",Drama; Trojan War; Andromache (Legendary character); Hecuba (Legendary character); Helen of Troy (Greek mythology); Cassandra (Legendary character),2,eng
/works/OL15223038W,1953,Seneca the Younger,The thyrd tragedy of L. Annaeus Seneca entituled Thebais,,,,1,eng
/works/OL102311W,1953,Seneca the Younger,Troades,"Sherburne, Edward, Sir, 1618-1702, tr.","Printed by Anne Godbid, and John Playford, for Samuel Carr, at the Kings-Head in St. Paul's church-yard",Drama; Trojan War; Andromache (Legendary character); Princesses; Hecuba (Legendary character); Queens,7,ita; eng; lat
/works/OL44204450W,1953,Seneca the Younger; Richard M. Gummere,Ad Lucilium epistulae morales,,Harvard University Press,,1,eng
/works/OL1339237W,1953,Tertullian,De oratione liber,"Evans, Ernest, b. 1889, ed. and tr.",S.P.C.K.,"Christianity; Criticism, interpretation; Early works to 1800; Lord's prayer; Prayer",3,lat
/works/OL38485240W,1953,Tertullian,Q. Septimii Florentis Tertulliani De oratione liber,,S.P.C.K.,Prayer,1,lat; eng
/works/OL15285841W,1953,Tertullian,Q. Septimii Florentis Tertulliani de oratione liber - Tertulliani de oratione liber - Tertullian's tract on the prayer,,S.P.C.K.,,1,lat
/works/OL33632261W,1953,Tertullian,Tertullian's tract on the Prayer,,S.P.C.K.,Early works to 1800; Prayer; Lord's prayer; Incarnation,1,eng; lat
/works/OL10520857W,1953,Tertullian,Tract on the Prayer,,S.P.C.K.,,1,eng
/works/OL42516992W,1953,Tertullian; T. R. Glover; Gerald Henry Rendall,Apology ; De spectaculis,,Harvard University Press,Apologetics; Early works to 1800,1,eng; lat
/works/OL546870W,1953,Thomas Aquinas,An introduction to the metaphysics of St. Thomas Aquinas,,Regnery Pub.,"Early works to 1800; Metaphysics; Filosofia escolástica; Metaphysik; Metafísica; Filosofia medieval; Filosofia cristã; Thomas, aquinas, saint, 1225?-1274; Metaphysics--early works to 1800; B765.t52 e5 1997",6,eng; lat
/works/OL546903W,1953,Thomas Aquinas,The division and methods of the sciences,,Pontifical Institute of Mediaeval Studies,"Classification of sciences; Classification of science; Boethius, -524; Sculptors; Artists; Dictionaries; British Artists",5,eng; lat
/works/OL546906W,1953,Thomas Aquinas,The political ideas of St. Thomas Aquinas,,Hafner Pub. Co,Politieke filosofie; Political and social views; Justice; Law (Philosophy); Philosophy; Contributions in political science; Droit; Political science; Law; Philosophie,7,eng
/works/OL546866W,1953,Thomas Aquinas,"The teacher, The mind (Truth, questions X, XI)",,H. Regnery,Theory of Knowledge,2,eng
/works/OL1090224W,1953,Thomas More,Latin epigrams,"Lynch, Charles Arthur, ed. and tr.",University of Chicago Press,"Epigrams, Latin; Latin Epigrams",3,eng
/works/OL1090207W,1953,Thomas More,The Latin epigrams of Thomas More,"Lynch, Charles Arthur, ed. and tr.",University of Chicago Press,"Epigrams, Latin; Latin Epigrams",2,eng
/works/OL1548635W,1953,Titus Lucretius Carus,Titi Lucreti Cari De rerum natura. Liber quintus,,Melbourne University Press,,1,eng
/works/OL43113534W,1953,litt.d. w.h.d. rouse,lucretius de rerum natura,,william heinemann ltd,,1,eng
/works/OL137791W,1954,Augustine of Hippo,Opera,,apud haeredes Iacobi Iuntae,Early works to 1800; Theology; Baptism; Manichaeism; Conduct of life,4,lat; eng; ger
/works/OL11683509W,1954,C. E. Pocknee,The French diocesan hymns and their melodies,,Faith Press,"Church of England; English Hymns; Hymns; Hymns, English; Hymns, Latin; Latin Hymns; Translations from Latin; Translations into English; Catholic Church",1,eng
/works/OL20548551W,1954,Cicero,Ad C. Herennium,"Caplan, Harry, 1896-1980, translator",Harvard Univ. Press,,1,eng
/works/OL15217475W,1954,Cicero,Ad C. Herennium ; de ratione dicendi (Rhetorica ad Herennium),,W. Heinemann,,1,eng
/works/OL15217474W,1954,Cicero; Harry Caplan,"Ad C. Herennium, de ratione dicendi",,Harvard University Press,,4,eng; lat
/works/OL585306W,1954,Giovanni Pico della Mirandola,"Le epistole ""De imitatione"" di Giovanfrancesco Pico della Mirandola e di Pietro Bembo",,L.S. Olschki,Classical literature; History and criticism,2,eng; ita
/works/OL186584W,1954,Harriet De Onís,Spanish stories and tales,,Pocket Books,"Translations into English; Short stories, Spanish; Short stories, English; Short stories, Latin American; Translations from Spanish; Short stories, Spanish American; Spanish Short stories; English Short stories; Spanish American Short stories; Latin American Short stories",4,eng; spa
/works/OL19466254W,1954,Harry Caplan,Ad C. Herennium de ratione dicendi (Rhetorica ad Herennium),,Harvard University Press,"Cicero, marcus tullius; Statesmen; Authors, latin; Speeches, addresses, etc.; Latin literature, translations into english; Ancient Rhetoric; Ancient Oratory; Rhétorique ancienne; Éloquence antique; Retorica",1,eng
/works/OL873086W,1954,Hermann Hesse,Prose works,,Aufbau-Verlag,Translations into English; Social life and customs; Fiction; German Authors; Childhood and youth; Biography; Short stories,12,ger; eng
/works/OL43295882W,1954,J.E. King,Opera Historica. With an English Translation by J.E. King. In Two Volumes (Loeb Classical Library),,William Heinemann Ltd.,,1,eng
/works/OL697130W,1954,Juvenal,"Juvenal's satires, with The satires of Persius","Warrington, John, ed. and tr.",Dutton,"Translations into English; Latin Verse satire; Juvenal; Latin literature, translations into english; Persius",2,eng
/works/OL3029665W,1954,Lactantius,De mortibus persecutorum,,ex officina Guilielmi Broedelet,Apologetics; Church history; Early works to 1800; History; Kings and rulers; Persecution; Religious aspects; Christenvervolgingen; Vroege kerk; Persécutions,13,ita; lat; spa; eng; fre
/works/OL8533308W,1954,Louis Hemon,Maria Chapdelaine,W. H. Blake (Translator),Dundurn Press,"Classic Literature; Fiction; Translations from French; Canadian fiction; Translations into English; French-Canadian fiction; Young women, fiction; Quebec (province), fiction; Fiction, general; Families",23,fre; eng
/works/OL43641477W,1954,Ovid; Christopher Marlowe; Tucker Brooke,The elegies of Ovid,,Fantasy Press,,1,eng
/works/OL10327061W,1954,P. Cornelius Tacitus,"The annals, book 14",,Methuen,,1,eng
/works/OL44433754W,1954,P. Cornelius Tacitus; E. C. Woodcock,Annals,,Methuen,,1,eng
/works/OL8396707W,1954,Publius Papinius Statius,Achilleid,,Cambridge U.P,,1,eng
/works/OL16280170W,1954,Publius Vergilius Maro,Dido and Aeneas,"Cundiff, Madeline, 1929- tr.",Erewhon,Poetry; Latin Epic poetry; Translations into English; Dido (Legendary character); Aeneas (Legendary character),2,eng
/works/OL42494985W,1954,Quintilian; R. G. Austin,Quintiliani Institutionis oratoriae liber XII,,Clarendon Press,Ancient Rhetoric; Oratory,1,lat; eng
/works/OL6716296W,1954,Richard Smith,An Elizabethan recusant house,,Sands,Catholic Church,3,eng
/works/OL894923W,1954,"Russell, Peter",Three elegies of Quintilius,,Pound Press,Latin poetry; Translations into English; English poetry; Translations from Latin,1,eng
/works/OL20541767W,1954,"Saint Ambrose, Bishop of Milan",Letters,,"Fathers of the Church, inc.",Correspondence; Christian saints; Translations into English; Latin letters; Theology; Early works to 1800; History,1,eng
/works/OL15223006W,1954,Seneca the Younger,The seconde tragedie of Seneca entituled Thyestes,,Imprinted at London in Fletestrete in the hous late Thomas Berthelettes,,1,eng
/works/OL102279W,1954,Seneca the Younger,"The sixt tragedie of the most graue and prudent author Lucius Anneus, Seneca, entituled Troas",,"Imprinted by Thomas Powell, for George Bucke",,2,eng
/works/OL15854828W,1954,T. H. White,The book of beasts,,Readers Union,"Animals in art; Illumination of books and manuscripts; Early works to 1800; Bestiarium; Animals; Folklore; Didactic literature, Latin (Medieval and modern); Translations into English; Bestiaries; Fiction, general",18,eng
/works/OL546910W,1954,Thomas Aquinas,Nature and grace,"Fairweather, A. M. ed. and tr.",Westminster Press,Catholic Church; Doctrines; Catholic Church - Doctrinal and controversial works; Controversial literature; Doctrinal and controversial works,6,eng
/works/OL546865W,1954,Thomas Aquinas,The teacher,,H. Regnery,Theory of Knowledge,2,eng
/works/OL546766W,1954,Thomas Aquinas,"The teacher (Truth, question eleven)",,H. Regenery Co.,Theory of Knowledge,1,eng
/works/OL481417W,1954,Titus Maccius Plautus,The merchant,,"Printed by J. Lister, in Little Boswell-Court; For T. Becket and P. A. de Hondt, in the Strand; R. Baldwin, in Pater-noster-Row; T. Davies, in Russell-Street, Covent-Garden; and R. Davis, at the Corner of Sackville Street, Picadilly",History; Theater,2,eng
/works/OL38775700W,1954,Titus Maccius Plautus,Three comedies of T. Maccius Plautus,"Parry, C. W., translator",Dock Leaves Press,,1,eng
/works/OL42971071W,1954,"Virgil (Lewis, C. Day Trans) (Gorey, Edward Cover Art)","Aeneid of Virgil, a New Verse Translation",,Doubleday & Co.; Anchor A20,,1,eng
/works/OL43036583W,1954,"e. capps, w.h.d. rouse, l.a. post, e.h. warmington","Virgil , with an English Translation By H. Rushton Fairclough . Vol. II. Aeneid VII-XII. The Minor poems",,harvard university press,,1,eng
/works/OL4333279W,1955,Achilles Tatius,Leucippe and Clitophon,,Oxford University Press,"Greek Love stories; Translations into English; Translations into French; Translations into German; Translations into Italian; Greek Romance fiction; Classical literature, translations into english",10,ger; lat; grc; ita; eng; fre
/works/OL3101855W,1955,Alanus de Insulis,Anticlaudianus,,Mellinger,"Epic poetry, Latin (Medieval and modern); Medieval Philosophy; Poetry; Translations into English; Philosophy, medieval; Epic poetry, latin (medieval and modern)--translations into english; Philosophy, medieval--poetry; Pa8240.a5 a64 1973; 871/.03",4,eng; lat; ger; fre
/works/OL137825W,1955,Augustine of Hippo,Confessions and Enchiridion,"Outler, Albert Cook, 1908- ed. and tr.",SCM Press,Theology; Collected works; Early church; Early works to 1800; History,3,eng
/works/OL137860W,1955,Augustine of Hippo,De Trinitate,,Catholic University of America Press,Early works to 1800; Trinity,9,fre; ita; eng; lat
/works/OL137794W,1955,Augustine of Hippo,De excidio urbis Romae sermo,"O'Reilly, Marie Vianney, 1905- ed. and tr.",Catholic University of America,,2,eng; gre
/works/OL137855W,1955,Augustine of Hippo,Later works,"Burnaby, John, ed. and tr.",SCM Press,Collected works; Early church; Theology; Early works to 1800; History,5,lat; eng
/works/OL10727004W,1955,Augustine of Hippo,The Problem of Free Choice,,Paulist,"Free will and determinism; Good and evil; Bien; Mal; Libre arbitre et déterminisme; Early works to 1800; Christianity; Augustine, saint, bishop of hippo, 354-430",2,eng
/works/OL137838W,1955,Augustine of Hippo,Treatises on marriage and other subjects,,Catholic University of America Press,Theology; Religious aspects of Marriage; Marriage; History; Religious aspects; Early works to 1800; Christianity,3,eng
/works/OL137862W,1955,Augustine of Hippo; Anna Benjamin; L. H. Hackstaff,De libero arbitrio,"Hackstaff, L. H., tr.","Cooperativa Universitaria de Libros, Universidad de Costa Rica","Early works to 1800; Free will and determinism; Omnipotence; Good and evil; God; God (Christianity); Vrije wil; Philosophy, ancient; Augustine, saint, bishop of hippo, 354-430; God, omnipotence",15,grc; eng; ger; spa; ita; lat
/works/OL29481899W,1955,Augustine; Peter Constantine; Jack Miles,Confessions,,Xist Publishing,"Augustine, saint, bishop of hippo, 354-430; Saints, biography",4,eng
/works/OL14994418W,1955,Francis Bacon,Selected writings,,Modern Library,Collected works; Philosophy; Ouvrages avant 1800; Philosophie,3,eng
/works/OL10509626W,1955,Gaius Julius Caesar,ALEXANDRIAN AFRICAN & SPANISH WARS,,Harvard University Press,,2,eng; und
/works/OL10307054W,1955,Gaius Julius Caesar,Alexandrian war; African war; Spanish war,,Harvard University Press,"Collections; War; Historians; History, ancient; Rome; Julius Caesar; History",2,lat; eng
/works/OL10307100W,1955,Gaius Julius Caesar,"Alexandrian, African and Spanish wars","Way, A. G., ed. and tr.",W. Heinemann,Historians; Latin language materials,9,eng
/works/OL8009263W,1955,Gaius Julius Caesar,Caesar,A. G. Way (Translator),Loeb Classical Library,,1,eng
/works/OL10307078W,1955,Gaius Julius Caesar,The Gallic wars,,The Heritage Press,"History; History, Military; Military leadership; Military History",2,eng
/works/OL44201987W,1955,Horace; H. Rushton Fairclough,Satires,,Harvard University Press,,1,eng; lat
/works/OL6573936W,1955,James Maclean Todd,Voices from the past,,Phoenix House,Classical literature; English literature; Translations from classical languages; Translations from classical literature; Translations into English,7,eng
/works/OL7041043W,1955,Longworth Allen Wilding,A classical anthology,"Wilding, Richard William Longworth, 1929- joint ed. and tr.",Faber and Faber,"English literature; Greek literature; Greek literature (Selections: Extracts, etc.); Latin literature; Latin literature (Selections: Extracts, etc.); Translations from Greek; Translations from Latin; Translations into English",1,eng
/works/OL38740087W,1955,Lucius Annaeus Seneca,Oedipus,,Bobbs-Merrill,,1,eng
/works/OL24818280W,1955,Lucius junius moderatus Columella,"Lucius junius moderatus columella on agriculture, vol. 3 translated by edward s. forster",,William heinemann,,1,eng
/works/OL43861376W,1955,"More, Thomas Saint","Of pilgrimage, being chapter the third of The dialogue concerning Tyndale",,"Newly published by the Carmelite Fathers, St. Albert's Press, the Friars",Doctrines; Apologetic works; Catholic authors; Catholic Church,1,eng
/works/OL1322918W,1955,Saint Bede the Venerable,Bedae Venerabilis opera,,Brepols,"Bible; Catholic Church; Christian literature, Latin (Medieval and modern); Early works to 1800; History; Theology; Commentaries",4,lat; eng
/works/OL15225215W,1955,Sallust,Appendix Sallustiana,,In Aedibus B. G. Teubneri,Politics and government; Constitutional history; Economic conditions,5,eng; lat; ita
/works/OL24727206W,1955,Sallust; John Carew Rolfe,Sallust,,Harvard University Press,,2,eng; lat
/works/OL22429107W,1955,Sedulius,"Coelii Sedulii De quatuor Evangelistis ex libro primo Operis Paschalis, vulgati circa annum CCCC.XXXIV",,Anvil Press,Evangelists (Bible); Translations into English; Art; Early Christian literature; Latin authors; Evangelists (Bible) in art,1,lat; eng
/works/OL15222892W,1955,Seneca the Younger,The lamentable tragedie of Oedipvs the sonne of Laivs kyng of Thebes,,Imprynted by Thomas Colwell,,1,eng
/works/OL15223039W,1955,Seneca the Younger,The thyrd tragedy of L. Annaevs Seneca: entituled Thebais,,by Thomas Marsh,,1,eng
/works/OL20972839W,1955,Sulpicius Severus,"[Select works of] Sulpitius Severus, Vincent of Lerins [and] John Cassian",,Eerdmans,,1,eng
/works/OL546631W,1955,Thomas Aquinas,On the truth of the Catholic Church,,,Apologetics; Early works to 1800,1,eng
/works/OL546919W,1955,Thomas Aquinas,On the truth of the Catholic faith,,Doubleday,Apologetics; Early works to 1800; History,7,eng
/works/OL546632W,1955,Thomas Aquinas,On the truth of the Catholic faith = Summa contra Gentiles,,Image Books,Apologetics; History; Early works to 1800,1,eng
/works/OL546858W,1955,Thomas Aquinas,"St. Thomas Aquinas, theological texts",,Oxford Univ. Press,Catholic Church; Theology; Early works to 1800; History,2,eng
/works/OL546808W,1955,Thomas Aquinas,The Blessed Sacrament and the Mass,"O'Neill, F.. tr.",Newman,Lord's Supper; Mass,3,eng
/works/OL546898W,1955,Thomas Aquinas,Theological texts,,Labyrinth Press,"Collected works; Theology; Catholic Church; Middle Ages, 600-1500; Early works to 1800; Histoire; Théologie; Collections; Église catholique; History",5,eng; lat
/works/OL43885801W,1955,Titus Livius; Harold Edgeworth Butler; H. H. Scullard,"Livy, book XXX",,Methuen,,1,eng
/works/OL481281W,1955,Titus Maccius Plautus,The haunted house (Mostellaria),"Copley, Frank Olin, tr.",Liberal Arts Press,Translations into English; Latin drama (Comedy),1,eng; lat
/works/OL31709444W,1955,Translated A. G. Way Caius Julius Caesar,"Caesar. Alexandrian, African And Spanish Wars, With An English Translation By A. G. Way. With Maps",,William Heinemann Ltd,,1,eng
/works/OL37795888W,1956,A. T. Murray,Demosthenes V Private Orations XLI-XLIX  (Loeb Classical Library),,Harvard University Press,,1,eng
/works/OL35974288W,1956,A. T. Murray,Demosthenes VI Private Orations L-LVIII in Neaeram LIX  (Loeb Classical Library),,Harvard University Press,,1,
/works/OL7982531W,1956,Augustine of Hippo,Anti-Pelagian Writings [A Select Library of the Nicene and Post-Nicene Fathers of the Christian Church - Volume V],Peter Holmes (Translator),Wm. B. Eerdmans Publishing Company,Fathers of the church,1,eng
/works/OL137828W,1956,Augustine of Hippo,De dono perseverantiae,"Lesousky, Mary Alphonsine, ed. and tr.",Catholic University of America Press,Perseverance (Theology); Early works to 1800,3,eng; lat
/works/OL137829W,1956,Augustine of Hippo,De haeresibus,"Müller, Liguori G., ed. and tr.",Vignon,"Christian Heresies; Heresies and heretics; Heresies, Christian; History; Early works to 1800",3,eng; lat
/works/OL7982546W,1956,Augustine of Hippo,"Expos on Psalms (Nicene and Post-Nicene Fathers, 1)",A. Cleveland Coxe (Translator),Wm. B. Eerdmans Publishing Company,"Bible, commentaries, o. t. poetical books",1,eng
/works/OL10727011W,1956,Augustine of Hippo,"Saint Augustin, Anti-Pelagian writings",,Wm. B. Eerdmans,"Christian literature, Early; Church history; Early Christian literature; Fathers of the church; Pelagianism",1,eng
/works/OL43335557W,1956,Augustine of Hippo,Saint Augustin: Expositions on the book of Psalms,,Wm. B. Eerdmans,Church history; Fathers of the church; Early Christian literature,1,eng
/works/OL10727054W,1956,Augustine of Hippo,St. Augustin's City of God and Christian doctrine,,Eerdmans,"Apologetics; Bible; Christianity; Cities and towns; Criticism, interpretation; Early works to 1800; History; Kingdom of God; Religious aspects; Religious aspects of Cities and towns",1,eng
/works/OL10726932W,1956,Augustine of Hippo,The confessions and letters of St. Augustin,J. G. Pilkington (Translator),Eerdmans,"Church history; Early Christian literature; Fathers of the church; Early church; Theology; Christian literature, Early (Collections); Early works to 1800; History; Christian literature, early",3,eng
/works/OL42503768W,1956,Augustine of Hippo; John Chrysostom Saint; Philip Schaff,A select library of the Nicene and post-Nicene fathers of the Christian church,,W.R. Eerdmans,Early Christian literature; Fathers of the church,1,eng
/works/OL15235474W,1956,"Caesarius Saint, Bp. of Arles",Sermons,,"Fathers of the Church, inc.",Latin Sermons; Translations from Latin; Translations into English; English Sermons,1,eng
/works/OL18450049W,1956,"Caesarius of Arles, Saint",Sermons,,"Fathers of the Church, inc.",Latin Sermons; Translations from Latin; Translations into English; English Sermons,1,
/works/OL1426150W,1956,"Caesarius of Arles, Saint","Sermons, 1-80",,"Fathers of the Church, inc.","English Sermons; Latin Sermons; Sermons, English; Sermons, Latin; Translations from Latin; Translations into English",2,eng
/works/OL95078W,1956,Carl Gustav Jung,Critique of psychoanalysis,R F C Hull (Translator),Princeton University Press,Psychoanalysis; Alchemy; Occultism; Parapsychology; Dreams; East and West; Educational psychology; Individuation (Psychology); Psychology and philosophy; Psychic aspects of Coincidence,29,ger; fre; und; eng; rus
/works/OL21168680W,1956,Cornelius Tacitus,The annals of imperial Rome,"Church, Alfred John, 1829-1912, translator",Barnes &  Noble,History,2,eng
/works/OL679901W,1956,Desiderius Erasmus,Poems,,E.J. Brill,"Translations into English; Medieval and modern Latin poetry; Erasmus, desiderius, -1536; Poetic works; Latin poetry",3,eng
/works/OL15227367W,1956,Desiderius Erasmus,Proverbs or adages,,Scholars' Facsimiles & Reprints,Proverbs,5,eng
/works/OL33337527W,1956,Desiderius Erasmus,The poems of Desiderius Erasmus,,E.J. Brill,,1,eng
/works/OL679783W,1956,Desiderius Erasmus,The poems of Erasmus,,Brill,,1,eng
/works/OL34034931W,1956,F. Kinchin; J. W. Melluish; Gaius Valerius Catullus,Catullus,,Routledge,Poetry (poetic works by one author),4,eng
/works/OL31475859W,1956,Fortunino Giuseppe Francesco Verdi,Requiem. For four solo voices and chorus ... Vocal score. With the original Latin text and new English translation by Geoffrey Dunn,,G. Ricordi & Co,,1,
/works/OL31750007W,1956,Horace,Translating Horace,,Bruno Cassirer,Translations into English; Latin Laudatory poetry,1,
/works/OL28204443W,1956,Julius Caesar,Caesar,,Folkways Records,Latin literature,6,lat; eng
/works/OL25233282W,1956,Lucan; Jane Wilson Joyce,Pharsalia,,Cornell University Press,,4,lat; eng
/works/OL38762530W,1956,Lucius Annaeus Seneca,Medea,,Liberal Arts Press,,1,eng
/works/OL43889581W,1956,Marcus Tullius Cicero; H. Rackham,De natura deorum [and] Academica,,W. Heinemann,God,1,lat; eng
/works/OL7489926W,1956,Mildred E. Johnson,"Swan, cygnets, and owl",,Sine nomine,Modernism (Literature); Spanish American poetry; Translations into English,1,eng
/works/OL1108245W,1956,P. Cornelius Tacitus,Tacitus on imperial Rome,,Penguin Books,History,1,eng
/works/OL19666182W,1956,P. Cornelius Tacitus,The annals of imperial Rome,,Penguin Books,History,1,eng
/works/OL10327111W,1956,P. Cornelius Tacitus; Michael Grant,The annals of imperial Rome,"Michael Grant (Introduction, Translator)",Penguin Books,"History; Rome; Animals; The five Julii, 30 B.C.-68 A.D",21,eng; lat
/works/OL31218727W,1956,Pliny,"Natural History Vol. III of Ten (Loeb Classical Library, Libri VIII-XI)",,Heinemann / Harvard,,1,eng
/works/OL2739630W,1956,Pope Gregory I,"Gregory the Great, Ephraim Syrus and Aphrahat",,Eerdmans,,1,eng
/works/OL20972836W,1956,Pope Gregory I,"[Select works of] Gregory the Great, Ephraim Syrus [and] Aphrahat",,Eerdmans,,1,eng
/works/OL20549874W,1956,Publius Verilius Maro,Virgil's Georgics,,University of Chicago Press,Translations into English; Agriculture; Poetry; Latin Didactic poetry,1,eng
/works/OL771499W,1956,"Saint Bonaventure, Cardinal",Itinerarium mentis in Deum,,"Franciscan Institute, Saint Bonaventure University",Mysticism; Catholic Church; God; Early works to 1800; History; God (Christianity),9,ger; lat; eng; fre
/works/OL912276W,1956,Saint Jerome,The satirical letters of St. Jerome,,Gateway Editions,,3,eng
/works/OL102286W,1956,Seneca the Younger,Hercules Oetaeus,,Carocci,Drama; Hercules (Roman mythology),3,eng; ita
/works/OL102260W,1956,Seneca the Younger,Hippolitus,,"Printed by G.D. for George Boddington, at the Signe of the Crown in Chancery-lane neere the Rolles",,2,eng
/works/OL15222872W,1956,Seneca the Younger,The eyght tragedie of Seneca,,"Imprinted in Fletestreat, beneath the Conduit, at the signe of S. John Euangelyst, by Thomas Colwell",,1,eng
/works/OL15222881W,1956,Seneca the Younger,"The fovrth, and most rvthfvl tragedy of L. Annaevs Seneca",,[Imprinted at London in Fleetstreete neere vnto Saincte Dunstans church by Thomas Marsh,,1,eng
/works/OL15222980W,1956,Seneca the Younger,The ninth tragedie of Lucius Anneus Seneca called Octauia,,Imprinted by Henry Denham,,1,eng
/works/OL15223025W,1956,Seneca the Younger,"The seuenth tragedie of Seneca, entituled Medea",,,,1,eng
/works/OL15223034W,1956,Seneca the Younger,The tenth tragedy of L. Annae Seneca,,[Imprinted at London in Fletstreate neare vnto Sainct Dunstans church by Thomas Marshe,,1,eng
/works/OL44391023W,1956,"Seneca the Younger; Hadas, Moses",Seneca's Medea,,Liberal Arts Press,Drama,1,eng
/works/OL8298497W,1956,Tertullian,24. Tertullian,J.H. Waszink (Translator),Newman Press,,1,eng
/works/OL1339300W,1956,Tertullian,Adversus Hermogenem,,Città nuova,Christian Heresies; Church history; Creation; Early church. ca. 30-600; Early works to 1800; Fathers of the church; Histoire des doctrines; Sources; Création; Apologetics,7,ita; eng; lat
/works/OL1339234W,1956,Tertullian,De carne Christi liber,,S.P.C.K.,Incarnation,2,eng; lat
/works/OL1339296W,1956,Tertullian,Tertullian's Treatise on the incarnation,"Evans, Ernest, b. 1889 ed. and tr.",S.P.C.K.,Early works to 1800; Incarnation; Latin language; Texts,1,eng
/works/OL10520859W,1956,Tertullian,Treatise on the incarnation,"Evans, Ernest, b. 1889 ed. and tr.",S.P.C.K.,,2,eng
/works/OL546825W,1956,Thomas Aquinas,Exposition of the posterior analytics of Aristotle,,La Librairie Philosophique M. Doyon,Syllogisme,2,eng
/works/OL38991534W,1956,Thomas Aquinas,The golden chain,,A.R. Mowbray & Co.,Commentaries; Bible,1,eng
/works/OL1090159W,1956,Thomas More,Of pilgrimage,,"Carmelite Fathers at St. Albert's Press, the Friars",,1,eng
/works/OL481332W,1956,Titus Maccius Plautus,Menaecmi,,"Printed by Tho. Creede, and are to be sold by William Barley, at his shop in Gratious streete",,1,eng
/works/OL481349W,1956,Titus Maccius Plautus,"Plautus Comedies: Amphitryon, Epidicus, and Rudens",,Printed for Timothey Child at the White-Hart in St. Paul's Church-yard and William Taylor at the Ship in Pater-noster-Row,,1,eng
/works/OL19665251W,1956,Titus Maccius Plautus,The Menæchmi,,Bobbs-Merrill,,1,eng
/works/OL481366W,1956,Titus Maccius Plautus,The rope (Rudens),,Liberal Arts Press,,1,eng
/works/OL13721057M,1956,Titus Maccius Plautus,Works,,Harvard University Press,,1,eng
/works/OL266149W,1957,Augustine of Hippo,Augustine,Stephen McKenna (Translator),Loeb Classical Library,"Philosophy of mind; Early works to 1800; Nonfiction; Politics; Trinity; Apologetics, history, early church, ca. 30-600; Kingdom of god; Apologetics; Political science, early works to 1800; Augustine, saint, bishop of hippo, 354-430",15,lat; eng
/works/OL137852W,1957,Augustine of Hippo,Contra Julianum,,Hoelder-Pichler-Tempsky,"Apologetics; Early works to 1800; Grace (Theology); History; Original Sin; Pelagianism; Predestination; Sin, Original; Catholic church, controversial literature",5,pol; eng; lat
/works/OL15402710W,1957,Augustine of Hippo,"Saint Augustine Against Julian (Writings of Saint Augustine, V. 16) The Fathers of the Church A New Translation. Volume 35",,Catholic University of America Press,,1,eng
/works/OL15055686W,1957,Augustine of Hippo,"Saint Augustine against the Academicians (Contra academicos) translation from the Latin, with an introduction",,Marquette university press,Skepticism,1,eng
/works/OL31450172W,1957,Boethius,The consolation of philosophy;,,CreateSpace Independent Publishing Platform,,5,eng
/works/OL67395W,1957,Cicero,Cicero's orations,,printed for T. Cadell and W. Davies,,3,eng
/works/OL679913W,1957,Desiderius Erasmus,Ten colloquies,"Thompson, Craig R. 1911- tr.",Liberal Arts Press,,5,eng
/works/OL21168688W,1957,Desiderius Erasmus,Ten colloquies of Erasmus,,Liberal Arts Press,,1,eng
/works/OL1898309W,1957,Dr. Seuss; Simon Mugford,The Cat in the Hat,Carlos Rivera (Translator),Dorling Kindersley Publishers Ltd,Nonsense verses; Children's stories; American; Readers; Juvenile fiction; Spanish literature; Poetry; Children's literature; Spanish; Latin language materials,85,spa; ita; ger; fre; rus; yid; chi; lat; heb; eng
/works/OL18001430W,1957,Francis Bacon Foundation,Themes and variations in English poetry of the Renaissance,,Claremont Graduate School,History and criticism; English poetry,1,eng
/works/OL15412002W,1957,Gaius Julius Caesar,The works of Julius Caesar,,Black's Readers Service Co.,History,1,eng
/works/OL68277W,1957,Gaius Valerius Catullus,The complete poetry,,Michigan University Press,"Love poetry, Latin; Latin poetry; Translations into English",5,eng
/works/OL24506496W,1957,Juvenal; Persius; Martin Madan,Juvenal and Persius,,Harvard University Press,,7,lat; und; eng
/works/OL10590478W,1957,Karl Strecker,Introduction to medieval Latin,,Weidmann,"Latin language, Medieval and modern; Medieval and modern Latin language; Classical Philology",6,eng
/works/OL18395148W,1957,L. R. Lind,"Latin poetry in verse translation, from the beginnings to the Renaissance",,Houghton Mifflin,Latin poetry; Translations into English; English poetry; Translations from Latin,1,eng
/works/OL4812605W,1957,L. R. Lind,Latin poetry in verse translation: from the beginnings to the Renaissance,,Oxford U.P.,Latin poetry; Medieval and modern Latin poetry; Poetry; Translations into English; Anthologies; Poésie latine; Traductions anglaises; Translations from Latin; English poetry,2,eng
/works/OL43286018W,1957,Lucretius,The Nature Of The Universe,,Penguin .,,2,eng
/works/OL442009W,1957,Ovid,The loves,,Indiana University Press,Translations into English; Latin Love poetry; English Love poetry,1,lat; eng
/works/OL1257862W,1957,Pliny the Elder,Pliny's natural history,"Holland, Philemon, 1552-1637, tr.",Clarendon Press,Natural history; Pre-Linnean works; Biology,2,eng; lat
/works/OL43364206W,1957,Suetonius/graves,Suetonius the Twelve Caesars,,PENGUIN BOOKS,,1,eng
/works/OL20358651W,1957,Suetonius; Alexander Thomson,The Twelve Caesars,,CreateSpace Independent Publishing Platform,"Emperors, rome; Rome, biography; Rome, history, empire, 30 b.c.-476 a.d.; Emperors; Biography; Early works to 1800; History",9,eng
/works/OL24215117W,1957,Thomas More Association,The Critic,,[Thomas More Association,Periodicals; American literature; Bibliography; Books; Reviews; Littérature américaine; Périodiques; Catholic Church; Catholic literature,1,eng
/works/OL1261083W,1957,Titus Livius,Scipio Africanus or The Thunderbolt:Selections from Livy Book XXX,,Cambridge University Press,"Latin language, readers",1,eng
/works/OL15308870W,1957,Titus Livius,Works,,Heinemann,,1,eng
/works/OL36767439W,1957,Titus Lucretius Carus,De rerum natura = Of the nature of things,,Printed for the members of the Limited Editions Club at the Ward Ritchie Press,,1,eng
/works/OL15859128W,1957,Titus Lucretius Carus,Of the nature of things,,Dutton,Greek literature,1,eng
/works/OL42702569W,1957,Titus Maccius Plautus; Paul Nixon,Plautus,,Harvard University Press,,1,lat; eng
/works/OL38404059W,1957,Translated by Walter C.A. Ker Cicero,Cicero's Philippics [Loeb Classical Library],,Harvard University Press,,1,eng
/works/OL2182160W,1957,William of Ockham,Philosophical writings,,Bobbs-Merrill,Philosophy; B765.o32 e5 1990; 189/.4,10,eng; mul
/works/OL15488703M,1958,,Garland of the muses,,Colombo Apothecaries,English poetry -- Translations into Latin.; Latin poetry -- Translations from English.,1,lat
/works/OL20543169W,1958,Augustine of Hippo,Nine sermons of Saint Augustine on the Psalms,,"Longmans, Green",Bible; English Sermons; Latin Sermons; Translations into English; Translations from Latin; Sermons,1,eng
/works/OL15402680W,1958,Augustine of Hippo,"Nine sermons of St. Augustine on the Psalms, translated and introduced by Edmund Hill",,"Longmans, Green",,1,eng
/works/OL137847W,1958,Augustine of Hippo,On Christian doctrine,"Robertson, D. W. 1914- tr.",Bobbs-Merrill,"Bible; Hermeneutics; Preaching; open_syllabus_project; Théologie dogmatique; Critique, interprétation; Early works to 1800; Philosophy, ancient; Plato",4,eng
/works/OL10726925W,1958,Augustine of Hippo,"The city of God ; an abridged version from the translation by Gerald G. Walsh [and others] with a condensation of the original forward by Etienne Gilson. Edited, with an introd. by Vernon J. Bourke",,Image Books,"Apologetics; Kingdom of God; History; Early works to 1800; Kingdom of god; Apologetics, history, early church, ca. 30-600",1,eng
/works/OL43030227W,1958,Catullus;  F. Kinchin Smith & T. W. Melluish (Eds. ) & (F. L. Lucas),Catullus,,"George Allen & Unwin, Ltd.",,1,eng
/works/OL35301310W,1958,Catullus; F. Kinchin Smith & T. W. Melluish (Eds. ) & (F. L. Lucas),CATULLUS,,"George Allen & Unwin, Ltd.",,1,eng
/works/OL15218217W,1958,Cicero,"The speeches, with an English translation by N.H. Watts",,Heinemann,,1,eng
/works/OL10328472W,1958,Cicero,The speeches: Pro T. Annio Milone - In L. Calpurnium Pisonem - Pro M. Aemilio Scauro - Pro M. Fonteio - Pro C. Rabirio Postumo - Pro M. Marcello - Pro Q. Ligario - Pro rege Deiotara,,W. Heinemann,,2,eng
/works/OL15218212W,1958,Cicero,"The speeches: Pro sestio, and In vatinium",,Heinemann,,1,eng
/works/OL15733381W,1958,Cicero,[The  speeches],,Harvard University Press,,2,mul; eng
/works/OL44822543W,1958,Cicero; R. Gardner,Pro sestio and In vatinium,,Harvard University Press,,1,lat; eng
/works/OL3069833W,1958,Cornelius Nepos,Three lives,,Bristol Classical Press,"Alcibiades; Atticus, titus pomponius; Latin literature (selections: extracts, etc.); Latin literature, translations into english",2,eng; lat
/works/OL7982138W,1958,Gaius Valerius Catullus,Carmina (Oxford Classical Texts Ser),,"Oxford University Press, USA",Poetry (poetic works by one author),1,lat; eng
/works/OL394296W,1958,Gaius Valerius Catullus,The book of Catullus of Verona,,West Canadian Microfilm,,1,eng
/works/OL394297W,1958,Gaius Valerius Catullus,The book of Catullus of Verona done into English verse,,Alexander,,1,eng
/works/OL394298W,1958,Gaius Valerius Catullus,The book of Catullus of Verona done into English verse by William Hardy Alexander,,West Canadian Microfilm,,1,eng
/works/OL19545617W,1958,Halldór Hermannsson,The Hólar Cato,,Cornell University Press,History; Translations into English; Education; Old Norse literature,2,ice; eng
/works/OL29269354W,1958,Julius Caesar,Caesar in Gaul and Britain,,University Press,,1,eng
/works/OL43144857W,1958,Marcus Tullius Cicero,Cicero,,HeinemannHarvard University Press,,1,eng
/works/OL488971W,1958,Meister Eckhart; James Midgley Clark; John V. Skinner,Treatises and sermons of Meister Eckhart,,Brand: Octagon Books,"Early works to 1800; German Sermons; Latin Sermons; Middle Ages; Mysticism; Theology; Translations into English; Religion; Religion - Prayer & Spirituality; Sermons, German",4,eng
/works/OL7524596W,1958,Michael Grant,Roman readings,,Penguin Books,Latin literature; Translations into English,1,eng
/works/OL442099W,1958,Ovid,Ovid with an English translation: Heroides and Amores,,W. Heinemann,,1,eng
/works/OL32404445W,1958,Ovid,The metamorphoses of Publius Ovidius Naso,"Dryden, John, 1631-1700, translator",Golden Cockerel Press,Fine books; Specimens; Latin Fables; Classical Mythology; Poetry; Metamorphosis; Mythology,1,eng
/works/OL31366992W,1958,PROPERTIUS,"Propertius, With an English Translation by H.E. Butler. (The Loeb Classical Library)",,Harvard Uni. / Heinemann,,1,
/works/OL39085933W,1958,Peterson W et al,"Tacitus; Dialogus, Agricola Germania (Loeb Classical Library)",,William Heinemann,,1,
/works/OL1512419W,1958,Publius Terentius Afer,"Phormio,  Translated with an introd",,Bobbs-Merrill Co.,,1,eng
/works/OL28609326W,1958,Publius Vergilius Maro,Aeneid,,"Lulu Press, Inc.","Latin poetry, translations into english",15,eng
/works/OL1322209W,1958,Saint Albertus Magnus,Libellus de alchimia,"Heines, Virginia, ed. and tr.",University of California Press,Alchemy,2,eng
/works/OL22434469W,1958,Saint Albertus Magnus,Libellus de natura animalium,,Dawson's of Pall Mall,Bestiaries; Animals,1,eng; und
/works/OL912227W,1958,Saint Jerome,Jerome's commentary on Daniel,"Archer, Gleason Leonard, 1916- tr.",Baker Book House,Bible; Commentaries,1,lat; eng
/works/OL102306W,1958,Seneca the Younger,The stoic philosophy of Seneca,"Hadas, Moses, 1900-1966. ed. and tr.",P. Smith,Stoics; Ancient Philosophy; Philosophy,5,eng; lat
/works/OL8298498W,1958,Tertullian,28. Tertullian: Treatises on Penance,William P. Le Saint (Translator),Paulist Press,,1,eng
/works/OL29277459W,1958,Thomas Aquinas,Compendium of theology,,Herder,Doctrines; Doctrinal Theology; Catholic Church,1,eng
/works/OL44461112W,1958,Thomas More Harrington,Determinism and moral responsibility,,,,1,eng
/works/OL7364309W,1958,Thomas More Storke,California editor,,Westernlore Press,History; Journalists; Biography,1,eng
/works/OL43720196W,1958,Titus Livius; Frank Gardner Moore,"Livy, with an English translation in fourteen volumes",,Harvard University Press,,1,eng
/works/OL1845165W,1958,三島由紀夫; Meredith Weatherby,Confessions of a Mask,Meredith Weatherby (Translator),Kawade Shobō,"Japanese Fiction; Gay men; English fiction; Translations from Japanese; Translations into English; Fiction; Near and far eastern fiction (fictional works by one author); Gay men, fiction; Fiction, biographical; Fiction, lgbtq+, gay",24,eng; jpn; hrv
/works/OL25639225W,1959,,Classics in Translation,,University of Wisconsin Press,"Classical literature, translations into english; Greek literature, translations into english; Latin literature, translations into english",1,eng
/works/OL15427617W,1959,Augustine of Hippo,Of true religion,,Gateway Editions,Apologetics; Early works to 1800; History,1,eng
/works/OL15055750W,1959,Augustine of Hippo,Selected Easter sermons,,Herder,Translations from Latin; English Sermons; Latin Sermons; Sermons; Translations into English; Easter,1,eng
/works/OL15055751W,1959,Augustine of Hippo,Selected Easter sermons of Saint Augustine,"Weller, Philip T. 1906- ed. and tr.",Herder,Latin Sermons; Sermons; Translations into English; Easter; Translations from Latin; English Sermons,1,eng
/works/OL137819W,1959,Augustine of Hippo,Sermones de tempore,,The Catholic University of America Press in association with Consortium Books,"Church year sermons; Early works to 1800; Latin Sermons; Translations into English; Sermons; History; Theology; Sermons, latin; English Sermons; Translations from Latin",2,eng
/works/OL13312394W,1959,Augustine of Hippo,Sermons on the Liturgical seasons,,Fathers of the Church,"Church year sermons; English Sermons; Latin Sermons; Sermons, English; Sermons, Latin; Translations from Latin; Translations into English",1,eng
/works/OL8009283W,1959,Aulus Persius Flaccus,A Persi Flacci et D. Iuni Iuvenalis,,Oxford University P.,,1,eng; lat
/works/OL15217552W,1959,Cicero,Cicero on the art of growing old,"Couch, Herbert Newell, 1899- ed. and tr.",Brown University Press,"Early works to 1800; Old age; Text; Klassenlektüre; Caton l'Ancien, de la vieillesse; Lateinunterricht",1,eng
/works/OL19675899W,1959,Cicero,On the art of growing old,,Brown University Press,,1,eng
/works/OL20944023W,1959,Cicero,The speeches with an English translation,"Lord, Louis E. (Louis Eleazer), 1875-1957, translator",Harvard University Press,,1,eng
/works/OL990923W,1959,César Vallejo,Heraldos negros,,Latin American Literary Review Press,"Translations into English; Spanish language materials; Poetry (poetic works by one author); Heraldos negros (Vallejo, César); English Translations",12,spa; rus; grn; eng
/works/OL43071426W,1959,E.V. Rieu,Apollonius of Rhodes the Voyage of Argo,,,,1,eng
/works/OL43300670W,1959,Edwin H. Zeydel,Ruodlieb,,University of North Carolina Press,Medieval and modern Latin poetry; Translations into English; Translations from Latin,1,eng
/works/OL18502286W,1959,Edwin Hermann Zeydel,Ruodlieb,,University of North Carolina Press,Medieval and modern Latin poetry; Translations into English,1,eng
/works/OL8009273W,1959,Gaius Julius Caesar,De Bello Gallico Book VII,,Cambridge University Press,"Mathematics, study and teaching",1,eng
/works/OL10307007W,1959,Gaius Julius Caesar,De bello Gallico. Book 7,,Cambridge U.P,,1,eng
/works/OL68280W,1959,Gaius Valerius Catullus,Odi et amo,,Liberal Arts Press,,4,eng
/works/OL38936381W,1959,Giordano Bruno,The heroic frenzies,,,,1,eng
/works/OL67334W,1959,Günter Grass,Die Blechtrommel,Ralph Manheim (Translator),Penguin,Fiction; History; German Historical fiction; Dwarfs; German Political fiction; Political fiction; 1945-1955; Translations into English; German fiction; Historical fiction,111,eng; ger; ara; spa; fin; ita
/works/OL52399W,1959,Henrik Ibsen,Four great plays,,Pocket Books,Translations into English; Continental european drama (dramatic works by one author); Drama (dramatic works by one author),7,eng
/works/OL35348564W,1959,Horace,Ad Pyrrham,,Oxford U.P,,1,eng
/works/OL44152002W,1959,Kirsopp Lake,"The Apostolic Fathers / I Clement, II Clement, Ignatius, Polycarp, Didache, Barnabas (Loeb Classical Library)",,Harvard / Heinemann,,1,
/works/OL3029647W,1959,Lactantius,Selections from Lactantius,,Eerdmans,Apologetics; Latin language; Literary collections; History,1,eng
/works/OL1636848W,1959,Miguel León Portilla; Miguel Leon-Portilla; Miquel Leon-Portilla,The broken spears,"Kemp, Lysander, 1920-1992 tr.",Universidad Nacional Autónoma de México,Nahuatl literature; History; Sources; Translations into English; English literature; Aztec literature; Translations from Aztec; Aztecs; First contact with other peoples; Indians of Mexico,30,spa; eng
/works/OL3930570W,1959,Nigellus Wireker,The book of Daun Burnel the ass,,University of Texas Press,"Monasticism and religious orders; Poetry; Translations into English; Verse satire, Latin (Medieval and modern); Church history",1,eng
/works/OL34582523W,1959,Ovid,"The art of love, and other love books of Ovid.",,Grosset & Dunlap,,1,eng
/works/OL10327060W,1959,P. Cornelius Tacitus,"Annals, book 1",,Methuen,,1,eng
/works/OL19255479W,1959,Paul Lachlan MacKendrick,Classics in translation,,University of Wisconsin Press,Classical literature; Translations into English; Latin literature; English literature; Translations; FICTION; General,2,eng
/works/OL42487867W,1959,Petronius Arbiter; W. B. Sedgwick; Lucius Annaeus Seneca,The Cena Trimalchionis of Petronius,,Clarendon Press,,1,eng
/works/OL37801231W,1959,Petronius; William Arrowsmith,The Satyricon,,Mentor,,1,eng
/works/OL8497476W,1959,Pope Gregory I,Fathers of the Church: Saint Gregory the Great,Odo John Zimmerman (Translator),Catholic Univ of Amer Pr,"Catholic church, doctrines; Saints; Miracles; Early works to 1800; Immortality",1,eng
/works/OL18214999W,1959,Pope Gregory I,Saint Gregory the Great,,Fathers of the Church,Early works to 1800; Theology,1,eng
/works/OL1512460W,1959,Publius Terentius Afer,"Terence, with an English translation by John Sargeaunt",,Harvard University Press,,1,eng
/works/OL15237211W,1959,Publius Vergilius Maro,Journey to Hesperia,,Macmillan; St. Martin's P,,1,eng
/works/OL42987124W,1959,ST THOMAS AQUINAS,AQUINAS SELECTED POLITICAL WRITINGS. EDITED WITH AN INTRODUCTION BY A P D'ENTREVES. TRANSLATED BY J G DAWSON.,,BLACKWELL 1959.,,1,eng
/works/OL36890174W,1959,Saint Gregory The Great,The Fathers of the Church,,Fathers of the Church,,1,eng
/works/OL102309W,1959,Seneca the Younger,De brevitate vitae,,"By Daniel Frere, at the red Bull in little Britaine",Poetry; Longevity; Life; Philosophy; Conduct of life; Early works to 1800; Early works to 1900,8,eng; lat; spa; ger
/works/OL15404890W,1959,Suetonius,The Lives of the Caesars,,Kessinger Publishing,"History; Emperors; Biography; Early works to 1800; Roman emperors; Sources; Emperors, rome; Rome, history; Rome, history, empire, 30 b.c.-476 a.d.; Caligula, emperor of rome, 12-41",8,eng
/works/OL1339313W,1959,Tertullian,De paenitentia,"Le Saint, William P., ed. and tr.",Minerva,Chastity; Early works to 1800; Penance; Pennace; Enseignement patristique; Christentum; Chasteté; Pénitence; Reinheit; Sources,7,eng; lat; fre
/works/OL37795166W,1959,Tertullian,"Disciplinary, Moral and Ascetical Works [The Fathers of the Church, A New Translation",,"Fathers of the Church, Inc",,1,eng
/works/OL24264578W,1959,Tertullian,"Disciplinary, moral and ascetical works of Tertullian",,Fathers of the Church,"Tertullian, Ca. 160-Ca. 230",1,eng
/works/OL1339325W,1959,Tertullian,"Disciplinary, moral, and ascetical works",,Catholic University of America Press in association with Consortium Books,"Theology; History; Early works to 1800; Early church; Religious literature (selections: extracts, etc.); Asceticism; Christian ethics",4,eng
/works/OL8298512W,1959,Tertullian,Fathers of the Church,,Catholic University of America Press,,1,eng
/works/OL546900W,1959,Thomas Aquinas,Treatise on separate substances,"Lescoe, Francis J.. ed. and tr.",Saint Joseph College,Angels; Early works to 1800; Influence; Metaphysics; Neoplatonismø; Separation (Philosophy); Substance (Philosophy); Ouvrages avant 1800; Anges; Substance (Philosophie),6,eng; lat
/works/OL12316733W,1959,Thomas More Association.,A report on American culture,,,Intellectual life,1,eng
/works/OL29266171W,1959,Titus Livius,"Livy, book XXI",,University Press,History,1,eng
/works/OL29268865W,1959,Titus Livius,"Livy, book XXII",,University Press,History,1,eng
/works/OL481436W,1959,Titus Maccius Plautus,Casina,,Cambridge University Press,Drama (dramatic works by one author); Latin drama (Comedy),3,lat; eng; ita
/works/OL7358109W,1960,Arthur Blackamore,Expeditio ultramontana,"Seagood, George, tr.",Attic Press,Medieval and modern Latin poetry; Poetry; Translations into English,1,lat
/works/OL15055774W,1960,Augustine of Hippo,"St. Augustine's comments on ""Imago Dei""",,[Holy Cross College],Image of God,1,eng
/works/OL15055772W,1960,Augustine of Hippo; Dame Scholastica Hebgin; Dame Felicitas Corrigan,St. Augustine on the Psalms,,Newman Press,"Commentaries; Bible; Biblical studies, criticism & exegesis; Books of the Old Testament; Religion; Religion - Commentaries / Reference; Bible - Criticism  Interpretation - Old Testament; Biblical Criticism & Interpretation - Old Testament; Bible.  O.T.  Psalms; Sources",2,eng
/works/OL15217890W,1960,Cicero,M. Tulli Ciceronis pro M. Caelio oratio,,Clarendon Press,"Speeches, addresses, etc., Latin; Latin language materials; Speeches, addresses, etc.; Kommentar",3,eng; lat
/works/OL15218251W,1960,Cicero,Tuculan disputations,,Heinemann,,1,eng
/works/OL1616302W,1960,Claude L. Hulet,Latin American prose in English translation,,General Secretariat Organizationof American States,Bibliography; Latin American literature; Translations into English,3,eng
/works/OL938100W,1960,Francis Bacon,Francis Bacon,,Fondation Dina Vierny,Expositions; Aesthetics; Catalogs; Exhibitions; Interviews; Criticism and interpretation; Painters; English Painting; English Figurative painting; Human beings in art,62,cat; spa; ita; ger; fre; und; por; swe; eng; mul
/works/OL33773795W,1960,Francis Bacon,"The New organon, and related writings",,Liberal Arts Press,,1,eng
/works/OL8009272W,1960,Gaius Julius Caesar,De Bello Gallico Book I (Element Classics),,Cambridge University Press,"Mathematics, study and teaching",1,eng
/works/OL24816570W,1960,Gaius Valerius Catullus,Carmina,,"Carcanet Press, Limited",Translations into English; Latin Elegiac poetry; Latin Love poetry,3,eng; lat
/works/OL68252W,1960,Gaius Valerius Catullus,The Catullus of William Hull,,Experiment Press,"Latin Elegiac poetry; Latin Epigrams; Latin Love poetry; Poetry; Translations into English; Love poetry, Latin",2,eng
/works/OL36008007W,1960,H [translator] Tacitus & Mattingly,On Britain And Germany A Translation Of The Agricola And The Germania,,Penguin,,1,eng
/works/OL37795908W,1960,H. (trans) Rackham,Cicero De Oratore Volume II Book III (Loeb Classical Library No. 349),,Heinemann / Harvard,,1,eng
/works/OL31410642W,1960,Harrison B. Ash William D. Hooper,Marcus Porcius Cato. On Agriculture. Marcus Terentius Varro. On Agriculture. Loeb Classical Library,,Harvard University Press,,1,
/works/OL88168W,1960,Horace,Epodes,,Cambridge University Press,"Poetry; Latin language; Latin Verse satire; Latin Political poetry; Readers; Poetry (poetic works by one author); Greek poetry, translations into english; Political poetry; Satire; Translations into English",3,ita; lat; grc; gle; eng
/works/OL43596232W,1960,Horace; M. R. McVaugh,Translation of the third ode from the third book of the Odes of Horace,,,,1,eng
/works/OL6662846W,1960,L. Proudfoot,Dryden's Aeneid and its seventeenth century predecessors,,Folcroft Library Editions,Aeneas (Legendary character) in literature; Appreciation; History; History and criticism; In literature; Knowledge; Language and languages; Latin Epic poetry; Latin language; Translating and interpreting,4,eng
/works/OL3930575W,1960,Nigellus Wireker,"Research at Nike.com in compensation men's Nike Air Max shoes, engineered for extreme impact protection. Through a variety of styles",,University of Notre Dame Press,"Research at Nike.com in compensation men's Nike Air Max shoes; engineered for extreme impact protection. Through a variety of styles; Monasticism and religious orders; Verse satire, Latin (Medieval and modern); Translations into English; Poetry; Translations into Italian; Church history",4,lat; eng; ita
/works/OL133543W,1960,Origen comm,Homilies on Joshua,"Jaubert, Annie. ed. and tr.",Éditions du Cerf,"Bible; English Sermons; Sermons, Greek; Greek Sermons; Sermons, English; Commentaries; Sermons; Filosofia patrística; Latin Sermons; Translations into English",4,fre; eng; mul
/works/OL31885261W,1960,Ovid,Love poems of Ovid;,,New American Library,,2,eng
/works/OL34642408W,1960,Paul - translation Nixon,Plautus With an English Translation by Paul Nixon volume V (Loeb Classical Library),,Harvard University Press,,1,
/works/OL1347174W,1960,Paul Oskar Kristeller,Catalogus Translationum Et Commentariorum,,Catholic University of America Press,"Bibliography; Catalogs; Classical literature; Greek literature; History and criticism; Latin literature, Medieval and modern; Manuscripts, Latin (Medieval and modern); Medieval and modern Latin literature; Translations into Latin; Vertalingen",3,lat; eng
/works/OL503887W,1960,Petronius,The Satyricon and Poems [of] Gaius Petronius,,Elek books,,1,eng
/works/OL10563214W,1960,Petronius,The Satyricon and poems,,Elek,,3,eng
/works/OL43337298W,1960,Petronius Arbiter; Jack Lindsay,The Satyricon and Poems [of] Gaius Petronius,,Elek books,,1,eng
/works/OL1204477W,1960,Philip Whaley Harsh,An anthology of Roman drama,,Rinehart,Translations into English; Latin drama; English drama; Translations from Latin; Translation into Latin,4,eng
/works/OL2739653W,1960,Pope Gregory I,Parables of the Gospel,,Scepter,Bible; Parables; Sermons,1,eng
/works/OL15237073W,1960,Publius Vergilius Maro,Acneid VII-XII,,Heinemann,,1,eng
/works/OL16280146W,1960,Publius Vergilius Maro,"Aeneid, Book 12",,G. Bell,,2,eng; lat
/works/OL15237085W,1960,Publius Vergilius Maro,"Aeneid, books I to III","Rhoades, James, 1841-1923, tr.",Clarendon Press,,1,eng
/works/OL28200124W,1960,Publius Vergilius Maro,The Georgics,,Argo,Translations into English,1,eng
/works/OL15237251W,1960,Publius Vergilius Maro,The pastorals,"Johnson, Geoffrey, 1893-1966, tr.",University of Kansas Press,Country life; Translations into English; Latin Pastoral poetry; Poetry,1,eng
/works/OL38739728W,1960,Sallust,Caii Sallustii Crispi Catilina,,Macmillan,,2,eng; lat
/works/OL42586124W,1960,Sallust; Wilfried Winkler,Sallust,,Österr. Bundesverl.,,3,ger; lat; eng
/works/OL43198917W,1960,Sister Thomas Aquinas Goggin,The Fathers Of The Church A New Translation Vol 41,,"Fathers Of The Church, Inc.",,1,eng
/works/OL12874997W,1960,Tertullian,Tertullian's treatise on the resurrection,,S.P.C.K.,Resurrection; Early works to 1800,2,lat; eng
/works/OL1339303W,1960,Tertullian,Treatise on the resurrection,"Evans, Ernest, b. 1889, ed. and tr.",S.P.C.K,Resurrection; Early works to 1800,2,eng
/works/OL43556463W,1960,Tertullian; T. R. Glover; Gerald Henry Rendall,Apology,,Harvard University Press,Apologetics; Early works to 1800,1,eng; lat
/works/OL546621W,1960,Thomas Aquinas,On charity,,Marquette University Press,Love; Religious aspects of Love; Christianity; Love (Theology); Religious aspects,1,eng
/works/OL29268047W,1960,Thomas Aquinas,On charity (De caritate),,Marquette Univ.,Charity,1,eng
/works/OL546905W,1960,Thomas Aquinas,The pocket Aquinas,,"Washington Square Press, published by Pocket Books","Theology; Medieval Philosophy; Doctrines; Doctrinal Theology; Philosophie médiévale; Catholic Church; Histoire; Thomas, Aquinas, Saint, 1225?-1274; Théologie",6,eng
/works/OL16280566W,1960,Titus Livius,The early history of Rome,Aubrey de Selincourt (Translator),Penguin Books,"History; Histoire; Republic, 510-265 B.C.",7,eng
/works/OL12966975W,1960,Titus Livius,"The early history of Rome. Books I - V of ""The history of Rome from its foundation""",,Penguin,,1,eng
/works/OL1261026W,1960,Titus Livius,The early history of Rome; books I-V of the history of Rome from its foundation,,Penguin Books,History; Rome; Histoire,2,eng
/works/OL44220643W,1960,Titus Livius; Aubrey De Sélincourt,The early history of Rome,,Penguin Books,History,1,eng
/works/OL28356690W,1960,Titus Livius; R. M. Ogilvie,Early History of Rome,,"Penguin Books, Limited",History,4,eng
/works/OL1548600W,1960,Titus Lucretius Carus,De rerum ntura,,Macmillan,,1,eng
/works/OL8248863W,1960,Vitruvius Pollio,Ten Books on Architecture,,Dover Publications,Obras anteriores a 1800; Arquitectura romana; Arquitectura; Architecture; Early works to 1800; Classical Architecture,3,eng
/works/OL31448709W,1960,With an English Translation By W. R. M. Lamb Lysias,Lysias (Loeb Classical Library),,Harvard University Press,,1,
/works/OL258329W,1960,Александр Исаевич Солженицын,Один день Ивана Денисовича,H. T. Willetts (Translator),New American Library,Communism; Forced labor; Fiction; Russian fiction; Political fiction; Prison Life in Fiction; Concentration camps; Communism in literature; Prisons; Translations into English,129,spa; ita; kur; ger; fre; yid; und; vie; eng; wel; cze; rus
/works/OL166899W,1960,Фёдор Михайлович Достоевский,Записки изъ подполья,Constance Garnett (Translator),BN Publishing,Fiction; Officials and employees; History; Translations into English; Ficción; Social life and customs; Historia; Russian fiction; Funcionarios y empleados; Classic Literature,131,eng; ita; rus; ger; chi; fre; por; spa; rum
/works/OL37795972W,1961,,"Remains of Old Latin Vol. II of Four (Livius Andronicus / Naevius / Pacuvius / Accius, Loeb Classical Library)",,Heinemann / Harvard,,1,
/works/OL39350826W,1961,Apollonius,"Apollonius Rhodius, the Argonautica; (Loeb classical library)",,Harvard University Press,,1,eng
/works/OL27762700W,1961,Augustine of Hippo,John shines through Augustine,,Association Press,Sermons; Latin Sermons; Translations into English; English Sermons; Translations from Latin; Bible,1,eng
/works/OL20952906W,1961,Augustine of Hippo,St. Augustine's Confessions,,Harvard University Press,,1,eng
/works/OL10726955W,1961,Augustine of Hippo,"The Enchiridion on faith, hope and love / St. Augustine ; [translated by J. F. Shaw] ; edited with an introd. by Henry Paolucci ; with an analysis and historical appraisal by Adolph von Harnack","Shaw, J. F., tr.",Gateway Editions,,1,eng
/works/OL10727074W,1961,Augustine of Hippo,The Rule of Saint Augustine,,St.Norbert Abbey,Rules; Monasticism and religious orders; Augustinians,2,eng
/works/OL1841054W,1961,Bede Jarrett,Bede Jarrett anthology,,Aquin,Catholic Church; Theology; History,2,eng
/works/OL20938387W,1961,Cicero,Cicero De officiis,"Miller, Walter, 1864-1949, translator",Harvard University Press,Ethics,1,eng
/works/OL29275742W,1961,Cicero,Cicero's selected orations,,Translation Pub. Co.,,1,eng
/works/OL15078367W,1961,Cicero,"De re publica, De legibus",,Heinemann,Early works to 1800; Law; Political science,2,und; eng
/works/OL12250002W,1961,Cicero,"Pro Publio Quinctio ; Pro Sexto Roscio Amerino ; Pro Quinto Roscio comoedo ; De lege agraria I, II, III","Freese, John Henry. tr.",W. Heinemann,"Speeches, addresses, etc.",3,eng
/works/OL10328471W,1961,Cicero,"The speeches: Pro Publio Quinctio - Pro Sexto Roscio Amerino - Pro Quinto Roscio Comoedo - De lege agraria I, II, III",,Harvard University Press,,1,eng
/works/OL679620W,1961,Desiderius Erasmus,Discourse on Free Will (Milestones of Thought in the History of Ideas),,Frederick Ungar,Determinism (Philosophy); Free will and determinism,1,eng
/works/OL679864W,1961,Desiderius Erasmus,Discourse on free will,,Ungar,Free will and determinism,3,eng
/works/OL274509W,1961,Gabriel García Márquez; Luisa Rivera,El coronel no tiene quien le escriba,"Bernstein, J. S.. tr.",Deutscher Taschenbuch Verlag,Fiction; Manners and customs in fiction; South American Fiction; Translations into English; Spanish language; Readers; Novela colombiana; Military pensions; Pensiones militares; Novela,86,eng; fre; por; ger; spa; dut; slo
/works/OL28917351W,1961,Gaius Valerius Catullus,Catullus...,,Harvard University Press,,4,fre; eng
/works/OL43102165W,1961,Gaius Valerius Catullus; Horace Gregory; Sarah P. Hargrove,Odi et amo,,Yale University,,1,lat; eng
/works/OL6698281W,1961,"Hadas, Moses",Latin selections,"Suits, Thomas, joint ed. and tr.",Bantam Books,Latin literature; Translations into English; English literature,1,eng
/works/OL6698282W,1961,"Hadas, Moses",Latins selections. Florilegium latinum,,Bantam Books,"Latin literature; Latin literature (Selections: Extracts, etc.); Translations into English",1,eng
/works/OL88117W,1961,Horace,Collected works,,Dent,Translations into English; Latin Laudatory poetry; Latin Verse satire; Latin Epistolary poetry; Poetry,2,eng
/works/OL15638833W,1961,Horace,Odes and epodes,,Printed for the members of the Limited Editions Club at the Thistle Press,Translations into English; Latin Laudatory poetry; Latin Verse satire; Poetry,1,eng
/works/OL4129174W,1961,Hugh of Saint Victor,The didascalicon of Hugh of St. Victor,,Columbia University Press,"Early works to 1800; Medieval Arts; Texts; Translations into English; Medieval and modern Latin language; Art, medieval",3,eng
/works/OL36430509W,1961,John H. Freese,"Cicero. Loeb Classical Library. The Speeches. Pro Publio Quinctio. Pro Sexto Roscio Amerino. Pro Quinto Roscio Comoedo. De Lege Agraria I, II, III.",,Harvard University Press,,1,eng
/works/OL37795897W,1961,Larue Van Hook,Isocrates III with an English Translation; Loeb Classical Library No. 373,,Harvard Univ Pr,,1,
/works/OL35301074W,1961,M. D. Macleod,Lucian (in eight volumes) Volume VII  (Loeb Classical Library),,Harvard University Press,,1,
/works/OL27760288W,1961,Martial,Martial Epigrams,,Harvard University Press,Epigrams,1,eng
/works/OL441916W,1961,Ovid,"Amores, medicamina faciei feminae, ars amatoria, remedia amoris",,e typographeo Clarendoniano,,1,eng
/works/OL15516629W,1961,Ovid,Metamorphoses in fifteen books,,American Heritage Press,,1,eng
/works/OL442169W,1961,Ovid,"Shakespeare's Ovid, being Arthur Golding's translation of the Metamorphoses",,Centaur Press,Sources,1,eng
/works/OL442170W,1961,Ovid,Shakspeare's Ovid,,Centaur Press,Sources,1,eng
/works/OL1108145W,1961,P. Cornelius Tacitus,Cornelii Taciti Annalium ab excessu divi Augusti libri; the annals of Tacitus,,The Clarendon Press,,1,eng
/works/OL1108155W,1961,P. Cornelius Tacitus,Cornelii Tacitii,,Clarendon Press,Germanic peoples,1,eng
/works/OL20656983W,1961,Persius,The satires of Persius,,Franklin Classics,Translations into English; Latin Verse satire,5,eng
/works/OL10563179W,1961,Petronius,"Petronius.  With an English translation by Michael Heseltine. Seneca, Apocolocyntosis.  With an English translation by W.H.D. Rouse",,,,1,eng
/works/OL34544015W,1961,Pliny,"Natural History Vol. IX of Ten (Loeb Classical Library, Libri XXXIII-XXXV)",,Heinemann / Harvard,,1,
/works/OL31399941W,1961,Prudentius (Aurelius Prudentius Clemns),"Prudentius. With an English Translation by H. J. Thomson. In Two Volumes [The Loeb Classical Library, Nos. 387 and 398]",,William Heinemann Ltd. and Harvard University Press,,1,
/works/OL10702925W,1961,Publius Vergilius Maro,"Aeneid, books I-XII",,Translation Pub. Co.,,1,eng
/works/OL267622W,1961,René Goscinny; Albert Uderzo,Astérix le Gaulois,D. Hockridge (Translator),"Egmont Ehapa, Stgt.","series:Astérix; Comic books, strips; Translations into English; Gauls; Graphic novels; Fiction; Cartoons and comics; Children's fiction; French; Translation into German",74,eng; ger; spa; pol; fre; heb; tur; epo; hin; lat; gla; wel; gem; ita; gle; por
/works/OL523970W,1961,"Saint Ambrose, Bishop of Milan","Hexameron, Paradise, and Cain and Abel",,Fathers of the Church,Bible; Early Christian Sermons; Latin Sermons; Sermons; Translations into English; English Sermons; Translations from Latin,2,eng
/works/OL8010988W,1961,"Saint Ambrose, Bishop of Milan","Hexameron, Paradise, and Cain and Abel (Fathers of the Church (Paper))",John J. Savage (Translator),Catholic University of America Press,Bible; Christian Church; Latin Sermons; Translations into English; Early Christian Sermons; Christianity; RELIGION; Systematic; Sermons; Christian Theology,1,eng
/works/OL8010999W,1961,"Saint Ambrose, Bishop of Milan","Saint Ambrose. Hexameron, Paradise, and Cain and Abel (Fathers of the Church A new translation Volume 42)",John J. Savage (Translator),Catholic University of America Press,"Latin Sermons; Sermons; Translations into English; Early Christian Sermons; Bible; Religious literature, history and criticism",1,eng
/works/OL36891521W,1961,Seneca,"Seneca's Tragedies Vol. II of Two (Agamemnon / Thyestes / Hercules Oetaeus / Phoenissae / Octavia, Loeb Classical Library)",,Heinemann / Harvard,,1,
/works/OL15223009W,1961,Seneca the Younger,Seneca als moralist,,E.J. Brill,,1,eng
/works/OL1313847W,1961,Sextus Propertius,"Elegies, book I",,University Press,"Elegiac poetry, Latin; Latin Elegiac poetry; Latin Love poetry; Love poetry, Latin; Man-woman relationships; Poetry; Translations into English; Poetry (poetic works by one author)",3,eng; lat
/works/OL1313849W,1961,Sextus Propertius,The poems of Sextus Propertius,"McCulloch, J. P., tr.",University of California Press,"Man-woman relationships; Latin Love poetry; Translations into English; Poetry; Latin Elegiac poetry; Love poetry, Latin; Elegiac poetry, Latin; Poetry (poetic works by one author); Relations entre hommes et femmes; Poésie",4,lat; eng
/works/OL109524W,1961,Stanisław Lem,Solaris,Joanna Kilmartin (Translator),Antígona,"Translations into English; English fiction; Polish Science fiction; Polish fiction; Translations from Polish; Science fiction; Fiction, science fiction, general; Slavic philology; Life on other planets; Fiction",76,spa; ita; ger; hun; fre; rus; tur; pol; por; cze; heb; eng
/works/OL546814W,1961,Thomas Aquinas,Commentary on the Metaphysics of Aristotle,"Rowan, John Patrick, tr.",H. Regnery,Metaphysics; Early works to 1800,3,eng; und
/works/OL8059766W,1961,Thomas Aquinas,Providence and Predestination,,"Henry Regnery, A.","Theory of Knowledge; Knowledge, Theory of.; Early works to 1800; Catholic Church; Providence and government of God; Predestination",2,eng
/works/OL16827339M,1961,Thomas Brown,Works ...,,,Erotic literature.; Latin literature -- Translations into English.,1,eng
/works/OL1090225W,1961,Thomas More,Selected letters,,Yale University Press,Correspondence; Sources; Politics and government; Christian martyrs; Intellectual life; Humanists; History; Statesmen,5,eng; ita
/works/OL1090214W,1961,Thomas More,St. Thomas More,,Yale University Press,Devotional literature,3,eng
/works/OL1090221W,1961,Thomas More,The Yale edition of the works of St. Thomas More,,Yale University Press,Statesmen; History,2,eng
/works/OL1090102W,1961,Thomas More,The book of Sir Thomas More,,Oxford University Press,,1,eng
/works/OL1090235W,1961,Thomas More,The complete works of St. Thomas More,,Yale University Press,,8,lat; eng
/works/OL481356W,1961,Titus Maccius Plautus,"Plautus, with an English translation by Paul Nixon","Nixon, Paul, 1882- tr.",Harvard University Press,,1,eng
/works/OL42457340W,1961,Vergil,Aeneid,,Palmetto Publishing,"Fiction, action & adventure",2,eng
/works/OL29279972W,1961,"Wright, Wilmer Cave, Trans. by","Remains of Old Latin Vol. III of Four (Lucilius / The Twelve Tables, Loeb Classical Library)",,Harvard/William Heinemann,,1,
/works/OL31539570W,1961,ed. & trs. L. Van Hook Isocrates,"Isocrates (Loeb Classical Library), Vol. III [only]",,Heinemann,,1,eng
/works/OL37802216W,1961,with an English Translation by Walter C. A. Ker Martial,Epigrams. Two Volumes (Loeb Classical Library),,Harvard University Press,,1,
/works/OL38404104W,1962,,Appian's Roman History (Loeb Classical Library) (4 Volumes),,Heinemann/Harvard,,1,
/works/OL137856W,1962,Augustine of Hippo,Political writings,,Hackett,Early works to 1800; Christianity and politics; Political science; Filosofia patrística; Politieke filosofie; Kerk en staat; Ouvrages avant 1800; Filosofia medieval; Idées politiques; Correspondance,5,eng
/works/OL15149419W,1962,Augustine of Hippo,The political writings of St. Augustine,,Gateway Editions,Political science,1,eng
/works/OL961478W,1962,Aurelius Clemens Prudentius,Poems,,Catholic University of America Press,Translations into English; Latin Hymns; English Hymns; Translation from Latin; Apologetics; Early church; History; Early works to 1800; Theology; Translations,2,eng
/works/OL961494W,1962,Aurelius Clemens Prudentius,The poems of Prudentius,,Catholic University of America Press,Translations into English; Latin Hymns; Latin Poets; Early Christian literature,2,eng
/works/OL31265578W,1962,Boethius,Colsolation of Philosophy,,The Bobbs-Merrill Co.,,1,eng
/works/OL9248251W,1962,Boethius,The Consolation of Philosophy,,Cosimo Classics,Philosophy; Nonfiction,4,eng
/works/OL29275671W,1962,Boethius,The theological tractates / Boethius ; with an English trans. by H.F. Stewart and E.K. Rand,,Harvard University Press,,1,eng
/works/OL10509456W,1962,Boethius,"The theological tractates and, the consolation of philosophy",,Harvard University Press,,1,eng
/works/OL36998936W,1962,Boethius H.F. and E.K. Rand Stewart,"Boethius; the theological tractates, with an English translation. The consolation of philosophy, with the English translation of I.T. (1609), revised by H.F. Stewart.",,"Cambridge, Harvard University Press",,1,eng
/works/OL42476867W,1962,Boethius; H. F. Stewart; Edward Kennard Rand,The theological tractates; The conslidation of philosophy,,Harvard University Press,,1,lat; eng
/works/OL872225W,1962,Carlos Fuentes,Aura,Lysander Kemp (Translator),"Farrar, Straus and Giroux","Spanish Science fiction; Translations into English; Fiction (fictional works by one author); Fiction, general; Spanish language materials; Mexican fiction; Man-woman relationships; Fiction; Mexicano Novela; Spanish fiction",65,vie; ara; swe; pol; nor; ita; eng; por; dut; fin; srp; per; lit; tur; ger; arm; slv; ben; mal; spa
/works/OL17982550W,1962,Cicero,"Brutus, with an English translation by G.L. Hendrickson. Orator, with an English translation by H.M. Hubbell",,,Ancient Oratory,1,eng
/works/OL33050547W,1962,Cornelius Tacitus,"The histories, with an English translation by Clifford F. Moore",,Harvard University Press,History,1,eng
/works/OL679645W,1962,Desiderius Erasmus,"Epistles of Erasmus, from his earliest letters to his fifty-first year, arr. in order of time",,Russell & Russell,Correspondence,1,eng
/works/OL679643W,1962,Desiderius Erasmus,"Epistles, from his earliest letters to his fifty-first year, arranged in order of time",,Russell & Russell,,1,eng
/works/OL679684W,1962,Desiderius Erasmus,Handbook of the militant Christian,,Fides Publishers,Christian life.; Christian life,1,eng
/works/OL252012W,1962,Francis Fawkes,Original poems and translations,,printed for the author. And sold by R. and J. Dodsley; J. Newbery; L. Davis and C. Reymers; T. Davies; and by H. Dell,English poetry; Latin poetry; Translations into English,4,eng; lat; enm
/works/OL1161643W,1962,Frederick Brittain,The Penguin book of Latin verse,,Penguin Books,Latin poetry; Translations into English; Poetry; Journalism,2,lat; eng; slo
/works/OL43367557W,1962,H. (trans.) Tacitus;  Mattingly,"Tacitus on Britain and Germany A New Translation of the ""Agricola"" and the ""Germania"".",,Penguin,,1,eng
/works/OL5589058W,1962,Heinrich Cornelius Agrippa von Nettesheim,Oracle du destin,,Evelyn,Fortune-telling; Man-woman relationships; Miscellanea; Women; Love,4,eng
/works/OL151089W,1962,Hergé,Tintin en Amérique,"Wang, Bingdong, translator",French & European Pubns,"series:Les Aventures de Tintin; Pictorial Belgian wit and humor; Comic books, strips; Adventure and adventurers; Belgian wit and humor, Pictorial; Cartoons and comics; Crime; Fiction; Reporters and reporting; Translations into English",44,fre; ger; ita; tur; ara; bre; spa; cat; swe; eng; wel; chi; pol
/works/OL19330286W,1962,"J. P. Postgate, J.W. Mackail translaters F.W. Cornish",Works: WITH Works AND Pervigilium Veneris (Loeb Classical Library),,Heinemann,,1,
/works/OL29690686W,1962,John Carew Rolfe; Suetonius,Twelve Caesars,,Independently Published,,3,eng
/works/OL110959W,1962,Jorge Luis Borges,Labyrinths,,Penguin Books,Anachronisms; speculative fiction; subjective idealism; duodecimals; aneurysms; adjectives; hermeticism; philanthropy; cabala; persecution,27,spa; eng; ger
/works/OL40500311W,1962,Juvenal; John Dryden,Satires,,CreateSpace Independent Publishing Platform,,3,lat; eng; fre
/works/OL7334431W,1962,"Lekeux, Martial",Short cut to divine love,,Franciscan Herald Press,Catholic Church; Spiritual life,1,eng
/works/OL2566192W,1962,Lucan,"The Civil War, books I-X",,Harvard University Press,"History; Pharsalus, Battle of, Farsala, Greece, 48 B.C.; Rome Civil War, 49-45 B.C.",1,eng
/works/OL9606846W,1962,M. Clement Eagan,The Fathers of the Church,,Catholic Univ of Amer Pr,Church history; Religious poetry; Latin Hymns; Translations into English,2,eng
/works/OL2753326W,1962,"McKay, Alexander Gordon",Naples and Campania,,[D.G. Seldon Printing] Vergilian Society of America,Antiquities; Translations into English; Latin literature,1,eng
/works/OL97754W,1962,Ovid,"Ovid; the Art of love, and other poems",,Harvard University Press,Incantations,4,lat; eng
/works/OL97722W,1962,Ovid,"The Halieutica, ascribed to Ovid",,"University of London, Athlone Press",Poetry; Marine animals; Latin Didactic poetry; Latin language materials,2,eng
/works/OL979910W,1962,Pablo Neruda,Plenos poderes,Alastair Reid (Translator),Farrar Straus Giroux,"Chilean poetry; Translations into English; Spanish poetry; Spanish language books; Poetry (poetic works by one author); Children's poetry; Latin american poetry; Neruda, pablo, 1904-1973",11,eng; spa
/works/OL10563167W,1962,Petronius,Dinner at Trimalchio's,,Witwatrsrand University Press,,1,eng
/works/OL17965771W,1962,Petronius,Le satiricon,,Les Belles lettres,,1,fre; eng
/works/OL1257849W,1962,Pliny the Elder,"Selections from the 'The history of the world', commonly called 'The natural history of C. Plinius Secundus'",,Centaur Press,,1,eng
/works/OL1512362W,1962,Publius Terentius Afer,The brothers (Adelphoe) [by] Terence,,Bobbs-Merrill,,1,eng
/works/OL1512414W,1962,Publius Terentius Afer,"The mother-in-law (Hecyra)  Translated, with an introd. by Frank O. Copley",,Bobbs-Merrill,,1,eng
/works/OL10314009W,1962,Quintilian,Institutionis oratoriae liber X,,The Clarendon Press,,1,eng
/works/OL31491178W,1962,SAINT BASIL,The Letters. Volume II (The Loeb Classical Library),,Harvard University Press,,1,
/works/OL936129W,1962,Sallust,The war against Jugurtha and the conspiracy of Catiline,,The New English Library,"Jugurthine War, 111-105 B.C.; History",1,eng
/works/OL43009191W,1962,Samuel Johnson; Juvenal; Donald Frizell Hyde,The vanity of human wishes,,Printed by the Stinehour Press and the Meriden Gravure Company,"Parodies, imitations",1,eng
/works/OL102294W,1962,Seneca the Younger,Select letters of Seneca,,Macmillan,,3,eng; lat
/works/OL44105361W,1962,Tacitus,"The Histories Vol. I of Four (Loeb Classical Library, Books I-III)",,Heinemann / Harvard,,1,
/works/OL7364182W,1962,Theodore E. Kyriak,"International communist developments, 1957-1961",,Research Microfilms,Bibliography; Communism; Translations into English; Indexes; World politics; Translations; United States. Joint Publications Research Service,1,eng
/works/OL546807W,1962,Thomas Aquinas,Aristotle,"Oesterle, Jean T., tr.",Marquette University Press,Filosofia medieval; Aristotelismo (comentários); De interpretatione (Aristotle); Early works to 1800; Filosofia escolástica; Logic; Commentaries; Proposition (Logic); Filosofia cristã,2,eng
/works/OL546656W,1962,Thomas Aquinas,"Philosophical texts, selected and translated by Thomas Gilby",,Oxford University Press,Medieval Philosophy,1,eng
/works/OL43361944W,1962,Thomas Aquinas,St Thomas Aquinas Treatise On Man,,"Prentice-Hall, Inc.","Thomas, aquinas, saint, 1225?-1274",2,eng
/works/OL15314560W,1962,Thomas Aquinas,Treatise on man,,"ABC-CLIO, LLC",Anthropology; History of doctrines; Theological anthropology; Man (Theology); Christianity; Man (Christian theology); Early works to 1800; Human beings; Psychology; Philosophical anthropology,5,eng; lat
/works/OL1090186W,1962,Thomas More,A translation of St. Thomas More's Responsio ad Lutherum,,Catholic University of America Press,,1,eng
/works/OL1090230W,1962,Thomas More,Lettre à Dorp,,Éditions du soleil levant,Catholic Church; Catholic authors; Doctrinal and controversial works; Doctrines; Purgatory; Controversial literature,4,fre; eng
/works/OL35358480W,1962,Thomas More,Utopia and a Dialogue of Comfort. Everyman's Library #461,,Everyman's Library,,1,eng
/works/OL1261046W,1962,Titus Livius,A history of Rome: selections,"Hadas, Moses, 1900- tr.",Modern Library,History,1,eng; lat
/works/OL1261058W,1962,Titus Livius,Livy :a history of Rome,,Modern Library,History,1,eng
/works/OL1261059W,1962,Titus Livius,Livy: a history of Rome: selections,,Modern Library,History,1,eng
/works/OL38741712W,1962,Titus Lucretius Carus,On the nature of the universe,"Latham, R. E. (Ronald Edward), translator",Penguin Books,,2,eng; lat
/works/OL10445841W,1962,Vitruvius Pollio,Vitruvius on architecture,,Harvard University Press,,1,eng
/works/OL16036703W,1963,,Prize stories from Latin America,,Doubleday,Spanish American Short stories; Translations into English; English Short stories,1,eng
/works/OL17728311M,1963,,Roman comedies,,Modern Library,Latin drama (Comedy); Latin drama -- Translations into English.; English drama -- Translations from Latin.,1,eng
/works/OL4240566W,1963,Ambrosius Aurelius Theodosius Macrobius,Saturnalia,,Columbia University Press,Civilization; Latin Dialogues; Latin Religious poetry; Poetry; Translations into English,8,fre; eng; lat
/works/OL1152902W,1963,Arturo Torres-Rioseco,Short stories of Latin America,,Las Americas Pub. Co.,"Short stories, Spanish American; Social life and customs; Translations into English; Fiction; Spanish American Short stories; English Short stories; Translations from Spanish; Manners and customs",1,eng
/works/OL13312399W,1963,Augustine of Hippo,The Trinity,,Catholic University of America Press,Trinity; Early works to 1800,1,eng; lat
/works/OL15218056W,1963,Cicero,Phillippics,"Ker, Walter Charles Alan, 1853-1929, tr.",Harvard University Press,,2,eng
/works/OL20944017W,1963,Claudius Claudianus,Claudian,"Platnauer, Maurice, translator",Harvard University Press,Latin poetry; Translations into English,1,lat
/works/OL42635505W,1963,Cornelius Tacitus; William Peterson; Maurice Hutton,"Dialogus, Agricola, Germania",,Harvard University Press,Germanic peoples; History,1,eng; lat
/works/OL679907W,1963,Desiderius Erasmus,Erasmus and Cambridge,"Thomson, D. F. S. 1919- tr.",Toronto U.P.,University of Cambridge; Sources; History,6,eng
/works/OL679876W,1963,Desiderius Erasmus,On copia of words and ideas,,Marquette University Press,Rhétorique,2,eng
/works/OL20550611W,1963,Desiderius Erasmus,On copia of words and ideas (De utraque verborem [sic] ac rerum copia),,Marquette University Press,,1,eng
/works/OL679736W,1963,Desiderius Erasmus,"On copia of words and ideas (De utraque verborem [sic] ac rerum copia)  Translated from the Latin, with an introd",,Marquette University Press,,1,eng
/works/OL15227218W,1963,Desiderius Erasmus,On the copia of words and ideas,,Marquette University Press.,,1,eng
/works/OL679637W,1963,Desiderius Erasmus,The Enchiridion of Erasmus,,Indiana University Press,Practical Theology; Christian life; Christian ethics,1,eng
/works/OL10424923W,1963,Francis Bacon,A preface to Bacon,,Hutchinson Educational,Philosophy,2,eng
/works/OL32142533W,1963,Francis Bacon,The complete essays of Francis Bacon,,Washington Square Press,English essays,1,eng
/works/OL10307053W,1963,Gaius Julius Caesar,War commentaries of Caesar,,New American Library,"History; Rome Civil War, 49-45 B.C.",1,eng
/works/OL394365W,1963,Gaius Valerius Catullus,I hate and love,,Outposts Publications,,1,eng
/works/OL3936018W,1963,George Eckel Duckworth,Roman comedies,,Modern Library,Latin drama; Latin drama (Comedy); Translations into English; English drama,1,eng
/works/OL31399931W,1963,"Green, William M (trans), Augustinius",Saint Augustine The City of God Against the Pagans II Books IV-VII,,Heinemann/Harvard (Loeb Classical Library),,1,
/works/OL3750627W,1963,Harry Ezekiel Wedeck,"Classics of Roman literature, from the literary beginnings to the end of the silver age",,"Littlefield, Adams",Translations into English; Latin literature; English literature; Translations from Latin; Literary collections,2,eng; lat
/works/OL37802738W,1963,Horace,Odes of horace Translated By James Michie,,Orion Press,,1,eng
/works/OL4352550W,1963,Jakob Bidermann,Cenodoxus,,M. Niemeyer,"Jesuit drama, Latin (Medieval and modern; Jesuit drama, Latin (Medieval and modern); Translations into English; Latin literature, translations into english",7,lat; eng; ger
/works/OL1314838W,1963,Johannes Tinctoris,Terminorum musicae diffinitorium,"Parrish, Carl, tr.",Free Press of Glencoe; Collier-Macmillan,Early works to 1800; Music; Music theory; Terminology; Dictionaries; Latin; Latin language; History; Theory; German,11,lat; eng; ger; ita
/works/OL14860424W,1963,Julio Cortázar,Rayuela,,La Repubblica,"Chronology; Social life and customs; Spanish fiction; Argentine fiction; Translations into English; Manners and customs; Fiction; Fiction, general; Fiction (fictional works by one author); Fiction, suspense",129,tur; ukr; swe; fin; geo; cze; pol; rus; lit; gre; ita; dan; heb; nor; ger; fre; rum; chi; arm; por; bul; eng; spa; dut; srp; ara; est; per
/works/OL28616507W,1963,Julius Caesar,Commentaries of Caesar on the Gallic War,,D. McKay Co.,History,2,eng; lat
/works/OL38746726W,1963,Lucius Annaeus Seneca,"Jasper Heywood and his translations of Seneca's Troas, Thyestes and Hercules furens",,Kraus Reprint,,1,eng
/works/OL31218723W,1963,Lucius Annaeus Seneca,"Moral Essays; Volume I [Latin and English] (The Loeb Classical Library, 214)",,Harvard University Press / Heinemann,,1,
/works/OL38739753W,1963,Lucius Annaeus Seneca,Moral essays,,Harvard University Press,,1,eng; lat
/works/OL442011W,1963,Ovid,"The loves, The art of beauty, The remedies for love","Humphries, Rolfe, tr.",Indiana University Press,,1,eng
/works/OL17978903W,1963,P. Cornelius Tacitus,"Tacitus, selections from his works",,University of Oklahoma Press,Latin language text,1,eng
/works/OL36655370W,1963,Petronius; Franz Buecheler,Saturae,,"Olms Verlag AG, Georg",Petronius arbiter,1,eng
/works/OL2739626W,1963,Pope Gregory I,Expositiones,,Typographi Brepols Editores Pontificii,Commentaries; Bible,1,eng
/works/OL17915329W,1963,Publius Terentius Afer,The eunuch,,Bobbs-Merrill Co.,,1,eng
/works/OL1512451W,1963,Publius Terentius Afer,The self-tormentor (Heautontimorumenos)  Translated with an introd,,Bobbs-Merrill,,1,eng
/works/OL47071W,1963,Publius Vergilius Maro,"The Aeneid of Henry Howard, Earl of Surrey",,California U.P.,Poetry,2,eng
/works/OL47129W,1963,Publius Vergilius Maro,Virgil: Georgics I & IV,,Methuen,,3,eng; lat
/works/OL10314041W,1963,Quintilian,The Instituto oratoria,,"Harvard University Press, 1959-63 [v. 1, 1963]",,2,eng
/works/OL523943W,1963,"Saint Ambrose, Bishop of Milan",Saint Ambrose,"Deferrari, Roy J. 1890-1969, tr.",Catholic University of American Press,Holy Spirit; Early works to 1800; Sacraments,1,lat; eng
/works/OL523980W,1963,"Saint Ambrose, Bishop of Milan",Theological and dogmatic works,,Catholic University of America Press in association with Consortium Books,Early works to 1800; Holy Spirit; Sacraments,2,eng
/works/OL912282W,1963,Saint Jerome,The letters of St. Jerome,,Newman Press; (etc),"Translations into English; Église; Latin letters; Histoire; Littérature chrétienne primitive; Jerome, saint, -419 or 420",3,lat; eng
/works/OL15222888W,1963,Seneca the Younger,"Jasper Heywood and his translations of Senaca's Troas, Thyestes and Hercules furens",,Krauz Reprint,,1,eng
/works/OL18000895W,1963,Seneca the Younger,Moral essays,,,,1,eng
/works/OL33144897W,1963,Suetonius,"The lives of the twelve Caesars /Suetonius ; the translation by Philemon Holland ; rev. for the present ed. ; with an introd., by Moses Hadas, and illustrated with paintings by Salvatore Fiume",,Printed for the members of the Limited Editions Club at the Stamperia Valdonega,Emperors; History,1,eng; lat
/works/OL35291070W,1963,Tacitus,The Annals of Imperial Rome,,Cassell & Company,,1,eng
/works/OL38481994W,1963,Thomas Aquinas,Commentary on Aristotle's Physics,,Routledge & Kegan Paul,,1,lat; eng
/works/OL546509W,1963,Thomas Aquinas,The divisions and methods of the sciences,,Pontifical Institute of Medieval Studies,Early works to 1800; Ancient Philosophy; Science; History and criticism; Criticism and interpretation; Trinity; Religious aspects of Science,1,eng
/works/OL546770W,1963,Thomas Aquinas,Thed ivision and methods of the sciences,,Pontifical Institute ofMediaeval Studies,,1,eng
/works/OL546793W,1963,Thomas Aquinas,Treatise on God,"Anderson, James Francis, 1910- ed. and tr.",Prentice-Hall,God,2,lat; eng
/works/OL9236452W,1963,Thomas More,The Yale Edition of The Complete Works of St. Thomas More,,Yale University Press,English literature; English poetry; Heresy; Hérésie; Protestantisme; 11.54 Roman Catholicism; Controversial literature; Eucharistie; Theologie; Transubstantiation,14,lat; grc; enm; eng
/works/OL7364310W,1963,Thomas More Storke,I write for freedom,,McNally and Loftin; distr. by Academy Library Guild,"Correspondence, reminiscences; History; Journalists; Correspondence",1,eng
/works/OL31721547W,1963,"Tinctoris, Johannes Parrish, Carl,",Dictionary of musical terms. An English translation of Terminorum musicae diffinitorium together with the Latin text,,Free Press of Glencoe,,1,
/works/OL24855859W,1963,Titus Livius,"Titus Livius, book two",,Macmillan,,1,eng
/works/OL18001607W,1963,Titus Lucretius Carus,De rerum natura libri sex,,Clarendon Press,,1,eng
/works/OL1548599W,1963,Titus Lucretius Carus,"De rerum natura libri sex, edited with prolegomena, critical apparatus, translation and commentary by Cyril Bailey",,Clarendon Press,,1,eng
/works/OL481394W,1963,Titus Maccius Plautus,"Amphitryon, and two other plays",,Norton,Amphitryon (Greek mythology); Drama; Translations into English; Continental european drama (dramatic works by one author),2,eng; lat
/works/OL481425W,1963,Titus Maccius Plautus,Six plays,,Anchor Books,,2,eng
/works/OL481371W,1963,Titus Maccius Plautus,Six plays of Plautus,"Casson, Lionel, 1914- ed. and tr.",Anchor Books,Translations into English,1,eng; lat
/works/OL481381W,1963,Titus Maccius Plautus,T. Macci Plauti Miles Gloriosus,,Oxford University Press,,1,eng
/works/OL481396W,1963,Titus Maccius Plautus,The Braggart Soldier,Erich Segal (Translator),Samuel French,Latin Drama; Classical philology,2,eng
/works/OL29305891W,1963,Translator) AMMIANUS MARCELLINUS (John C. Rolfe,Ammianus Marcellinus. With an English Translation by John C. Rolfe. In Three Volumes [The Loeb Classical Library],,Harvard University Press,,1,eng
/works/OL150011W,1963,Willis Knapp Jones,Spanish-American literature in translation,,Ungar,Spanish American literature; Translations into English; English literature; Translations from Spanish; Translations; Literary collections,6,eng
/works/OL43125885W,1963,h. j. edwards,caesar the gallic war,,loeb classical library,,1,eng
/works/OL17958894W,1964,,More Oxford compositions,,Clarendon Press,Classical literature; Translations from English; English literature; Translations into classical literature; Translations into Greek; Translations into Latin; Translations,1,eng
/works/OL36430586W,1964,A. G. Way,"Caesar. Alexandrian, African, and Spanish Wars. Loeb Classical Library",,Harvard University Press,,1,eng
/works/OL20258987W,1964,Anicius Manlius Severinus Boethius,The Consolation of Philosophy,,"ReadHowYouWant.com, Limited",,45,eng
/works/OL137846W,1964,Augustine of Hippo,The essential Augustine,,Hackett Pub. Co.,"Theology; Early works to 1800; Collected works; Early church, ca. 30-600; History; Ouvrages avant 1800; Théologie",4,eng
/works/OL10727071W,1964,Augustine of Hippo,The greatness of the soul,,Paulist Press,"Inner Light; Knowledge, Theory of (Religion); Soul; Signs and symbols; Early works to 1800; Christianity",2,eng
/works/OL1426151W,1964,"Caesarius of Arles, Saint","Sermons, volume II (81-186)",,Catholic University of America Press,"English Sermons; Latin Sermons; Sermons, English; Sermons, Latin; Translations from Latin; Translations into English",2,eng
/works/OL67451W,1964,Cicero,The thought of Cicero,,Bell,"Early works to 1800; Philosophy; Philosophy, ancient",3,eng
/works/OL1002138W,1964,Clarice Lispector,A paixão segundo G.H.,,J. Olympio,"Romance; Fiction; Brazil; Rio de Janeiro; Fiction, general; Women; Translations into English; Social conditions; Philosophy; Brazilian literature",28,cat; spa; eng; por
/works/OL12337146W,1964,Claude Lyle Hulet,Latin American prose in English translation,,Pan American Union,Bibliography; Latin American literature; Translations into English,1,eng
/works/OL38740174W,1964,Cornelius Tacitus,The Agricola of Tacitus,,Macmillan,,1,eng
/works/OL15227369W,1964,Desiderius Erasmus,Adagia,,Apud Joan. Jannssonium [sic],Early works to 1800; Greek Maxims; Greek Proverbs; History and criticism; Latin Maxims; Latin Proverbs; Peace; Proverbs; Translations into German; Translations into Italian,11,eng; ger; spa; pol; lat; ita
/works/OL679737W,1964,Desiderius Erasmus,On the aim and method of education,,Teachers' College Press,"Erasmus, desiderius, -1536; Education",1,eng
/works/OL679519W,1964,Desiderius Erasmus,"The ""Aadages"" of Erasmus",,Cambridge University Press,,1,eng
/works/OL679522W,1964,Desiderius Erasmus,"The ""Adages"" of Erasmus; a study with translations, by Margaret Mann Phillips",,University Press,,1,eng
/works/OL679908W,1964,Desiderius Erasmus,The Essential Erasmus (Essentials),,Plume,Humanisme; Sources; Intellectual life; 16e siècle; Translations into English; Humanists; Philosophie; Doctrines; Early works to 1800; Humanism,5,eng
/works/OL679918W,1964,Desiderius Erasmus,The essential Erasmus,John P. Dolan (Translator),Plume,Early works to 1800; Catholic Church; Doctrines; Humanism; Theology; Intellectual life; Translations into English; Humanists; Sources; Humanisme,6,eng
/works/OL3289188W,1964,"Fanshawe, Richard Sir",Shorter poems and translations,,Liverpool University Press,Translations into English; Latin poetry; Romance-language poetry,2,eng
/works/OL10424946W,1964,Francis Bacon,The philosophy of Francis Bacon,,Liverpool University Press,,2,eng
/works/OL394387W,1964,Gaius Valerius Catullus,Poems;translated by F.W. Cornish!; Tibullus poetry;translated by J.P. Postgate! and 'Pervigilium Veneris'; translated by J.W. Mackail!,,Heinemann;Harvard U.P,,1,eng
/works/OL12289230W,1964,Gaius Valerius Flaccus,Argonautica,,"Ex officina Guilielmi vande Water, Academiae typographi",Argonautica; Jason and the Argonauts; Quest for the Golden Fleece; Latin Epic poetry; Translations into English; Argonauts (Greek mythology); Poetry; Jason (Greek mythology); Medea (Greek mythology),4,lat; eng
/works/OL38742392W,1964,Harry E. Wedeck,"Classics of Roman literature, from the literary beginnings to the end of the silver age",,"Littlefield, Adams & Co.",Latin literature; Translations into English; English literature,1,eng
/works/OL32427540W,1964,John Dolan; Desiderius Erasmus,Essential Erasmus,,Penguin Publishing Group,"Erasmus, desiderius, -1536; Classical literature, history and criticism; Philosophy",3,eng
/works/OL38741664W,1964,Julius Caesar,"Alexandrian, African and Spanish wars","Way, A. G., editor, translator",W. Heinemann,,1,eng
/works/OL3029609W,1964,Lactantius,Divine Institutes (Fathers of the Church Series Vol 49),,Catholic Univ of Amer Pr,Religious literature,1,eng
/works/OL13321175W,1964,Lactantius,The  divine institutes,,Catholic University of America Press,Apologetics; Early works to 1800; Doctrinal Theology; History,1,eng
/works/OL3029608W,1964,Lactantius,"The divine institutes, books I-VII","McDonald, Mary Francis, Sister, 1920- tr.",Catholic University of America Press,"Theology, Doctrinal; Apologetics; Early works to 1800",2,eng
/works/OL25369114W,1964,Lactantius; Sister Mary Francis McDonald,"Divine Institutes, Books I-VII",,Catholic University of America Press,,2,eng
/works/OL36430505W,1964,Louis E. Lord,Cicero. Loeb Classical Library. The Speeches. In Catilinam I-IV. Pro Murena. Pro Sulla. Pro Flacco,,Harvard University Press,,1,eng
/works/OL20710822W,1964,Lucius Annaeus Seneca,Seneca,,Indiana University Press,,1,eng
/works/OL7383138W,1964,Nan Braymer,Modern poetry from Spain and Latin America,"Lowenfels, Lillian, joint ed. and tr.",Corinth Books; [distributed by Citadel Press,Spanish poetry; Translations into English; Translations from Spanish; American poetry,3,eng
/works/OL442007W,1964,Ovid,Love poems of Ovid,"Gregory, Horace, 1898- tr.",New American Library,Translations into English; Latin Love poetry,2,eng
/works/OL284403W,1964,P. Cornelius Tacitus,Complete Works * The Annals * The History * The Life of Cnaeus Julius Agricola * Germany and its Tribes * A Dialogue on Oratory,William Jackson Brodribb (Translator),Random House USA Inc,,2,eng
/works/OL17989423W,1964,P. Cornelius Tacitus,The Agricola of Tacitus,,McMillan and Co.,,1,eng
/works/OL33144912W,1964,Petronius,The Satyricon of Petronius,,Limited Editions Club,Romans; Illustraties; Latijn; Klassieke oudheid,1,eng
/works/OL20966106W,1964,Plautus; E.F. Watling,The Rope and Other Plays,,Penguin Classics,Continental european drama (dramatic works by one author); Translations into English; Greek drama (Comedy),2,eng
/works/OL1257858W,1964,Pliny the Elder,The history of the world,"Holland, Philemon, 1552-1637, tr.",McGraw-Hill,Natural history; Pre-Linnean works,2,eng
/works/OL16280205W,1964,Publius Vergilius Maro,Aeneidos liber secvndvs,,Oxford University Press,Poetry; Latin Epic poetry; Aeneas (Legendary character); Legends,3,eng
/works/OL16280158W,1964,Publius Vergilius Maro,Aeneidos. Liber secundus,,Clarendon Press,,2,eng; lat
/works/OL47108W,1964,Publius Vergilius Maro,Stories from the Aeneid,,Burke,,2,eng
/works/OL15237089W,1964,Publius Vergilius Maro,The Aeneid [by] Virgil,,Penguin Books,,1,eng
/works/OL13053266W,1964,Publius Vergilius Maro,The Aeriad,,Frederick Ungar,,1,eng
/works/OL16280201W,1964,Publius Vergilius Maro,"Vergil's Aeneid, books I-VI",,Bolchazy-Carducci Publishers,"Poetry; Problems, exercises; Legends; Readers; Latin Epic poetry; Latin language; Aeneas (Legendary character)",2,eng
/works/OL32015984W,1964,Publius Vergilius Maro,Virgil's Aeneid,,Dent,Latin Epic poetry; Translations into English; Poetry; Legends,1,eng
/works/OL1097416W,1964,Roger Bacon,The ' Opus majus' of Roger Bacon--Supplementary volume: containing revised text of first three parts,,Minerva-Verlag,,1,eng
/works/OL912281W,1964,Saint Jerome,Homilies,"Ewald, Marie Liguori, 1905- tr.",Catholic University of America Press,Bible; English Sermons; Latin Sermons; Translations into English; Early Christian Sermons; Translations from Latin; Early Christian literature; Sermons,3,lat; eng
/works/OL13321221W,1964,Saint Jerome,The homilies of Saint Jerome,,Catholic University of America Press,Sermons; Latin Sermons; Translations into English; English Sermons; Translations from Latin; Bible; Translations; Early Christian Sermons,1,lat; eng
/works/OL936094W,1964,Sallust,The Jugurthine War / The Conspiracy of Catiline,"S. A. Handford (Introduction, Translator)",Penguin Classics,"Rome, history, republic, 510-30 b.c.; Catilina, lucius sergius, approximately 108 b.c.-62 b.c.; Jugurthine war, 111-105 b.c.; History; Jugurthine War, 111-105 B.C.; Guerre de Jugurtha, 111-105 av. J.-C; Histoire; Jugurthine War, 111 B.C.-105 B.C.; Translations into English",1,eng
/works/OL15222879W,1964,Seneca the Younger,"The fourth and most ruthful tragedy of L. Annaeus Seneca, entituled Hippolytus",,,,1,eng
/works/OL3593826W,1964,Sidney Kobre,"The yellow press, and gilded age journalism",,Florida State University,Journalism; Latin American literature; Translations into English; Bibliography,1,eng
/works/OL34724927W,1964,Stebelton Henry Nulle,Classics of Western thought,,"Harcourt, Brace & World",Literature; Collections; Philosophy; Theology; European literature; Classical literature; Translations into English; English literature; Translations from classical literature,1,eng
/works/OL6582716W,1964,Stebelton Henry Nulle,The ancient world,,"Harcourt, Brace & World","Ancient Civilization; Classical literature; English literature; Sources; Translations from classical literature; Translations into English; Literary collections; Readers, history; Philosophy, modern",3,eng
/works/OL28349475W,1964,Tacitus; Rhiannon Ash,Histories,,Penguin Classics,,3,eng
/works/OL1339340W,1964,Tertullian,Adversus Judaeos,,Città nuova,Early works to 1800; Judaism; Controversial literature; Apologetics; Jews; Relations; Christianity; Ethnic relations; Christianity and other religions; History,7,ita; lat; eng; ger
/works/OL21174440W,1964,Tertullian,De baptismo liber,,S. P. C. K.,Early works to 1800; Baptism,1,eng
/works/OL20947259W,1964,Thomas Aquinas,Christian theology (1a. 1),,McGraw-Hill,Doctrines; Doctrinal Theology; Catholic Church; Middle Ages; History,1,eng
/works/OL546815W,1964,Thomas Aquinas,Commentary on the Nicomachean ethics,"Litzinger, C. I., tr.",Regnery,Ethics,3,eng
/works/OL20947779W,1964,Thomas Aquinas,Dispositions for human acts (1a2ae. 49-54),,McGraw-Hill,Theory of Knowledge; Mind and body,1,eng
/works/OL20947257W,1964,Thomas Aquinas,Existence and nature of God (1a. 2-11),,McGraw-Hill,God; Knowableness; Proof,1,eng
/works/OL546531W,1964,Thomas Aquinas,Exposition of Aristotle's treatise On the heavens,,College of St. Mary of the Springs,,1,eng
/works/OL20947761W,1964,Thomas Aquinas,God's will and providence (1a. 19-26),,McGraw-Hill,Will; God; Providence and government of God,1,eng
/works/OL20947758W,1964,Thomas Aquinas,Knowing and naming God (1a. 12-13),,McGraw-Hill,God; Knowableness,1,eng
/works/OL20947759W,1964,Thomas Aquinas,Knowledge in God (1a. 14-18),,McGraw-Hill,God; Knowableness,1,eng
/works/OL20947768W,1964,Thomas Aquinas,Man made to God's image (1a. 90-102),,McGraw-Hill,God; Theological anthropology; Knowableness,1,eng
/works/OL546629W,1964,Thomas Aquinas,On the eternity of the world,,Marquette University Press,Cosmology; Collections,1,eng
/works/OL20947786W,1964,Thomas Aquinas,Religion and worship (2a2ae. 80-91),,McGraw-Hill,Religion; Worship,1,eng
/works/OL35365065W,1964,Thomas Aquinas,Summa Theologiae Vol. 13 (ia. 90-102 Man Made to God's Image,,Blackfriars/McGraw-Hill,,1,eng
/works/OL15314558W,1964,Thomas Aquinas,Summa theologiæ,,Methuen,Doctrines; Early works to 1800; Doctrinal Theology; Catholic Church; Summa theologiae (Thomas van Aquino),5,eng
/works/OL29277461W,1964,Thomas Aquinas,Treatise on Happiness,,Prentice Hall,Ethics; Happiness,1,eng
/works/OL31231370W,1964,"Thomas Aquinas, St. Gornall, Thomas, Ed.","Summa Theologiae. Vol. 4. Knowledge in God (1a. 14-18). Latin Text, English Translation, Introduction, Notes, Appendices & Glossary By Thomas Gornall",,Eyre and Spottsiwoode,,1,
/works/OL1090153W,1964,Thomas More,More's Utopia and its critics,,"Scott, Foresman","Intellectual life; Utopias; Utopia (More, Thomas, Saint)",2,eng
/works/OL8202806W,1964,Thomas More,Utopia (Selected Works of Sir Thomas More),,Yale Univ Pr,,1,eng
/works/OL9236450W,1964,Thomas More,Utopia (Selected Works of St. Thomas More Series),,Yale University Press,Socialisme; Utopies; Utopias; Argent (Monnaie); Aspect social; Ouvrages avant 1800; Early works to 1800; Pluralisme religieux; Communauté; Vertus,1,eng
/works/OL1261106W,1964,Titus Livius,Titus Livius book one,,Macmillan,,1,eng
/works/OL21230694W,1964,Titus Livius; P. G. Walsh,Ab Urbe Condita,,Liverpool University Press,,2,eng; lat
/works/OL481423W,1964,Titus Maccius Plautus,"The rope, and other plays","Watling, E. F., tr.",Penguin Books,,2,eng
/works/OL7880168W,1964,W. E. P. Pantin,A first Latin verse book,,Macmillan,Composition and exercises; Latin language; Latin poetry; Translations into English,1,eng
/works/OL15453460M,1965,,Classical age,,Dell Publishing,Greek literature -- Translations into English; English literature -- Translations from Greek; Latin literature -- Translations into English; English literature -- Translations from Latin,1,eng
/works/OL67382W,1965,Cicero,The Caesarian orations,"Acheson, G. J., tr.",Witwatersrand University Press,"Early works to 1800; Translations into English; Speeches, addresses, etc., Latin",2,eng
/works/OL1616301W,1965,Claude L. Hulet,Latin American poetry in English translation,,Pan American Union,Bibliography; Translations into English; English poetry; Latin American poetry; Translations from foreign languages; Bibliografía; Disability insurance; Statistics; Motion pictures; Biography,2,eng
/works/OL18450369W,1965,David Hume,An Inquiry Concerning Human Unerstanding,,Liberal Arts Press,Latin Love poetry; Latin Elegiac poetry; Translations into English; Latin Epigrams; Latin poetry,1,lat; eng
/works/OL679667W,1965,Desiderius Erasmus,Essential works of Erasmus,,Bantam Books,Philosophy,1,eng
/works/OL35411452W,1965,Desiderius Erasmus,MORIAE ENCOMIUM or the Praise of Folly,,"Joh. enschedé En Zonen, Haarlem for the Heritage Press",,1,eng
/works/OL23298586W,1965,Diane di Prima,Seven love poems from the Middle Latin,,Poets Press,"Love poetry, Latin (Medieval and modern); Translations into English; Middle Ages; Poetry; Medieval and modern Latin poetry; English poetry",1,eng; lat
/works/OL43977380W,1965,Gaius Valerius Catullus; Arthur Freeman; Louis Zukofsky,61,,,,1,eng
/works/OL2155511W,1965,George Herbert,Latin poetry,"Murphy, Paul R., tr.",Ohio University Press,Translations into English; Medieval and modern Latin poetry; English Devotional poetry,2,eng; lat
/works/OL959921W,1965,Giordano Bruno,Cena de le ceneri,"Namer, Emile, ed. and tr.",Archon Books,"Early works to 1800; Early works to 1900; Occultism; Science; Copernicus, nicolaus, 1473-1543",6,fre; ita; eng
/works/OL27956880W,1965,Giovanni Pico della Mirandola,On the dignity of man,,Bobbs-Merrill,"Human beings; Ontology; Criticism, interpretation; Homme; Ontologie; Homo sapiens (species); Ontology (metaphysics); Philosophers; Bible",1,eng
/works/OL31530581W,1965,H Rushton [translator] Virgil [ Publius Vergilius Maro ] & Fairclough,"Virgil With An English Translation In Two Volumes - I Eclogues, Georgics, Aeneid I - VI",,Heinemann - Harvard University Press,,1,
/works/OL32022936W,1965,Julius Caesar,The Gallic Wars and the Civil War,,Distributed by Heron Books,History,1,eng
/works/OL38586823W,1965,Julius Caesar,The conquest of Gaul,"Handford, S. A. (Stanley Alexander), 1898-1978, translator",Penguin Books,History,1,eng
/works/OL34617699W,1965,Juvenal,Satires,,University of Michigan Press,,2,eng
/works/OL697087W,1965,Juvenal,Satires. Translated by Jerome Mazzaro,,University of Michigan Press,,1,eng
/works/OL24264581W,1965,Lactantius,Lactantius,,Catholic University of America Press,Theology; Early works to 1800; History; Early church,1,eng
/works/OL3029618W,1965,Lactantius,Lactantius: the minor works,,Catholic University of America Press,Early works to 1800; Theology,1,eng
/works/OL3029663W,1965,Lactantius,Minor works,"McDonald, Mary Francis, Sister, 1920- tr.",Catholic University of America Press,"Christian poetry, Latin; History; Latin Christian poetry; Theology; Translations into English; Apologetics; Early works to 1800; Doctrinal Theology; Filosofia patrística; Filosofia cristã",5,eng
/works/OL1190426W,1965,"Lindsay, Jack",Ribaldry of ancient Rome,,F. Ungar Pub. Co.,Latin literature; Translations into English; Love in literature; Translations from Latin; English literature,1,eng
/works/OL2566197W,1965,Lucan,De Bello Civili Bk 7,,Cambridge University Press,"Mathematics, study and teaching",1,eng
/works/OL42674438W,1965,Lucius Apuleius; William Adlington; Stephen Gaselee,The golden ass,,Harvard University Press,Latin literature,1,lat; eng
/works/OL13078118W,1965,Ludwig Wilhelm Brueggemann,A view of English editions,,Franklin,Translations into English; English literature; Bibliography; Translations from Latin; Classical literature; Translations into Greek; Latin literature; Greek literature,1,eng
/works/OL7158907W,1965,Ludwig Wilhelm Brüggemann,"A view of the English editions, translations and illustrations of the ancient Greek and Latin authors",,printed by Iohn Samuel Leich,Bibliography; Translations into English; In literature; Classical literature; Translations from classical literature; English literature; Latin literature; Greek literature,6,eng
/works/OL10423420W,1965,Milan Kundera,Směšné lásky,S. Rappaport (Translator),J.Murray,Social life and customs; Fiction; Czech Short stories; Translations into English; Manners and customs; Continental european fiction (fictional works by one author); Czech Republic in fiction; Czechoslovakia in fiction; Translations into Russian; Czech fiction,52,eng; fre; chi; ger; spa; por; rus; tur; vie; ita; cze; hun
/works/OL441921W,1965,Ovid,Aro amatoria,,Folio Society,,1,eng
/works/OL20938439W,1965,Ovid,"Tristia, Ex ponto","Wheeler, Arthur Leslie, 1871-1932, translator",Harvard University Press,Latin language text,1,eng
/works/OL35316600W,1965,Pliny,C. Plini Secundi Epistulae selectae. Selected letters of Pliny,,University of Oklahoma Press,,1,eng
/works/OL2739673W,1965,Pope Gregory I,Bischofs Waerferths von Worcester übersetzung der Dialoge Gregors des Grossen über das Leben und die Wunderthaten italienischer Väter und über die Unsterblichkeit der Seelen,,Wissenschaftliche Buchgesellschaft,Miracles; Immortality; Saints; Italian Saints,2,eng; ang
/works/OL10314045W,1965,Quintilian,On the early education of the citizen-orator,,Bobbs-Merrill,Rome; Education; Ancient Oratory,4,lat; eng
/works/OL10314042W,1965,Quintilian,Quintiliani Institutionis oratoriae,,Clarendon Press,Ancient Rhetoric; Oratory,2,eng
/works/OL16477498W,1965,Quintilian; James Jerome Murphy,On the early education of the citizen-orator,,Bobbns-Merrill,Early works to 1800; Education; Oratory,1,eng
/works/OL36430501W,1965,R. Gardner,Cicero. Loeb Classical Library. The Speeches. Pro Caelio. De Provinciis Consularibus. Pro Balbo,,Harvard University Press,,1,
/works/OL912244W,1965,Saint Jerome,"Saint Jerome, dogmatic and polemical works","Hritzu, John Nicholas, tr.",Catholic University of America Press,Early works to 1800; Theology; Theology -- Early works to 1800; Filosofia patrística; Filosofia cristã,1,eng
/works/OL8497532W,1965,Saint Jerome,The Fathers of the Church: A New Translation : Saint Jerome,"John N., Ph.D. Hritzu (Translator)",Catholic University of America Press,Religious thought,1,eng
/works/OL7982440W,1965,Seneca the Younger,Ad Lucilium Epistulae Morales: Volume I,,"Oxford University Press, USA","Conduct of life, early works to 1800; Ethics",1,lat; eng
/works/OL7982441W,1965,Seneca the Younger,Ad Lucilium Epistulae Morales: Volume II,,"Oxford University Press, USA","Conduct of life, early works to 1800; Ethics",1,eng
/works/OL2683553W,1965,Stanisław Lem,The Cyberiad,,Penguin Classics,"Poland in fiction; Fiction; Polish Science fiction; Polish fiction; Polish Short stories; Continental european fiction (fictional works by one author); Fiction, science fiction, general; Translations into English; Robots; Inventors",42,eng; spa; fre; pol; ger
/works/OL43104769W,1965,Suetonius,The Lives of the Twelve Caesars Emperors of Rome,,"the george macy companies, inc.",,1,eng
/works/OL38844661W,1965,Thomas Aquinas,Concerning being and essence,"Leckie, George G. (George Gaines), translator",Appleton-Century-Crofts,Ontology; Substance (Philosophy),1,eng
/works/OL20947778W,1965,Thomas Aquinas,Fear and anger (1a2ae. 40-48),,McGraw-Hill,Anger; Fear,1,eng
/works/OL546620W,1965,Thomas Aquinas,On being and essence: a translation and interpretation,,Univ. of Notre Dame Press,Metaphysics,1,eng
/works/OL20947784W,1965,Thomas Aquinas,Original sin (1a2ae. 81-85),,McGraw-Hill,Original Sin,1,eng
/works/OL20947813W,1965,Thomas Aquinas,The Eucharistic Presence (3a. 73-78),,McGraw-Hill,Lord's Supper; Catholic Church,1,eng
/works/OL20947809W,1965,Thomas Aquinas,The Passion of Christ (3a. 46-52),,McGraw-Hill,Passion; Passion of Jesus Christ,1,eng
/works/OL20947762W,1965,Thomas Aquinas,The Trinity (1a. 27-32),,McGraw-Hill,Trinity,1,eng
/works/OL20947802W,1965,Thomas Aquinas,The one mediator (3a. 16-26),,McGraw-Hill,,1,eng
/works/OL31311415W,1965,"Thomas Aquinas, St. Barden, William, Ed.","Summa Theologiae. Vol. 58. The Eucharistic Presence (3a. 73-78). Latin Text, English Translation, Introduction, Notes, Appendices & Glossary By William Barden",,Eyre and Spottsiwoode,,1,
/works/OL29296670W,1965,"Thomas Aquinas, St. O'Neill, Colman E., Ed.","Summa Theologiae. Vol. 50. The One Mediator (3a. 16-26). Latin Text, English Translation, Introduction, Notes, Appendices & Glossary By Colman E. O'Neill",,Eyre and Spottsiwoode,,1,
/works/OL1090167W,1965,Thomas More,Richard III,,Folio Society,,1,eng
/works/OL2636665W,1965,Thomas Pynchon,The Crying of Lot 49,,Seuil,Administration of estates; Married women; Fiction; open_syllabus_project; Long Now Manual for Civilization; Translations into English; Odysseus (Greek mythology); Poetry; Greek Epic poetry; Odyssea,48,spa; per; ger; fre; rus; eng
/works/OL1261012W,1965,Titus Livius,Ab Urbe Condita: Volume V,,"Oxford University Press, USA","Rome, history",1,eng
/works/OL7981944W,1965,Titus Livius,"The History of Rome from Its Foundation, Books XXI-XXX",,Penguin Classics,"Punic War, 2nd, 218-201 B.C.; Punic War, 2nd (218-201 B.C.) fast (OCoLC)fst01084093; Punic wars; Hannibal, 247 b.c-182 b.c.; Ancient fiction & literature classics; Ancient roman military history; Classics by subject",1,eng
/works/OL43542661W,1965,Titus Livius; H. E. Gould; J. L. Whiteley,Book one,,Macmillan,,1,eng
/works/OL481351W,1965,Titus Maccius Plautus,Plautus for production,,Phillips Academy,,1,eng
/works/OL15434141W,1965,Titus Maccius Plautus,The haunted house,,Bobbs-Merrill,,1,eng
/works/OL15832683W,1965,Titus Maccius Plautus,The pot of gold ; The prisoners ; The brothers Menaechmus ; The swaggering soldier ; Pseudolus,,Penguin Books,Translations into English,2,eng
/works/OL481358W,1965,Titus Maccius Plautus,"The pot of gold, and other plays",,Penguin,,1,eng
/works/OL35274735W,1965,Translated by J.C. Rolfe Sallust,SALLUST Loeb Classical Library No. 116,,Harvard University Press / William Heinemann,,1,eng
/works/OL36047364W,1965,Willis K. Jones,"Selection of Prose, Fiction and Drama Before 1888",,Bloomsbury Publishing Plc,"Latin american literature, translations into english",1,eng
/works/OL43050825W,1965,arthur leslie wheeler,Ovid. Tristia. Ex Ponto (Loeb Classical Library),,,,1,eng
/works/OL18450043W,1966,,A book of Latin quotations,,Anchor Books,Latin Quotations; Translations into English,1,
/works/OL31239353W,1966,,Herodotus I (Books I and II) (Loeb Classical Library),,William Heinemann Ltd,,1,
/works/OL832714W,1966,Albius Tibullus,The erotic elegies of Albius Tibullus,"Creekmore, Hubert, 1907-1966, tr.",Washington Square Press,Translations into English; Latin Elegiac poetry; Latin Erotic poetry; Man-woman relationships; Poetry; Sex customs,1,eng; lat
/works/OL20967761W,1966,Augustin Bea,The church and the Jewish people,,Chapman,Judaism; Catholic Church; Relations; Interfaith relations; Catholic Church and Jews; Vatican Council (2nd : 1962-1965 : Basilica di San Pietro in Vaticano),4,eng
/works/OL137818W,1966,Augustine of Hippo,Selected sermons,,V. Gollancz,Early works to 1800; Theology; Collections,2,eng
/works/OL21170410W,1966,Augustine of Hippo,Selected sermons of St. Augustine,,"Holt, Rinehart and Winston",Latin Sermons; Translations from Latin; Translations into English; English Sermons,1,eng
/works/OL4787468W,1966,Austin E. Fife,Latin American interlude,,Utah State University Press,Translations into English; Spanish American poetry,1,eng
/works/OL3916051W,1966,Avianus,The fables of Avianus,,Gg Olms,"Animals; Latin Fables; Poetry; Translations into English; Latin language materials; Fables; Animals, poetry",2,eng; lat
/works/OL15078358W,1966,Cicero,Cato maior de senectute.  Laelius de amicitia,,Teubner,Old age,1,eng
/works/OL20938404W,1966,Cicero,"De republica, De legibus","Keyes, Clinton Walker, 1888-1943, translator",Harvard University Press,Early works to 1800; Law; Political science,1,eng; lat
/works/OL67431W,1966,Cicero,On old age. On friendship,"Edinger, Harry G. tr.",Univ of Michigan Pr,Early works to 1800; Friendship; Old age,4,eng
/works/OL22457116W,1966,"Conti, Antonio",Versioni poetiche,,Laterza,French drama; Translations into Italian; English poetry; Greek poetry; Latin poetry,1,ita
/works/OL43766083W,1966,Cornelius Tacitus; Hugh Lloyd-Jones; Alfred John Church,The annals and The histories,,R. Sadler & Brown,History,1,eng
/works/OL18575938M,1966,De Silva,Latin elegiac versions,,Murray,English poetry -- Translations into Latin.; Latin poetry -- Translations from English.,1,lat
/works/OL38022513W,1966,Edwin H. Zeydel,Vagabond Verse,,Wayne State University Press,"Goliards; Latin poetry, medieval and modern, translations into english",1,eng
/works/OL18502857W,1966,Edwin Hermann Zeydel,Vagabond verse,,Wayne state University Press,Goliards; Translations into English; Medieval and modern Latin poetry; English poetry; Translations from Latin,1,
/works/OL267559W,1966,Francis Bacon,De augmentis scientiarum,,sumptibus J. Ravesteinij,Early works to 1800; Science; Methodology; Logic; Induction (Logic); Utopias; Philosophy; Learning; Theory of Knowledge; Philosophy and science,12,eng; ger; lat; fre
/works/OL1576638W,1966,G. K. Izhevskiĭ,Forecasting of oceanological conditions and the reproduction of commercial fish (Sistemnaya osnova prognozirovaniya okeanologicheskikh uslovii i vosproizvodstva promyslovykh ryb),,"Israel Program for Scientific Translations; [available from U. S. Dept. of Commerce, Clearinghouse for Federal Scientific and Technical Information, Springfield, Va.",Fisheries; Oceanography; Translations into English; Agriculture; Poetry; Latin Didactic poetry,1,eng
/works/OL15423371W,1966,Gaius Valerius Catullus,The poems of Catullus; translated with an introduction by Peter Whigham,,,,1,eng
/works/OL42928389W,1966,Gaius Valerius Catullus; Palladio Fosco; Donatus Civalellus,Catullus,,Per Ioannem Tacuinum de Tridino,,2,eng; lat
/works/OL43161650W,1966,Gaius Valerius Catullus; Peter Whigham,Poems,,Penguin Books,,1,lat; eng
/works/OL11659514W,1966,Garry Wills,Roman culture,,G. Braziller,Civilization; English literature; Translations into English; Latin literature; Translations from Latin,1,eng
/works/OL15212252W,1966,Garry Wills,Roman culture; weapons and the man,,G. Braziller,Literary collections; English literature; Translations into English; Civilization; Translations from Latin; Latin literature; Collections; Preventive Health Services; Health Promotion; Health Planning,2,eng; lat
/works/OL8070982W,1966,Gary Wills,Roman Culture,,george braziller,"Latin literature, translations into english; Rome, civilization",1,eng
/works/OL959861W,1966,Giordano Bruno,Giordano Bruno's The heroic frenzies,,Garret Pub. Co.,,1,eng
/works/OL3589256W,1966,Helen Waddell,Medi©Œval Latin lyrics,,Four Courts Press,"English poetry; Latin poetry, Medieval and modern; Medieval and modern Latin poetry; Translations into English; Latin poetry, medieval and modern, translations into english; Lyrik",2,lat; eng
/works/OL29283225W,1966,"Horace. Michie, James, Tr.","The Odes of Horace, Translated By James Michie.",,Rupert Hart-Davis,,2,eng
/works/OL36998942W,1966,J. P. Postgate. J. W. Mackail F. W. Cornish,Catullus. Tibullus. Pervigilium Veneris. Loeb Classical Library.,,Harvard University Press,,1,eng
/works/OL31410318W,1966,J.D. Duff,D. IVNII IVVENALIS - SATVRAE XIV - Fourteen Satires of Juvenal,,Cambridge,,1,
/works/OL1896173W,1966,Jerome J. Langford,"Galileo, science, and the church",,Univ of Michigan Pr,"Doctrines; Religious aspects of Astronomy; Religion and science; Religious aspects; Galilei, Galileo, 1564-1642; Christianity; History of doctrines; Astronomy; Catholic Church; History",8,eng
/works/OL11628930W,1966,Lionel Wilmot De Silva,Latin elegiac versions,,J. Murray,"Elegiac poetry, Latin; English poetry; Latin Elegiac poetry; Latin poetry; Translations from English; Translations into Latin",1,eng
/works/OL7408214W,1966,Lionel Wilmot De Silva,Latin elegiac versions [translated from the English by] L. W. de Silva,,Murray,English Elegiac poetry; Translations into Latin; English poetry; Latin poetry,1,eng
/works/OL38844606W,1966,Lucius Annaeus Seneca,The stoic philosophy of Seneca,"Hadas, Moses, 1900-1966, translator",P. Smith,,1,lat; eng
/works/OL15891901W,1966,Merton Jerome Hubert,The romance of Floire and Blanche-fleur,"Hubert, Merton Jerome, tr.",University of North Carolina Press,Translations into English; Romances; Sources; Medieval Civilization,1,eng
/works/OL36887500W,1966,Moore,The Loeb Classical Library,,William Heinemann,,1,
/works/OL17976567W,1966,"More, Thomas Sir, Saint",The Utopia of Sir Thomas More,,Macmillan,Utopias,1,eng
/works/OL4437609W,1966,Norbert Guterman,A book of Latin quotations,,Anchor Books,Latin Quotations; Translations into English,1,lat; eng
/works/OL36059453W,1966,Ovid,Metamorphosen,,tredition Verlag,,3,eng
/works/OL442074W,1966,Ovid,Ovid on love,,Charles Skilton Ltd.,,1,eng
/works/OL1108123W,1966,P. Cornelius Tacitus,"'The  Annals,' and, 'The Histories' of! Tacitus",,New English Library,,1,eng
/works/OL5356726W,1966,Peter Whigham,Poems of Catullus,,University of California Press,"Latin Love poetry; Latin Elegiac poetry; Translations into English; Latin Epigrams; Poetry; Poetry (poetic works by one author); Latin poetry, translations into english",2,eng
/works/OL47080W,1966,Publius Vergilius Maro,"The Eclogues, Georgics and Aeneid","Day Lewis, C. 1904-1972, tr.",Oxford U.P,Translations into English; Poetry; Legends; Latin Didactic poetry; Latin Pastoral poetry; Aeneas (Legendary character); Country life; Latin Epic poetry; Agriculture,2,eng
/works/OL10314008W,1966,Quintilian,Institutionis oratoriae liber III,,Wilhelm Fink Verlag,,1,eng
/works/OL34543923W,1966,Quintilian,"Quintilian II - Books IV - VI (The Institutio Oratoria of Quintilian (Loeb Classical Library), Volume 2)",,Harvard University Press / Heinemann,,1,
/works/OL12744158W,1966,Roger Bacon,Opus Terium. Part of the 'Opus tertium' of Roger Bacon; including a fragment now printed for the first time,,Gregg,,1,eng
/works/OL15223069W,1966,Seneca the Younger,Four tragedies,"Watling, E. F., ed. and tr.","Penguin,n",Drama; Thyestes (Greek mythology); Hecuba (Legendary character); Oedipus (Greek mythology); Tragedy; Phaedra (Greek mythology),2,eng
/works/OL15222880W,1966,Seneca the Younger,Four tragedies and Octavia,"Watling, E. F., ed. and tr.",Penguin Books,Drama; Thyestes (Greek mythology); Hecuba (Legendary character); Oedipus (Greek mythology); Translations into English; Phaedra (Greek mythology),1,eng
/works/OL102296W,1966,Seneca the Younger,"Thyestes, Phaedra, The Trojan women, Oedipus with Octavia","Watling, E. F., tr.",Penguin,"Drama; Classical Mythology; Translations into English; Continental european drama (dramatic works by one author); Translations into englishseneca, lucius annaeus , approximately 4 b.c.-65 a.d; Dramaoctavia , approximately 42-62; Latin drama (tragedy)--translations into english; Mythology, classical--drama; Greek Mythology; Tragedy",3,eng; und
/works/OL6220137W,1966,Smith Palmer Bovie,Virgil's Georgics,,Univ of Chicago Pr (Tx),"Latin poetry, translations into english; Didactic poetry",1,eng
/works/OL20947797W,1966,Thomas Aquinas,Action and contemplation (2a2ae. 179-182),,McGraw-Hill,Contemplation; Monastic and religious life,1,eng
/works/OL546430W,1966,Thomas Aquinas,Aquinas Scripture series,,Magi Books,Commentaries; Bible; Early works to 1800,2,eng
/works/OL546872W,1966,Thomas Aquinas,Aurora consurgens,,Pantheon Books,Alchemy; Early works to 1800,4,eng; lat
/works/OL546457W,1966,Thomas Aquinas,Commentary on Saint Paul's epistle to the Ephesians,,"Magi Books, Inc.",Commentaries; Bible,1,eng
/works/OL21174525W,1966,Thomas Aquinas,Commentary on Saint Paul's epistle to the Galatians,,Magi Books,Commentaries; Bible,1,eng
/works/OL20947791W,1966,Thomas Aquinas,Courage (2a2ae. 123-40),,McGraw-Hill,Fear; Courage,1,eng
/works/OL20947264W,1966,Thomas Aquinas,Hope (2a2ae. 17-22),,McGraw-Hill,Hope,1,eng
/works/OL20947269W,1966,Thomas Aquinas,Law and political theory (1a2ae. 90-97),,McGraw-Hill,Law (Theology); Christianity and politics,1,eng
/works/OL20947773W,1966,Thomas Aquinas,Principles of morality (1a2ae. 18-21),,McGraw-Hill,Catholic authors; Christian ethics,1,eng
/works/OL35347917W,1966,Thomas Aquinas,Treatise on the virtues,,Prentice-Hall,Virtue; Early works to 1800,1,eng
/works/OL1090204W,1966,Thomas More,The heart of Thomas More,,Burns & Oates,,4,eng
/works/OL1090226W,1966,Thomas More,Utopia (1516),,Scolar Press Ltd.,Utopias; Early works to 1800,3,eng; lat
/works/OL1261014W,1966,Titus Livius,Book One,,Macmillan,,1,eng
/works/OL38741882W,1966,Titus Maccius Plautus,Plauti Mercator,,Apud A. W. Sijthoff,,1,eng; lat
/works/OL9569145W,1966,Willis K. Jones,Spanish-American Literature in Translation,,Ungar Pub Co,"Latin american literature, translations into english",2,eng
/works/OL7400419W,1966,Zeph Stewart,The ancient world,,Prentice-Hall,Ancient Civilization; Classical literature; Literary collections; Translations into English; Anthologies; Traductions anglaises; Littérature ancienne,1,eng; mul
/works/OL31709804W,1967,,Apollonius Rhodius The Argonautica [Loeb Classical Library],,Harvard University Press,,1,
/works/OL3853686W,1967,Alcuin,Son well-beloved,,Stanbrook Abbey Press,"Christian poetry, Latin (Medieval and modern); Translations into English",2,eng
/works/OL43023300W,1967,Boethius; Geoffrey Chaucer; Frederick James Furnivall,Chaucer's 'Boece',,Johnson Reprint Corp.,,1,enm; eng
/works/OL15217549W,1967,Cicero,Cicero on moral obligation,,Faber and Faber,Ethics,1,eng
/works/OL15218339W,1967,Cicero,"Nine orations, and The dream of Scipio","Bovie, Smith Palmer, tr.",New American Library,"Translations into English; Politics and government; Sources; Early works to 1800; Conduct of life; Speeches, addresses, etc., Latin",2,eng
/works/OL3100992W,1967,Cicero,On Old Age,,University of Michigan Press,Old age; Early works to 1800; Friendship,5,eng
/works/OL67430W,1967,Cicero,On moral obligation,"Higginbotham, John, tr.",University of California Press,Ethics; Early works to 1800; Ancient Ethics,5,eng; lat
/works/OL15217498W,1967,Cicero,The best of life,"Dingus, Georgia Wilson, 1886-1981, tr.",Naylor Co.,Early works to 1800; Old age,1,eng
/works/OL679855W,1967,Desiderius Erasmus,Colloquia familiaria,"Welzig, Werner, tr.",RECLAM,,2,ger; lat; eng
/works/OL15380363W,1967,Desiderius Erasmus,De contemptu mundi,,Scholars' Facsimiles & Reprints,Monasticism and religious orders; Asceticism,4,lat; eng
/works/OL679895W,1967,Desiderius Erasmus,Erasmus on his times,,Cambridge U.P.,Proverbs,4,eng
/works/OL1528424W,1967,Ferdinand Schevill,The century of Italian humanism,,Russell & Russell,Renaissance; Translations into English; Italy; English literature; Humanism; Translations from Latin; Latin literature; Sources,1,eng
/works/OL36887557W,1967,Foster,The Loeb Classical Library,,William Heinemann,,1,
/works/OL7135054W,1967,Francis Bacon Library,Supplement to the Francis Bacon Library holdings in the short title catalogue of English books,,The Library,Bibliography; Catalogs; Early printed books; English imprints; Francis Bacon Library,1,eng
/works/OL16051282W,1967,Gaius Julius Caesar,The Civil War,,Penguin Books,History,1,eng
/works/OL10306950W,1967,Gaius Julius Caesar,"The civil war, [by] Caesar",,Penguin,"History; Rome Civil War, 49-45 B.C.",1,eng
/works/OL4155568W,1967,Geoffrey of Vinsauf; Martin Camargo; Margaret F. Nims,Poetria nova,"Nims, Margaret F., tr.",Pontifical Institute of Mediaeval Studies,"Early works to 1800; Poetics; Didactic literature; Latin poetry, medieval and modern, history and criticism; Rhetoric, medieval; Didactic literature, Latin (Medieval and modern); Translations into English; Medieval and modern Latin poetry; History and criticism; Theory",6,eng; por; lat; spa
/works/OL12065897W,1967,Henry Burrowes Lathrop,"Translations from the classics into English, from Caxton to Chapman, 1477-1620",,Octagon Books,"Classical literature, translations into english",2,und
/works/OL43442758W,1967,Henry Gilfond,Latin American plays for reading,,Walker Educational Book Corporation,Latin American drama; Translations into English,1,eng
/works/OL43537536W,1967,Irene Wiem,"Das englische Schrifttum in Deutschland von 1518-1600. Leipzig, Becker & Erler, 1940",,Johnson Reprint Corp.,Medieval and modern Latin literature; Bibliography; English literature; Literature; Translations into German; Comparative literature; English and German; German and English,1,ger
/works/OL2444960W,1967,J. M. (John Michael) Cohen,Latin American writing today,,Penguin Books,Latin American literature; Translations into English; Translations from Spanish; English literature; Translations from Portuguese,2,eng
/works/OL1371588W,1967,James Carney,Medieval Irish lyrics,,distributed by Oxford University Press,Translations into English; Latin poetry; Irish poetry; English poetry; Translations from Irish; Translations from Latin,4,eng
/works/OL2401851W,1967,Joachim Du Bellay,Regrets,C. H. Sisson (Translator),Carcanet Press Ltd.,"Du bellay, joachim, 1525-1560; Translations into English; Poésie française; Poetry (poetic works by one author); Deaf authors; Writings of the Deaf; French Sonnets; Poetry; French language; Poetics",4,eng; fre
/works/OL697155W,1967,Juvenal,The sixteen satires,,Penguin,Translations into English; Latin Verse satire; Poetry,7,gre; eng
/works/OL697108W,1967,Juvenal,The sixteen satires [by] Juvenal,,Penguin,,1,eng
/works/OL7283331W,1967,M. Grünberg,The West-Saxon gospels,,Scheltema & Holkema.,Latin language; Translating into English (Old),1,eng
/works/OL2241452W,1967,Marcus Valerius Martialis,Martial and his times,,Bell,"Epigrams, Latin; Latin Epigrams; Poetry; Translations into English; Epigrams",1,eng
/works/OL2241464W,1967,Marcus Valerius Martialis,Poems after Martial,,Wesleyan University Press,"Adaptations; Epigrams, Latin; Latin Epigrams; Poetry",1,eng
/works/OL2241479W,1967,Marcus Valerius Martialis,"Sixty poems of Martial, in translation","Fitts, Dudley, 1903- tr.","Harcourt, Brace & World",Latin Epigrams; Poetry; Translations into English; Latin language materials,2,eng
/works/OL34607986W,1967,Martial,"Sixty poems of Martial, in translation",,"Harcourt, Brace & World",,1,eng
/works/OL33140407W,1967,Nicolaus Pergaminus,Dialogues of creatures moralised,,Allen Press,"Fables, Latin (Medieval and modern); Translations into English",1,eng
/works/OL18268647W,1967,Organization of American States. General Secretariat,Young poetry of the Americas,,General Secretariat of the Organization of American States,Translations into English; Latin American poetry,1,eng
/works/OL12548076W,1967,Ovid,On love,,Skilton,,1,eng
/works/OL442047W,1967,Ovid,"On love: being the ""Ars amatoria"" (Skill in loving), and the ""Amores"" (The loves)","Marsh, Henry, 1911-1976, tr.",Skilton,Translations into English; Latin Elegiac poetry; Latin Didactic poetry; Latin Love poetry; Latin Erotic poetry; Seduction; Poetry,1,eng
/works/OL15292635W,1967,Ovid,P. Ovidi Nasonis Tristium liber secundus,,A. M. Hakkert,Criticism and interpretation,1,eng
/works/OL441925W,1967,Ovid,"The art of love, and Remedies for love","Shapiro, Jack, tr.",Laurida Books Pub. Co.,Translations into English; Poetry; Latin Didactic poetry; Latin Love poetry; Separation (Psychology); Latin Erotic poetry; Seduction,1,eng
/works/OL1108105W,1967,P. Cornelius Tacitus,"Agricola, Germany, Dialogue on orators",,Bobbs-Merrill,"History; Oratory, Ancient; Statesmen; Germanic peoples; Translations into English; Biography; Ancient Oratory",1,eng
/works/OL1563118W,1967,Paracelsus,Metaphysica,W. D. Ross (Translator),E.J. Brill,Metaphysics; Early works to 1800; Theophrastus; Latin Authors; Correspondence; Latin letters; History and criticism,10,fre; ger; eng
/works/OL1443154W,1967,Paracelsus,"The hermetic and alchemical writings of Aureolus Philippus Theophrastus Bombast, of Hohenheim, called Parcelsus the Great",,University Books,"Occultism; Alchemy; Medicine, Magic, mystic, and spagiric",1,eng
/works/OL16226120W,1967,Pliny the Younger,Fifty letters of Pliny,,Oxford University Press,Correspondence; Lawyers; Latin Authors,5,eng
/works/OL2739618W,1967,Pope Gregory I,The dialogues of Gregory the Great,"Uhlfelder, Myra L., ed. & tr.",Bobbs-Merrill,Benedictines; Biography; Christian saints,1,eng; lat
/works/OL15237250W,1967,Publius Vergilius Maro,The pastoral poems: the text of the Eclogues,"Rieu, E. V. 1887-1972, tr.",Penguin,Country life; Translations into English; Latin Pastoral poetry; Poetry,1,lat; eng
/works/OL17981982W,1967,Quintilian,Institutionis oratoriae liber decimus,,Georg Olms,,1,lat; eng; ita
/works/OL8005120W,1967,Saint Albertus Magnus,Book of minerals,,OUP,,1,eng
/works/OL936017W,1967,Sallust,Catiline [by] Sallust,,Oxford University Press,History,1,eng
/works/OL15222999W,1967,Seneca the Younger,"Oratorum et rhetorum, sententiae, divisiones, colores",,Teubner,,1,eng
/works/OL15223032W,1967,Seneca the Younger,The tenne tragedies of Seneca,,B. Franklin,Drama; Classical Mythology; Translations into English,1,eng
/works/OL15223036W,1967,Seneca the Younger,Thyestes - Phaedra,,Paravia,,1,eng
/works/OL34554932W,1967,Sextus Empiricus.,Against the Logicians. Sextus Empiricus II. Loeb Classical Library No;. 291,,Harvard University Press and William Heinemann Ltd.,,1,
/works/OL767903W,1967,Simone de Beauvoir,The Woman Destroyed,,Fontana,"French language materials; Translations into English; French Short stories; French fiction; Continental european fiction (fictional works by one author); Fiction, women; Fiction, short stories (single author); Indians of South America; History; Indian art",21,eng; fre; ger; spa
/works/OL3455718W,1967,Terence Copley,Comedies of Terence,,Bobbs Merrill Co,Translations into English; Latin drama (Comedy),1,
/works/OL1964967W,1967,Terence O. Ranger,"Revolt in Southern Rhodesia, 1896-97",,Heinemann,"History; Indigenous peoples; Race relations; Zimbabwe Chimurenga War, 1896-1897; Chimurenga War (Zimbabwe : 1896-1897) fast (OCoLC)fst01352280",5,eng
/works/OL20947764W,1967,Thomas Aquinas,Cosmogony (1a. 65-74),,McGraw-Hill,Cosmogony,1,eng
/works/OL12819977W,1967,Thomas Aquinas,"Summa Theologica Latin text and English translation, introductions, notes, appendices and Glossaries",,Blackfriars in conjunction with Eyre & Spottiswoode; McGraw-Hill,,1,eng
/works/OL20947775W,1967,Thomas Aquinas,The emotions (1a2ae. 22-30),,McGraw-Hill,Desire; Hate; Love; Emotions; Christianity,1,eng
/works/OL1090133W,1967,Thomas More,The essential Thomas More,,New American Library,Philosophy,1,eng
/works/OL1261030W,1967,Titus Livius,The growth of Rome,,Faber,"Punic War, 2nd, 218-201 B.C.; History",1,eng
/works/OL1548627W,1967,Titus Lucretius Carus,On matter and man,,Bell,,1,eng
/works/OL19645060W,1967,"Wright, J.",The Play of Antichrist,,Pontifical Institute of Mediaeval Studies,"Literature, medieval, translations into english; Antichrist; Drama; Christian drama, Latin (Medieval and modern); Translations into English",1,lat; eng
/works/OL832723W,1968,Albius Tibullus,Poems,"Carrier, Constance, tr.",Indiana University Press,Latin Elegiac poetry; Translations into English; Poetry,1,eng
/works/OL832724W,1968,Albius Tibullus,The poems of Tibullus,"Carrier, Constance, tr.",Indiana University Press,Latin Elegiac poetry; Poetry; Translations into English; Poésie élégiaque latine; Traductions anglaises,1,eng
/works/OL137812W,1968,Augustine of Hippo,Predestinacion of saintes,,"Da Capo Press, Theatrum Orbis Terrarum",Perseverance (Theology); Predestination; Early works to 1800,2,eng
/works/OL15055778W,1968,Augustine of Hippo,The teacher,,Catholic University of America Press,Teaching; Free will and determinism; Early works to 1800; Language and languages,1,eng
/works/OL43986336W,1968,Boethius; Raffaello Del Re,La consolazione della filosofia,,Bompiani,Philosophy and religion; Happiness,2,eng; ita; lat
/works/OL33604194W,1968,Cornelius Tacitus,"Tacitus, in five volumes",,Harvard University Press,,1,eng
/works/OL679617W,1968,Desiderius Erasmus,"Dialogus, Iulius exclusis e coelis",,Wissenschaftliche Buchgesellschaft,,1,eng
/works/OL43177779W,1968,Desiderius Erasmus,"Dialogvs, Ivlivs Exclvsvs E Coelis Julius Vor Der Verschlossenen Himmelstur Ein Dialog",,Wissenschaftliche Buchgesellschaft Darmstadt,,1,eng
/works/OL43193655W,1968,Desiderius Erasmus,Epistola Ad Paulum Volzium Brief An Paul Volz,,Wissenschaftliche Buchgesellschaft Darmstadt,,1,eng
/works/OL679659W,1968,Desiderius Erasmus,Erasmus and Fisher,,Librairie Philosophique J. Vrin,,1,eng
/works/OL679699W,1968,Desiderius Erasmus,The Julius exclusus,"Pascal, Paul, tr.",Indiana University Press,,1,lat; eng
/works/OL679700W,1968,Desiderius Erasmus,The Julius exclusus of Erasmus,,Indiana University Press,,1,eng
/works/OL5675727W,1968,E. J. Devereux,A checklist of English translations of Erasmus to 1700,,Oxford Bibliographical Society,Bibliography; Translations into English; English Translations; Latin language; Translating into English,1,eng
/works/OL3573580W,1968,Earl Jones,Selected Latin American literature for youth,,Texas A & M University Press,Latin American literature; Translations into English; English literature,1,eng
/works/OL19134665W,1968,Edward Dorn; Gordon Brotherston,Our word: guerrilla poems from Latin America,"Brotherston, Gordon, tr.",Cape Goliard,Spanish American Revolutionary poetry; Translations into English,2,spa; eng
/works/OL69451W,1968,Francis Bacon,De sapientia veterum,,Apud I. Billivm,Greek Mythology; Early works to 1800; Classical Mythology,19,lat; eng
/works/OL69394W,1968,Francis Bacon,Historia vitae et mortis,,"Printed by Iohn Haviland for William Lee, and Humphrey Mosley",Early works to 1800; Longevity; Life; Death; Biology; Life.00,15,eng; lat; fre
/works/OL14994211W,1968,Francis Bacon,The charge of Sir Francis Bacon touching duells,,Da Capo Press,Dueling,2,eng
/works/OL8009270W,1968,Gaius Julius Caesar,De Bello Civili Book II,,Cambridge University Press,"Mathematics, study and teaching",1,eng
/works/OL10307043W,1968,Gaius Julius Caesar,Martiall exploytes in Gallia,,,History,1,eng
/works/OL17821300W,1968,George Bruner Parks,The Greek and Latin literatures,,Ungar,Classical literature; Translations into English; Translations from classical literature; English literature; Bibliography; In literature; Literature; Translations,2,eng
/works/OL10516987W,1968,Giordano Bruno,Opere,,Readex Microprint,,1,eng
/works/OL43107947W,1968,Giordano and Tommaso Campanella;  Luigi Firpo ed Bruno,Scritti Scelti di Giordano Bruno e di Tommaso Campanella,,Unione Tipografico-Editrice Torinese,,1,eng
/works/OL33902406W,1968,Gordon Brotherston,Seven stories from Spanish America (Commonwealth and international library.Pergamon Oxford Latin American series),,Pergamon,"Short stories, latin american; Short stories, spanish, translations into english",1,
/works/OL24416082W,1968,Horace; George Chrystal; Julius Meier-Graefe,Modern Art,,Franklin Classics Trade Press,,19,eng
/works/OL697081W,1968,Juvenal,The satires [by] Juvenal,,Panther Books],,1,eng
/works/OL4176478W,1968,Karl Langosch,Lyrische Anthologie des lateinischen Mittelalters,,Wissenschaftliche Buchgesellschaft,Medieval and modern Latin poetry; Translations into English,1,ger
/works/OL31244094W,1968,Lucius Annaeus Seneca,"Seneca in Nine Volumes. IX Tragedies II With An English Translation By Frank Justus Miller. Agamemnon, Thyestes, Hercules Oetaeus, Phoenissa and Octavia",,William Heinemann,,1,eng
/works/OL43359411W,1968,Lucius Annaeus Seneca; Moses Hadas,The stoic philosophy of Seneca,,Norton,,1,lat; eng
/works/OL34582324W,1968,"Lucius Junius Moderatus Columella (Harrison Boyd Ash, E.S. Forster, and Edward H. Heffner, trs.)","Lucius Junius Moderatus Columella; on agriculture, in three volumes [Cover",,"Cambridge, Harvard University Press/London, William Heinemann Ltd,",,1,eng
/works/OL442178W,1968,Ovid,The technique of love,"Turner, Paul, 1917- tr.",Panther,Translations into English; Poetry; Seduction; Latin Didactic poetry; Separation (Psychology); Latin Erotic poetry,1,eng
/works/OL42237660W,1968,P. Papinius Statius,The medieval Achilleid of Statius,,E.J. Brill,Medieval and modern Latin poetry,1,lat; eng
/works/OL35388088W,1968,Paul T. Durbin St. Thomas Aquinas,"Summa Theologiae, Prima Pars, Vol 12",,"McGraw-Hill, Blackfriars, Eyre & Spottiswoode",,1,
/works/OL29282454W,1968,Peter Coughlan,The New Eucharistic Prayers. The Latin Texts Together with an English Translation and Commentary.,,Geoffrey Chapman,,1,eng
/works/OL32429915W,1968,Plautus,Three Plays of Plautus,,Penguin Publishing Group,"Drama; Fiction, general",1,eng
/works/OL970292W,1968,Publius Papinius Statius,The medieval Achilleid of Statius,,E. J. Brill,Latin Epic poetry; Medieval Manuscripts; Achilles (Greek mythology); Poetry,1,eng
/works/OL47123W,1968,Publius Vergilius Maro,The Voyage of Aeneas,,Bristol Classical,Latin Epic poetry; Translations into English; Legends; Aeneas (Legendary character),2,eng
/works/OL21455357W,1968,Publius Vergilius Maro; Carolus Hosius,P. Vergili Maronis Bucolica cum auctoribus et imitatoribus in usum Scholarum,,"De Gruyter, Inc.",,3,lat; eng
/works/OL37798101W,1968,Sallust,Der jugurthinische Krieg,,"Reclam,",,1,eng
/works/OL8060386W,1968,Seneca the Younger,Stoic Philosophy of Seneca Essays and Letters,,W. W. Norton & Company,,1,eng
/works/OL34554909W,1968,Sextus Empiricus.,"Sextus Empiricus (The Loeb classical library, Volume III Against the Physicians, Against the Ethicists)",,Harvard University Press,,1,
/works/OL8298499W,1968,Tertullian,Ad Nationes,,"Francke, Bern]",Apologetics; Early works to 1800; Histoire; Apologétique; History,2,fre; eng
/works/OL20947763W,1968,Thomas Aquinas,Angels (1a. 50-64),,McGraw-Hill,Devil; Angels; Biblical teaching,1,eng
/works/OL20954217W,1968,Thomas Aquinas,"Creation, variety, and evil (1a.44-49)",,Blackfriars,Creation; Biblical teaching; Good and evil,1,eng
/works/OL20947767W,1968,Thomas Aquinas,Human intelligence (1a. 84-89),,McGraw-Hill,Intellect,1,eng
/works/OL546633W,1968,Thomas Aquinas,On the unity of the intellect against the Averroists,"Zedler, Beatrice H. 1916- tr.",Marquette University Press,Intellect,1,eng; lat
/works/OL20947787W,1968,Thomas Aquinas,Superstition and irreverence (2a2ae. 92-100),,McGraw-Hill,Superstition,1,eng
/works/OL20947792W,1968,Thomas Aquinas,Temperance (2a2ae. 141-54),,McGraw-Hill,Temperance (Virtue); Sex,1,eng
/works/OL546802W,1968,Thomas Aquinas,The wisdom and ideas of Saint Thomas Aquinas,,Fawcett Publications,,2,eng
/works/OL29296669W,1968,"Thomas Aquinas, Gilby, Thomas, Ed.","Summa Theologiae. Vol. 43. Temperance (2a2ae. 141-54). Latin Text, English Translation, Introduction, Notes, Appendices & Glossary By Thomas Gilby",,Eyre and Spottsiwoode,,1,
/works/OL1090170W,1968,Thomas More,Saint Thomas More,,Vintage,Purgatory; Doctrinal and controversial works; Catholic Church,2,eng; fre
/works/OL20654739W,1968,Tibullus,The poems of Tibullus,,Indiana Univ. Press,Love poetry; Latin poetry; Translations into English; Collections; Poetry,2,eng
/works/OL1261063W,1968,Titus Livius,Livy Book 27,,Cambridge University Press,"Mathematics, study and teaching",1,eng
/works/OL17989018W,1968,Titus Livius,Titi Livi ab urbe condita libri praefatio liber primvs,,Cambridge University Press,,1,eng
/works/OL16230828W,1968,Titus Lucretius Carus,The way things are,Rolfe Humphries (Translator),Indiana University Press,Latin Didactic poetry; Translations into English; Ancient Philosophy,1,eng
/works/OL29321289W,1968,Titus Lucretius Carus; Rolfe Humphries,Lucretius : the Way Things Are,,Indiana University Press,,1,eng
/works/OL481236W,1968,Titus Maccius Plautus,3 plays,"Roche, Paul, 1927- tr.",New American Library,Amphitryon (Greek mythology); Drama; Translations into English,1,eng
/works/OL37508669W,1968,Titus Maccius Plautus,3 plays (A Mentor classic),,New American Library,,1,eng
/works/OL481352W,1968,Titus Maccius Plautus,"Plautus for reading and production: Captivi, Curculio, Mostellaria, with five scenes from other comedies",,"Scott, Foresman",Adaptations; Comedy; Latin drama (Comedy); Latin language; Readers; Land use; Water-supply; Water resources development; Latin language materials,1,eng
/works/OL7982952W,1968,Titus Maccius Plautus,Selections Westaway,,Cambridge University Press,"Mathematics, study and teaching",1,eng
/works/OL481365W,1968,Titus Maccius Plautus,The rope,,Penguin Books,,1,eng
/works/OL481422W,1968,Titus Maccius Plautus,"The rope, Amphitryo, The ghost, A three-dollar day",,Penguin Books,,2,eng
/works/OL36655754W,1968,Virgil,Aeneid,,MobileReference,Epic poetry; Aeneas (legendary character),104,eng
/works/OL35301028W,1969,,"Plutarch's Lives, Volume VIII Sertorius and Eumenes Phocion and Cato the Younger No. 100 in the Loeb Classical Library",,Harvard University Press,,1,
/works/OL10568849W,1969,Alfred King of England,King Alfred's version of St Augustine's 'Soliloquies',,Harvard U.P,"English literature; Latin language; Translating into English (Old); Knowledge, Theory of (Religion); Early works to 1800",1,lat; ang; eng
/works/OL9348982W,1969,Ambrosius Aurelius Theodosius Macrobius,Davies,Percival Vaughan Davies (Translator),Columbia University Press,Latin Dialogues; Translations into English; Latin Religious poetry; Poetry; Civilization,1,eng; lat
/works/OL137821W,1969,Augustine of Hippo,"St. Augustine, on education",,Regnery,Philosophy; Education,2,eng
/works/OL955968W,1969,Augusto Monterroso,La oveja negra y demás fábulas,,Seix Barral,Fables; Spanish Fables; Translations into Latin; Fábulas; Translations into English; Spanish language materials; Literatura mexicana,40,ita; lat; spa; tur; hun; ice; gre; eng; bul; ger; fin; ara; fre; por
/works/OL1393052W,1969,Boethius,"Chaucer's translation of Boethius's ""De consolatione philosphiae""",,Pub. for the Early English text society,,1,eng
/works/OL13005316W,1969,Boethius,Chaucer's translation of Boethius's De consolatione philosophiae,,Early English Text Society,,1,eng
/works/OL350326W,1969,Catholic Church,The Salisbury psalter,,Published for the Early English Text Society by Oxford University Press,English Interlinear translations; Psalters; Bible; Texts; Manuscripts; Liturgy; Catholic Church; Latin language; Translating into English (Old English),1,lat; eng
/works/OL67487W,1969,Cicero,Thirty-five letters of Cicero,,Oxford University Press,Correspondence; Latin Authors; Statesmen,3,eng
/works/OL15227356W,1969,Desiderius Erasmus,Apophthegmata,"Udall, Nicholas, 1505-1556, tr.",R.Grafton,Aphorisms and apothegms; Early works to 1800,7,lat; eng
/works/OL679546W,1969,Desiderius Erasmus,"Apophthegmes, That Is to Saie, Pormpte Saiynges",Nicholas Udall (Translator),Walter J Johnson,,1,eng
/works/OL43173241W,1969,Desiderius Erasmus,De Libero Arbitrio  Iatpibh Sive Collatio,,Wissenschaftliche Buchgesellschaft Darmstadt,,1,eng
/works/OL679635W,1969,Desiderius Erasmus,Enchiridion [by] Erasmus of Roterdame,,Da Capo,Christian life; Middle Ages,1,eng
/works/OL24840876W,1969,Desiderius Erasmus,Luther and Erasmus,,SCM Press,Free will and determination,1,eng
/works/OL679881W,1969,Desiderius Erasmus,Proverbes or adagies,,Da Capo Press,Proverbs,2,eng; lat
/works/OL679865W,1969,Desiderius Erasmus,The dyaloge called Funus,,Published for the Newberry Library by the University of Chicago Press,Death; Imaginary conversations; Early works to 1800,2,eng
/works/OL21056851W,1969,Desiderius Erasmus; Silvana Seidel Menchi,Desiderii Erasmi Roterodami Opera Omnia,,Elsevier,Philosophy,4,eng
/works/OL6933905W,1969,Doris Rowley,"""Carpe diem!""",,Abbey Press,Latin poetry; Poetry; Translations into English,1,eng
/works/OL69442W,1969,Francis Bacon,The elements of the common lawes of England,,"Printed by the Assignes of I. More, Esq.","Common law; Early works to 1800; Law; Legal maxims; Law, great britain",9,eng
/works/OL10306915W,1969,Gaius Julius Caesar,"55 and 54 B.C., Caesar'sexpeditions to Britain",,Faber,,1,eng
/works/OL10307058W,1969,Gaius Julius Caesar,C. Iuli Caesari commentariorum De bello Gallico liber VI,,University Tutorial Press,,2,eng
/works/OL10509615W,1969,Gaius Julius Caesar,Commentariorum [partes prior et posterior],,Typographeo Clarendoniano,,1,eng
/works/OL10509623W,1969,Gaius Julius Caesar,The Gallic war and other writings,,Heron Books,,1,eng
/works/OL68251W,1969,Gaius Valerius Catullus,Catullus (Gai Valeri Catulli Veronensis liber),"Zukofsky, Celia Thaew tr.",Cape Goliard P.,"Translations into English; Latin Love poetry; Latin Elegiac poetry; Latin Epigrams; Poetry; Love poetry, Latin",3,eng
/works/OL394377W,1969,Gaius Valerius Catullus,No Royalty A/C Catullus Poems,C. Zukofsky (Translator),Jonathan Cape,Translations into English; Latin Elegiac poetry; Latin Love poetry; Latin Epigrams; Poetry,1,
/works/OL394397W,1969,Gaius Valerius Catullus,Roman lyric poetry,,Macmillan,"Latin poetry; History and criticism; Criticism and interpretation; Poetry; Catullus, gaius valerius; Horace; Latin poetry, history and criticism",1,eng; lat
/works/OL394383W,1969,Gaius Valerius Catullus,The poems of Catullus. A bilingual ed,,Random House,,1,eng
/works/OL1456986W,1969,Giovanni Pico della Mirandola,Opera omnia (1557-1573),,Olms,Philosophy,3,eng; lat
/works/OL6868988W,1969,Herbert Henry Huxley,Corolla Camenae,,University of Victoria,English poetry; Translations into Latin; Translations into Latin (Medieval and modern); Medieval and modern Latin poetry; Translations from English,1,eng
/works/OL15097808W,1969,Horace,Third book of Odes,,Clarendon Press,,1,eng
/works/OL43374321W,1969,Horace;  Gordon Williams (Ed. ),THE THIRD BOOK OF HORACE'S ODES Edited with Translation and Running Commentary,,Oxford At the Clarendon Press,,1,eng
/works/OL18476350W,1969,John Watson M'Crindle,"The invasion of India by Alexander the Great, as described by Arrian, Q. Curtius, Diodoros, Plutarch and Justin",,Barnes and Noble,Classical literature; Translations into English; Translations from classical literature; English literature; History,1,
/works/OL477465W,1969,José Donoso,The Tri-quarterly anthology of contemporary Latin American literature,,Dutton,Latin American literature; Translations into English; Literary collections; English literature,1,eng; spa
/works/OL10334425W,1969,José Donoso,The TriQuarterly anthology of contemporary Latin American literature,,Dutton,English literature; Latin American literature; Translations from Spanish; Translations into English; Translations from Portuguese,2,eng
/works/OL11015994W,1969,Juvenal,D. Ivnii Ivvenalis Satvrae,,Greenwood Press,,1,eng
/works/OL42516900W,1969,Juvenal; Persius; George Gilbert Ramsay,Juvenal and Persius,,Harvard University Press,,1,eng
/works/OL8112726W,1969,Libanius,Libanius,A. F. Norman (Translator),Harvard University Press,"Speeches, addresses, etc., greek; Translations into English",2,grc; eng
/works/OL31448739W,1969,Libanius; translated by A.F. Norman,"LIBANIUS Selected Works I, Loeb Classical Library 451",,Harvard University Press / Loeb Classical Library,,1,
/works/OL9231477W,1969,Marcus Valerius Martialis,Epigrams from Martial,,Purdue University Press,"Latin poetry, translations into english",1,
/works/OL741807W,1969,Mario Benedetti,Unstill life,,"Harcourt, Brace & World",Poetry; Latin American literature; Latin American poetry; Translations into English; Spanish literature; Spanish poetry; Spanish American poetry (Collections),3,eng; spa
/works/OL23441269W,1969,N.Y.) Saint Gregory the Great (Church : Williamsville,Saint Gregory the Great,,"Custombook, Inc., Ecclesiastical Color Publishers","Church history; Saint Gregory the Great (Church : Williamsville, N.Y.)",1,eng
/works/OL15148577W,1969,Ovid,An Ovid reader,,Charles E. Merrill Books,,2,eng
/works/OL979620W,1969,Pablo Neruda,Fin de mundo,,Editorial Losada,Spanish language; Non-fiction; Poetry; Spanish language books; Chilean poetry; Translations into English; Latin American poetry; Poetry (poetic works by one author); Spanish language materials; Poemas,7,eng; spa
/works/OL2578202W,1969,Petrus Alfonsi,The scholar's guide,,Pontifical Institute of Mediaeval Studies,"Didactic literature, Latin (Medieval and modern); Translations into English",1,eng
/works/OL15329136W,1969,Pliny the Elder,Letters and Panegyricus [of] Pliny,,Harvard University Press,,1,eng
/works/OL1499190W,1969,Pliny the Younger,"Letters and Panegyricus I, Books 1-7",Betty Radice (Translator),Loeb Classical Library,,1,eng
/works/OL1499191W,1969,Pliny the Younger,Letters and Panegyricus [of] Pliny,"Radice, Betty, tr.",Harvard University Press,"Authors, Latin; Correspondence; Latin Authors; Latin letters; Lawyers; Translations into English",1,eng
/works/OL1499187W,1969,Pliny the Younger,"Letters, II, Books 8-10. Panegyricus",Betty Radice (Translator),Loeb Classical Library,,1,eng
/works/OL1499220W,1969,Pliny the Younger,"Letters, and Panegyricus","Radice, Betty, tr.",Harvard U.P.,"Correspondence; Latin Authors; Latin letters; Lawyers; Translations into English; Latin language materials; Greek literature, translations into english; Trajan, emperor of rome, 53-117; Authors, latin; Lawyers, correspondence",6,eng; mul; lat
/works/OL1499189W,1969,Pliny the Younger,"Letters, and Panegyricus [by] Pliny",,Heinemann,,1,eng
/works/OL15871624W,1969,Roger Francis Bacon,An investigation of an automatic machine grading system for assembly language instruction,,,,1,eng
/works/OL37894692W,1969,Saint Albertus Magnus,The Boke of Secretes : Number 116 of The English Experience,,Da Capo,,1,eng
/works/OL22528677W,1969,Saint Albertus Magnus,The boke of secretes,,Da Capo Press,"Medicine, Magic, mystic, and spagiric; Early works to 1800; Medieval Medicine",1,eng
/works/OL1322147W,1969,Saint Albertus Magnus,"The boke of secretes, London (1560)",,Da Capo Press,"Medicine, Medieval; Medieval Medicine",1,eng
/works/OL38017993W,1969,Sallust; C. Merivale,Cataline,,St. Martin's Press,"Rome, history, republic, 510-30 b.c.; Latin language, readers",1,eng
/works/OL102290W,1969,Seneca the Younger,Letters from a Stoic,"Campbell, Robin, tr.",Penguin,Early works to 1800; Conduct of life.; Ethics; Conduct of life; Philosophy; Bj214.s4 e73; 188; Stoa; Morale pratique; Ouvrages avant 1800,3,lat; eng
/works/OL43367559W,1969,Tacitus,Tacitus on Britain and Germany,,Penguin Books,,1,eng
/works/OL36891527W,1969,Tacitus; John Jackson,"Tacitus in Five Volumes, III, the Histories, Books IV-V, The Annals Books I-III. Loeb Classical Library 249",,Harvard University Press,,1,
/works/OL546459W,1969,Thomas Aquinas,Commentary on Saint Paul's first letter to the Thessalonians and the letter to the Philippians,,Magi Books,Commentaries; Bible,2,eng
/works/OL20947803W,1969,Thomas Aquinas,Our Lady (3a. 27-30),,McGraw-Hill,,1,eng
/works/OL20947771W,1969,Thomas Aquinas,Purpose and happiness (1a2ae. 1-5),,McGraw-Hill,Happiness; Providence and government of God,1,eng
/works/OL20947783W,1969,Thomas Aquinas,Sin (1a2ae. 71-80),,McGraw-Hill,Sin; Vice,1,eng
/works/OL8059754W,1969,Thomas Aquinas,The Existence of God,,Kessinger Publishing,Doctrinal Theology,2,lat; eng
/works/OL20947268W,1969,Thomas Aquinas,The old law (1a2ae. 98-105),,McGraw-Hill,Jewish law; Ten commandments,1,eng
/works/OL31395759W,1969,Thomas Aquinas,Treatise on Law,,Regnery,,3,eng
/works/OL20947780W,1969,Thomas Aquinas,Virtue (1a2ae. 55-67),,McGraw-Hill,Virtue,1,eng
/works/OL11830770W,1969,Thomas More,A fruteful and pleasant worke of the beste state of a publyqûe weale and of the newe yle called Utopia,,,,1,eng
/works/OL1090217W,1969,Thomas More,Thomas More's prayer book,Richard S. Sylvester (Translator),Published for the Elizabethan Club [by] Yale University Press,"Books of hours; Catholic Church; Liturgy; Psalters; Texts; Liturgics; Livres d'heures; Église catholique; Catholic church, liturgy",3,eng; lat
/works/OL4629049W,1969,Thomas W. Benson; Michael H. Prosser,Readings in classical rhetoric,,Indiana University Press,"Ancient Rhetoric; Classical literature; History and criticism; Theory; Translations into English; Translations from classical literature; English literature; Literary studies: classical, early & medieval; Other prose: classical, early & medieval; Greek Literature",9,und; eng
/works/OL44137017W,1969,Thomson,Loeb Classical Library Prudentius Vol 2 of 2,,Heinemann,,1,
/works/OL1548652W,1969,Titus Lucretius Carus,The way things are (by) Lucretius,,Indiana U.P,,1,eng
/works/OL481355W,1969,Titus Maccius Plautus,"Plautus, Three comedies",,Harper Colophon Books,Latin drama (Comedy); Translations into English,1,eng
/works/OL481458W,1969,Titus Maccius Plautus,Three comedies,"Segal, Erich, 1937- tr.",Harper & Row,Translations into English; Latin drama (Comedy); 18.46 ancient Latin literature; Continental european drama (dramatic works by one author); Drama,6,eng
/works/OL38018751W,1969,Virgil; H. E. Gould,Eclogues and Georgics of Virgil,,St. Martin's Press,"Latin poetry, translations into english; Pastoral poetry, classical",1,eng
/works/OL38019095W,1969,Virgil; T. E. Page,Bucolics et Georgica,,St. Martin's Press,"Latin literature, translations into english",1,lat
/works/OL42681897W,1970,Bede Griffiths; Syro-Malankara Church,The book of common prayer of the Antiochian Syrian church,,"John XXIII Center, Fordham University",Liturgy; Texts; Malankar rite; Syro-Malankara Church; Catholic Church,1,eng; und
/works/OL19137233W,1970,Charles Swan; Wynnard Hooper,Gesta Romanorum,Charles Swan (Translator),Ams Pr Inc,"Early works to 1800; Christian literature, Latin (Medieval and modern); Didactic literature, Latin (Medieval and modern); Translations into English; Medieval Tales; Exempla; Latin Tales; Tales",4,eng
/works/OL15218072W,1970,Cicero,Pro Caelio.  De provinciis consularibus.  Pro Balbo,,Harvard University Press,,1,eng
/works/OL67444W,1970,Cicero,Res publica : Roman politics and society according to Cicero,,Oxford U.P.,"Sources; Translations into English; Politics and government; Social conditions; Speeches, addresses, etc., Latin",2,eng
/works/OL3100988W,1970,Cicero,Volume XXV. Letters to His Friends,W. Glynn Williams (Translator),Loeb Classical Library,,1,eng
/works/OL7116557W,1970,"Clarke, John","An introduction to the making of Latin, 1721",,Scolar P.,Early works to 1800; Grammar; Latin language; Readers; Translating into English; History; Composition and exercises,1,eng
/works/OL18505528W,1970,D. W. Robertson,The literature of medieval England,,McGraw-Hill,French literature; Translations from foreign languages; Translations into English; Celtic literature; English literature; Medieval and modern Latin literature; British literature; Civilization,1,eng
/works/OL8496861W,1970,Daniel H. Woodward,The Poems & Translations of Robert Fletcher,,University Press of Florida,Translations into English; Latin Epigrams; Poetry,1,
/works/OL679818W,1970,Desiderius Erasmus,A sermon,,Imprynted by me Robert Wyer ...,Sermons; Turning water into wine at the wedding at Cana (Miracle),1,eng
/works/OL679551W,1970,Desiderius Erasmus,Bellum Erasmi,,In aedibus Tho. Bertheleti,War,1,eng
/works/OL679660W,1970,Desiderius Erasmus,Erasmus and his age,,Harper & Row,"Correspondence; Humanists; Authors, Latin (Medieval and modern); Intellectual life; Sources",2,lat; eng
/works/OL679686W,1970,Desiderius Erasmus,"Here folowith a scorneful image or monstrus shape of a maruelous stra[n]ge fygure called, Sileni Alcibiadis",,J. Gough,Latin Proverbs,1,eng
/works/OL679877W,1970,Desiderius Erasmus,One dialogue or colloquye,"Hake, Edward, fl. 1560-1604, tr.",Theatrum Orbis Terrarum,Imaginary conversations,2,eng
/works/OL679799W,1970,Desiderius Erasmus,Prefaces to the Fathers,,Scolar P.,Bible; Versions; Theology; Early works to 1800; Education; Fathers of the church,1,eng; lat
/works/OL679573W,1970,Desiderius Erasmus,The comparation of a vyrgin and a martyr (1523),"Paynell, Thomas, fl. 1528-1567, tr.",Scholars' Facsimiles & Reprints,Christianity; Virginity; Religious aspects of Virginity; Martyrdom; Martyrdom (Christianity); Religious aspects,1,eng
/works/OL679765W,1970,Desiderius Erasmus,The paraphrase of Erasm[us] Roterdame upon [the] epistle of Sai[n]t Paule unto his discyple Titus,,J. Byddell,Commentaries; Bible,1,eng
/works/OL8232040W,1970,Durant Waite Robertson,The literature of medieval England,,McGraw-Hill,Anglo-Saxon literature; Celtic literature; English literature; French literature; Medieval and modern Latin literature; Translations from foreign languages; Translations into English,1,eng
/works/OL6886068W,1970,F. R. Dale,"Latin elegy, lyric and epigram",,Blackie,Latin poetry; Poetry; Translations into English,1,eng
/works/OL12171952W,1970,F. R. Dale,"Latin elegy, lyric and epigram, a critical anthology compiled by F.R. Dale, G.S. Thompson [and] C.H. Craddock",,Blackie,Translations from Latin; Translations into English; Latin poetry; English poetry; Latin poetry (Collections),1,eng
/works/OL13323696W,1970,Francis Richard Dale,"Latin elegy, lyric and epigram",,Blackie,Latin poetry; Translations into English; Poetry,1,lat
/works/OL394323W,1970,Gaius Valerius Catullus,Catullus: the complete poems for American readers,"Ormsby, Robert J., tr.",Dutton,"Latin Elegiac poetry; Translations into English; Latin Epigrams; Poetry; Latin poetry, translations into english; Latin Occasional verse; Latin Love poetry",1,eng
/works/OL394337W,1970,Gaius Valerius Catullus,The complete poems for American readers,,Dutton Juvenile,Latin Elegiac poetry; Translations into English; Latin Epigrams; Poetry,1,eng
/works/OL11577236W,1970,"Guerric of Igny, Abbot of Igny",Liturgical sermons,,Cistercian Publications,"Catholic Church; Church year sermons; English Sermons; Latin Sermons; Sermons; Sermons, English; Sermons, Latin; Translations from Latin; Translations into English",2,eng
/works/OL1114818W,1970,Heinrich Cornelius Agrippa von Nettesheim,Opera,,G. Olms,,1,lat; eng
/works/OL28483781W,1970,Henry George Bohn; Martial,Epigrams of Martial,,"Creative Media Partners, LLC",,3,eng
/works/OL2735521W,1970,James Edwin Miller,Literature from Greek and Roman antiquity (Man in literature),,"Scott, Foresman",Greek literature; Translations into English; English literature; Translations from Greek; Latin literature; Translations from Latin,1,eng
/works/OL822405W,1970,Jan Kochanowski,Poems,,Czytelnik,Translations into English,4,rus; eng; pol
/works/OL15364753W,1970,Jerome Ch'en,Poems of solitude,,C. E. Tuttle,Translations from Chinese; Chinese poetry; Translations into English; English poetry,1,eng
/works/OL3478736W,1970,Jerome Lawrence,The night Thoreau spent in jail,,Hill & Wang,"Drama; Drama (dramatic works by one author); In literature; Oriental drama, translations into english",5,eng
/works/OL2241465W,1970,Marcus Valerius Martialis,The poems and translations of Robert Fletcher,"Fletcher, R., fl. 1650, tr.",University of Florida Press,"Epigrams, Latin; Latin Epigrams; Poetry; Translations into English",1,eng
/works/OL29727609W,1970,Monica Stevens; Thomas More,Dialogue of Comfort Against Tribulation,,"Creative Media Partners, LLC",,5,eng
/works/OL18201175W,1970,Morris Bishop,A classical storybook,,Cornell University Press,Classical literature; Translations into English; Translations from classical literature; English literature,1,eng
/works/OL4745850W,1970,Morris Bishop,"A classical storybook, selected and edited by Morris Bishop",,Cornell University Press,Classical literature; English literature; Translations from classical literature; Translations into English,1,eng
/works/OL97751W,1970,Ovid,A choice of Ovid,,Bristol Classical Press,"Latin poetry; Love poetry, Latin; Love-letters; Poetry (poetic works by one author)",4,eng; lat
/works/OL7980321W,1970,Ovid,"Ovid's Metamorphosis Englished, mythologized, and represented in figures",George Sandys (Translator),University of Nebraska Press,Poetry; Mythology; Metamorphosis; Latin Fables; Classical Mythology; Translations into English; Poetry (poetic works by one author),2,eng
/works/OL1108257W,1970,P. Cornelius Tacitus,The Agricola and the Germania,H. Mattingly (Translator),Penguin Books,"Germanic peoples; Early works to 1800; Agricola, gnaeus julius, 40-93; Statesmen, biography; Statesmen; Biography; History",3,lat; eng
/works/OL503870W,1970,Petronius,Petronius: Cena Trimalchionis,,Wayne State University Press,"Latin Satire; Rome in fiction; Fiction; Satire, Latin; Rome -- Fiction; Fiction, short stories (single author)",1,lat; eng
/works/OL936072W,1970,Pseudo-Sallust,Epistulae ad Caesarem senem de re publica,,B.G. Teubner,Politics and government; Economic conditions,1,eng
/works/OL1512483W,1970,Publius Terentius Afer,Volume II. Phormio. The Mother-in-Law. The Brothers,John Sargeaunt (Translator),Loeb Classical Library,,1,eng
/works/OL47072W,1970,Publius Vergilius Maro,The Aeneid of Vergil (Rinehart editions),,"Holt, Rinehart and Winston",,2,eng
/works/OL1153436W,1970,Quintilian,Institutionis Oratoriae: Volume I,,"Oxford University Press, USA",Oratory; Ancient Rhetoric; Latin literature,1,eng
/works/OL1153437W,1970,Quintilian,Institutionis Oratoriae: Volume II,,"Oxford University Press, USA",,1,eng
/works/OL523945W,1970,"Saint Ambrose, Bishop of Milan",S. Ambrosii De bono mortis,,Catholic University of America Press,Death,1,eng
/works/OL8011000W,1970,"Saint Ambrose, Bishop of Milan",Seven Exegetical Works (Fathers of the Church (Paper)),Michael P. McHugh (Translator),Catholic University of America Press,Theology; Early works to 1800,1,eng
/works/OL936073W,1970,Sallust; Pseudo-Sallust,"Fragments of the Histories and, Pseudo-Sallust, Letters to Caesar",,London Association of Classical Teachers,,1,eng
/works/OL15222976W,1970,Seneca the Younger,Naturalium quaestionum Libri VIII,,Teubner,,1,eng
/works/OL13085250W,1970,Suetonius,Divus Iulius,,Clarendon Press,,1,eng
/works/OL4086694W,1970,Suzanne Jill Levine,Latin America fiction & poetry in translation,,Center for Inter-American Relations,Bibliography; English literature; Latin American literature; Translations from Portuguese; Translations from Spanish; Translations into English,3,eng
/works/OL546428W,1970,Thomas Aquinas,Aquinas on Being and Essence,,University of Notre Dame Press,"Substance (Philosophy); Ontology; Ontologie; Early works to 1800; De ente et essentia (Thomas, Aquinas, Saint); De ente et essentia (Thomas van Aquino); Metaphysics",2,eng
/works/OL546816W,1970,Thomas Aquinas,Commentary on the Posterior analytics of Aristotle,"Larcher, Fabian R. 1914- tr.",Magi Books,Logic,2,eng
/works/OL20947765W,1970,Thomas Aquinas,Man (1a. 75-83),,McGraw-Hill,Theological anthropology,1,eng
/works/OL20947796W,1970,Thomas Aquinas,Prophecy and other charisms (2a2ae. 171-8),,McGraw-Hill,Prophecies; Spiritual Gifts,1,eng
/works/OL20947772W,1970,Thomas Aquinas,Psychology of human acts (1a2ae. 6-17),,McGraw-Hill,Religious Psychology; Human behavior,1,eng
/works/OL24300791W,1970,Thomas Aquinas,Summa theologiae,,Eyre & Spottiswoode,"Theology; Doctrinal and controversial works; Catholic Church; Doctrinal Theology; Doctrines; Catholic authors; Theology, doctrinal; Catholic church, doctrines",3,eng
/works/OL546761W,1970,Thomas Aquinas,Summa theologie,,Blackfriars,,1,eng
/works/OL20947769W,1970,Thomas Aquinas,The World order (1a. 110-119),,McGraw-Hill,Theological anthropology; Angels; Demonology; Biblical teaching,1,eng
/works/OL4649463W,1970,Thomas F. Staley,James Joyce today,,Indiana UP,"Ancient Philosophy; Translations into English; Criticism and interpretation; Latin Didactic poetry; Joyce, james, 1882-1941",2,eng
/works/OL1090120W,1970,Thomas More,"A dialogue of cumfort, 1573",,Scolar Press,Early works to 1800; Consolation,1,eng
/works/OL8202788W,1970,Thomas More,Correspondence Sir Thomas More (Library of English Renaissance literature),,Ayer Co Pub,,1,eng
/works/OL1090099W,1970,Thomas More,"The apologye of Syr T. More, Knight",,Da Capo Press,Doctrines; Catholic Church,1,eng
/works/OL1090198W,1970,Thomas More,"The works of Sir Thomas More Knyght, sometyme Lorde Chauncellour of England",,Sine nomine,,1,eng
/works/OL1261140W,1970,Titus Livius,The history of early Rome,"De Selincourt, Aubrey, 1894-1962, tr.",Heritage Press,History; Rome,6,eng
/works/OL9548671W,1970,Titus Maccius Plautus,Miles Glorious,,Harvard Univ Pr,"Literature, history and criticism",1,eng
/works/OL481348W,1970,Titus Maccius Plautus,Plautus: Amphitruo,,Wayne State University Press,Amphitryon (Greek mythology); Drama,1,eng
/works/OL21367496W,1970,Tyrtaeus; Callinus; Solon,Greek Elegy and Iambus,J. M. Edmonds (Translator),Loeb Classical Library,"Greek poetry, translations into english; Greek poetry",1,eng
/works/OL3713349W,1970,William Benson,Letters concerning poetical translations,,Dodo Press,Correspondence; Early works to 1800; English language; Latin language; Metrics and rhythmics; Poetry; Translating; Translating into English; Versification,2,eng
/works/OL1230571W,1971,Albert Camus,La Mort heureuse,Richard Howard (Translator),Rowohlt,Mort; French language materials; Translations into English; French literature; French fiction; Murderers; Fiction; Continental european fiction (fictional works by one author); Concordances; Happiness,30,ger; spa; eng; ita; fre
/works/OL44572471W,1971,Albertus Magnus,De Caelo et Mundo,,Aschendorff Verlag GmbH & Co. KG,,1,eng
/works/OL413938W,1971,Albrecht Dürer,The little Passion,,[Officina Bodoni,"Art; Christian art and symbolism; Christian poetry, Latin (Medieval and modern); Passion; Translations into English",1,eng
/works/OL24283637W,1971,Augustine of Hippo,Love song,,Harper & Row,Christian saints; Biography,1,eng
/works/OL43011707W,1971,Boethius; John Walton; Mark Science,Boethius,,Kraus Reprint Co.,,1,enm; eng
/works/OL2952352W,1971,Brian Stock,Medieval Latin lyrics,,D. Godine,"Latin poetry, Medieval and modern; Medieval and modern Latin poetry; Translations into English",1,eng; lat
/works/OL33601714W,1971,Cicero,On old age and On friendship,,University of Michigan Press,Old age,1,eng
/works/OL15217982W,1971,Cicero,On the good life,,The Folio Society,"Early works to 1800; Translations into English; Conduct of life; Ethics; Cicero, Marcus Tullius -- Translations into English.; Philosophy",3,eng; lat
/works/OL679596W,1971,Desiderius Erasmus,"De recta Latini Graecisqui [i.e. Graecique] sarmonis pronuntiatione, 1528",,Scolar Press,Classical languages; Pronunciation; Early works to 1800,1,eng
/works/OL679665W,1971,Desiderius Erasmus,Erasmus and the seamless coat of Jesus,,Purdue University Studies,"Correspondence; Unity; Church; Erasmus, desiderius, -1536",1,eng
/works/OL18372354W,1971,E. Caracciolo-Trejo,The Penguin book of Latin American verse,,Penguin,Translations from Spanish; Translations into English; Latin American poetry; English prose literature; Translations from Portuguese; Poetry (poetic works by one author),1,spa
/works/OL3468864W,1971,Ernest Gallo,The Poetria Nova and its sources in early rhetorical doctrine,,Mouton,"Translations into English; Theory; Didactic literature, Latin (Medieval and modern); History and criticism; Latin poetry, Medieval and modern; Rhetoric, Medieval; Medieval Rhetoric; Medieval and modern Latin poetry",1,eng
/works/OL15002675W,1971,Fabius Planciades Fulgentius,Fulgentius the mythographer,"Whitbread, Leslie George, 1917- tr.",Ohio State University Press,Translations into English,1,eng
/works/OL69395W,1971,Francis Bacon,Historie of the raigne of King Henry the Seventh,,"Izd-vo ""Nauka""","History; Henry VII, 1485-1509; Great britain, history, tudors, 1485-1603",20,eng; fre; lat; rus
/works/OL14994244W,1971,Francis Bacon,"The essays, 1625",,Scolar Press,English essays,1,eng
/works/OL9120141W,1971,George Woodyard,The modern stage in Latin America,,Dutton,English drama; Latin American drama; Spanish American drama; Translations from Spanish; Translations into English,3,eng
/works/OL7302930W,1971,Harold Isbell,The last poets of imperial Rome,,Penguin Books,"Latin poetry; Poetry; Translations into English; Latin poetry, translations into english",1,eng; lat
/works/OL1217879W,1971,"Hill, Brian",Ganymede in Rome,,The Palatine Press,"Epigrams, Latin; Latin Epigrams; Poetry; Translations into English",1,eng; lat
/works/OL15097509W,1971,Horace,Art of poetry made English,,Scolar Press,,1,eng
/works/OL3924435W,1971,James J. Wilhelm,Medieval song,,E. P. Dutton,"Ballads; Hymns; Hymns, Latin (Medieval and modern); Hymns. 0; Medieval Poetry; Texts; Translations into English; Children's fiction; Cats, fiction; Dogs, fiction",3,und; eng
/works/OL697049W,1971,Juvenal,Fourteen Satires,,Cambridge University Press,,1,eng
/works/OL22482360W,1971,Karl Inge Sandred,A Middle English version of the Gesta Romanorum ed. from Gloucester cathedral MS 22,,Almqvist & Wiksell (distr.),"Early works to 1800; Christian literature, Latin (Medieval and modern); Didactic literature, Latin (Medieval and modern); Translations into English; Medieval Tales; Exempla",1,eng
/works/OL2566188W,1971,Lucan,The battle of Pharsalia,"Dilke, Oswald Ashton Wentworth, tr.","Printed for the Leeds Philosophical and Literary Society, by W. S. Maney & Son","History; Latin Epic poetry; Pharsalus, Battle of, Farsala, Greece, 48 B.C.; Poetry; Rome Civil War, 49-45 B.C.; Translations into English",1,eng
/works/OL42667185W,1971,Ludwig Wilhelm Brüggemann,"A supplement to the View of the English editions, translations, and illustrations of the ancient Greek and Latin authors, with remarks",,Burt Franklin,Classical literature; Bibliography; Translations into English,1,eng
/works/OL24983124W,1971,Martial,Select epigrams of Martial,"Hay, William, 1695-1755, translator",Printed for R. and J. Dodsley,,2,lat; eng
/works/OL27733929W,1971,Ovid,Ars amatoria [selections],,St. Martin's Press,,3,eng; lat
/works/OL9106923W,1971,Pliny the Elder,Elder Plinys Chapters on the History of Art,,Reprint Services Corp,,1,eng
/works/OL970330W,1971,Publius Papinius Statius,Thebais 1-3,,Shakespeare Head Press,,1,eng
/works/OL1512494W,1971,Publius Terentius Afer,A comedy of Terence called Andria,,[Officina Bodoni],Latin drama (Comedy); Translations into English,2,lat; eng
/works/OL9091729W,1971,T. A. Tymieniecka; Paracelsus,Why Is There Something Rather Than Nothing?,,Royal Van Gorcum,Fire,2,grc; gre; eng
/works/OL20947808W,1971,Thomas Aquinas,The Life of Christ (3a. 38-45),,McGraw-Hill,,1,eng
/works/OL1090105W,1971,Thomas More,Conscience decides; letters and prayers from prison written by Sir Thomas More between April 1534 and July 1535,,G. Chapman,"Correspondence; Sources; Politics and government; Prayers; Christian martyrs; Intellectual life; Prisoners' writings, English; Humanists; Early works to 1800; History",1,eng
/works/OL1090146W,1971,Thomas More,Letters from the Tower of London,,Vatican City Press,,1,eng
/works/OL1090178W,1971,Thomas More,The supplycacyon of soulys,,Johnson Reprint Corp,Early works to 1800; Doctrines; Purgatory; Catholic Church,3,eng
/works/OL1261044W,1971,Titus Livius,The history of Rome from its foundation,,Penguin,,1,eng
/works/OL481416W,1971,Titus Maccius Plautus,The Menaechmus twins and two other plays,,Norton,"Translations into English; Latin drama, translations into english; Latin drama (Comedy)",2,eng
/works/OL10939704W,1971,William Fahrenbach,Bibliographies of translations from classical literature into English and into French,,Sine nomine,Classical literature; Bibliography; Translations into French; Translations into English,1,eng
/works/OL7220767W,1971,William Irvin Oliver,Voices of change in the Spanish American theater,,University of Texas Press,"Translations into English; Spanish American drama; English drama; Translations from Spanish; Latin american drama, translations into english",1,eng; spa
/works/OL9397652W,1971,Woodyard,Modern Stage in Latin America,,Plume,"Latin American drama; Theater, latin america; Translations into English; Drama; Collections; Portuguese drama; Spanish drama; English drama; Translations into Portuguese; Translations into Spanish",2,eng
/works/OL18142204W,1972,,Deeds of famous men (De viris illustribus),,University of Oklahoma Press,"Biography; Latin Didactic literature; Translations into English; Rome, biography",1,eng
/works/OL6854660W,1972,Albertino Mussato,The tragedy of Ecerinis,,"Dept. of Classics, Pennsylvania State University",Medieval and modern Latin drama; Translations into English,3,eng; lat
/works/OL15327306W,1972,Augustine of Hippo,Concerning the city of God against the pagans,,Penguin Books,Apologetics; Early works to 1800; Kingdom of God; History,1,eng
/works/OL137854W,1972,Augustine of Hippo,De Genesi ad litteram,,Newman Press,"Bible; Criticism, interpretation; Sources; Early works to 1800; Early Christian literature; Church history; Critique, interprétation; Bible, criticism, interpretation, etc., o. t. pentateuch",5,eng; mul
/works/OL67462W,1972,Cicero,Aratea,,Les Belles Lettres,,2,eng; mul
/works/OL10434541W,1972,Cicero,Cicero's Cilician letters,,LACTOR,"Sources; History, Military; Military History",2,eng
/works/OL15217774W,1972,Cicero,"Letters to Quintus, Brutus, Octavian and Commentariolum Petitionis",W.G. Williams (Translator),William Heinemann,,1,eng
/works/OL10434589W,1972,Cicero,Orations and essays,,printed for the members of the Limited Editions Club at the Stamperia Valdonega,Translations into English,3,eng
/works/OL67471W,1972,Cicero,The letters to his brother Quintus,"Henderson, Mary Isobel, tr.",W. Heinemann,Correspondence; Latin Authors; Early works to 1800; Political campaigns; Statesmen,4,eng
/works/OL5593208W,1972,D. A. Russell,Ancient literary criticism,,OUP,"Classical literature; Criticism; History and criticism; Theory; Classical literature, translations into english, history and criticism; Critique; Altertum; Literaturkritik; Literaturtheorie; Quelle",3,eng
/works/OL679898W,1972,Desiderius Erasmus,A lytle treatise of the maner and forme of confession,,J. Bydell [for W. Marshall],Confession,3,lat; eng
/works/OL679853W,1972,Desiderius Erasmus,"The censure and iudgement of the famous clark Erasmus of Roterodam, whyther dyuorsemente betwene man and wyfe stondeth with the lawe of God, with diuers causes wherfore it is permitted with the mynde of the olde doctours ..",,Theatrum Orbis Terrarum],Divorce,2,eng
/works/OL679836W,1972,Desiderius Erasmus,Tudor translations of the colloquies of Erasmus (1536-1584),,Scholars' Facsimiles & Reprints,"Imaginary conversations; Translations into English; Dialogues, Latin (Medieval and modern)",1,eng
/works/OL679837W,1972,Desiderius Erasmus,Tudor translations of the colloquies of Erasmus (1536-1584) Facsimile reproductions edited and with an introd. by Dickie A. Spurgeon,,Scholars' Facsimiles & Reprints,,1,eng
/works/OL18349176W,1972,Desiderius Erasmus; Otto Dix,Bellum,,Imprint Society,"World War, 1914-1918; War; Pictorial works; War. 0",2,eng
/works/OL6929464W,1972,Donald A. Yates,Latin blood,,Herder and Herder,"Social life and customs; Spanish American Detective and mystery stories; Translations into English; Fiction; Manners and customs; Detective and mystery stories; South america, fiction",1,eng
/works/OL17945290W,1972,Edmund Arwaker,"A Selection of emblems, from Herman Hugo: Pia desideria",,"William Andrews Clark Memorial Library, University of California",Emblems; Christian life; English poetry; Medieval and modern Latin poetry; Translations into English; Poetry; Vie chrétienne; Emblèmes,1,eng
/works/OL18410667W,1972,Einhard,Vita Karoli Magni =,,University of Miami Press,,1,
/works/OL69424W,1972,Francis Bacon,Apophthegmes new and old,,H. Barret and R. Whittaker,Aphorisms and apothegms; Early works to 1800,4,eng
/works/OL274525W,1972,Gabriel García Márquez,La increíble y triste historia de la cándida Eréndira y de su abuela desalmada,,Editions Grasset & Fasquelle,"Translations into English; Spanish fiction; Spanish language books; LITERATURA COLOMBIANA; NOVELA COLOMBIANA; GARCÍA MÁRQUEZ, GABRIEL(1927-2014); García Márquez, Gabriel, 1928; Fiction, general; Latin america, fiction; Garcia marquez, gabriel, 1928-2014",58,eng; fre; ara; ger; spa; und
/works/OL394321W,1972,Gaius Valerius Catullus,Catullus in English poetry,,Russell & Russell,,1,eng
/works/OL394338W,1972,Gaius Valerius Catullus,The complete poems for modern readers,,Allen & Unwin,,1,eng
/works/OL4771153W,1972,George Kearns,The classical heritage,,"Webster Division, McGraw-Hill",Classical literature; Literary collections; Translations into English,1,eng
/works/OL34013790W,1972,Guy,Carmen de Hastingae Proelio,,"Oxford University Press, Incorporated","Hastings, battle of, england, 1066; Poetry; History; Epic poetry, Latin (Medieval and modern); Translations into English",1,eng
/works/OL15097560W,1972,Horace,"Horace: his Arte of poetrie, Pistles, and Satyrs Englished","Drant, Thomas, d. 1578?, tr.",Scholars' Facsimiles & Reprints,Translations into English; Poetry; Poetics; Latin Verse satire; Latin Epistolary poetry,1,eng
/works/OL15163944W,1972,Jerome Rothenberg,Shaking the pumpkin,,Doubleday,Translations into English; Indian poetry; Translations from Indian languages; American poetry; Indian authors,1,eng
/works/OL2241425W,1972,Marcus Valerius Martialis,An eye for Ganymede,,The Palatine Press,Epigrams,1,eng
/works/OL38486221W,1972,Margaret Randall,"This great people has said ""enough"" and has begun to move . . .",,Peoples Press,Latin American poetry; Translations into English; English poetry,1,eng; spa
/works/OL23437618W,1972,Martial,An eye for Ganymede,,Palatine Press,Latin Epigrams; Translations into English; English poetry,1,eng
/works/OL10998897W,1972,"McGrath, Albertus Magnus Sister.",What a modern Catholic believes about women,,Thomas More,"Bible and feminism; Catholic Church; Doctrinal and controversial works, Popular; Popular Doctrinal and controversial works; Women in the Catholic Church; Women in Christianity; Women; Social and moral questions; Theology; Vatican Council (2nd : 1962-1965)",1,eng
/works/OL37475880W,1972,Ovid,Heroides,,Allen & Unwin,,1,eng
/works/OL31462508W,1972,Ovid; translated by Harold C. Cannon,Ovid's 'Heroides',,Allen and Unwin,English poetry; Translations from Latin; Latin poetry; Translations into English,1,
/works/OL970347W,1972,Publius Papinius Statius,Thebaidos liber decimus,,E.J. Brill,Poetry; Latin Epic poetry; Polyneices (Greek mythology); Seven against Thebes (Greek mythology); Eteocles (Greek mythology),3,eng; lat
/works/OL37350105W,1972,R. J. Tarrant,Greek and Latin lyric poetry in translation,,American Philological Association,Greek poetry; Translations into English; Bibliography; Latin poetry,1,eng
/works/OL1322187W,1972,Saint Albertus Magnus,"The Paradise of the soule, 1617",,Scolar Press,Early works to 1800; Christian life; Virtues,1,eng
/works/OL8497484W,1972,"Saint Ambrose, Bishop of Milan","Saint Ambrose. Seven Exegetical Works...Isaac, or the Soul. Death As a Good, Jacob and the Happy Life, Joseph, the Patriarchs, Flight from the World, the Prayer of Job and Davi (Fathers of the Church)",Michael P. McHugh (Translator),Catholic Univ of Amer Press,,1,eng
/works/OL523957W,1972,"Saint Ambrose, Bishop of Milan",Seven exegetical works,,Catholic University of America Press in association with Consortium Press,Early works to 1800; Theology; Religious literature; History,1,eng
/works/OL19330303W,1972,Saint Augustine,City of God: Bks.XXI-XXII v. 7 (Loeb Classical Library),,Heinemann Young Books,"Apologetics, history, early church, ca. 30-600; Kingdom of god",1,
/works/OL15222981W,1972,Seneca the Younger,No Title Exists,,Readex Microprint,,1,eng
/works/OL43330503W,1972,St . Gregory The Great,Life And miracles,,St Paul Publications,,1,eng
/works/OL1339284W,1972,Tertullian,Tertullian: Adversus Marcionem,,ClarendonPress,"Commentaries; Bible. N.T. Epistles of Paul; Bible. N.T. Gospels; Criticism, interpretation; Bible",1,eng
/works/OL7152546W,1972,Theobaldus Episcopus.,"Theobaldi ""Physiologus""",,Brill,"Animals; Bestiaries; Didactic literature, Latin (Medieval and modern); Early works to 1800; Folklore; Translations into English; History",1,eng; lat
/works/OL546907W,1972,Thomas Aquinas,An Aquinas reader,,Galilee Trade,Catholic Church; Theology; Doctrines; Doctrinal Theology; Medieval Philosophy; History; Catholic Church. 0; Collected works; Early works to 1800; Scholasticism,7,und; eng
/works/OL20947785W,1972,Thomas Aquinas,Consequences of charity (2a2ae. 34-46),,McGraw-Hill,Sin; Charity,1,eng
/works/OL20947804W,1972,Thomas Aquinas,The Childhood of Christ (3a. 31-37),,McGraw-Hill,Childhood and youth,1,eng
/works/OL20959736W,1972,Thomas Aquinas,The Gospel of Grace (1a2ae 106-114),,Blackfriars,"Grace (Theology); Theology, doctrinal; Catholic church, doctrines",1,eng
/works/OL20947788W,1972,Thomas Aquinas,Virtues of justice in the human community (2a2ae. 101-122),,McGraw-Hill,Justice; Venial Sin; Virtues,1,eng; lat
/works/OL20947794W,1972,Thomas Aquinas,Well-tempered passion (2a2ae. 155-70),,McGraw-Hill,Temperance (Virtue); Pride and vanity,1,eng
/works/OL31241447W,1972,Thomas More Association,Jesus Now; Meditation By a Modern Pilgrim,,Thomas More Press,,1,eng
/works/OL38756624W,1972,Titus Livius,The war with Hannibal,"De Sélincourt, Aubrey, 1894-1962, translator",Penguin Books,"Punic War, 2nd, 218-201 B.C.",1,eng
/works/OL24200208W,1972,Titus Maccius Plautus,Titi Macci Plauti Mostellaria,,MacMillan,Latin language; Readers; Latin drama (Comedy); Textual Criticism,1,eng
/works/OL2009293W,1972,Wido Bishop of Amiens,"The Carmen de Hastingae proelio of Guy, Bishop of Amiens",,Clarendon Press,"Poetry; Hastings, Battle of, England, 1066; Translations into English; Epic poetry, Latin (Medieval and modern); History; Amiens (france); Bishops; France, biography; Veldslagen; Hastings, Battle of (England : 1066) fast (OCoLC)fst00951841",2,lat; eng
/works/OL12398070W,1972,Willis Knapp Jones,Latin American writers in English translation,,Pan American Union,Bibliography; English literature; Translations from Spanish; Translations into English; Latin literature; Translations from Portuguese; Latin American literature,2,eng
/works/OL43052064W,1972,sister albertus magnus mcgrath,what a modern catholic believes about women,,The Thomas More Press,,1,eng
/works/OL8560062W,1973,Ann J. Cotton,Mercurius Rusticans,,Taylor & Francis Group,"College and school drama, Latin (Medieval and modern); Translations into English; Theater; History; Théâtre; Histoire; LITERARY CRITICISM; General",9,eng; lat
/works/OL137793W,1973,Augustine of Hippo,An Augustine reader,,Image Books,Collected works; Early church; Early works to 1800; Theology; Theology -- Early works to 1800; History,3,eng
/works/OL15055664W,1973,Augustine of Hippo,The preaching of Augustine,"Cardman, Francine, tr.",Fortress Press,Sermon on the mount; Early works to 1800,2,eng
/works/OL7138718W,1973,Barbara Howes; Barbara Howes,Eye of the Heart,,Allison & Busby LTD,Spanish American Short stories; Translations into English,4,eng
/works/OL1354513W,1973,"Barclay, John",Euphormionis Lusinini Satyricon,,B. de Graaf,"Fiction; Jesuits; National characteristics; Picaresque literature; Satire, Latin (Medieval and modern); Translations into English; Satire, latin",2,eng; lat
/works/OL2219810W,1973,Bernard Silvestris,Cosmographia,,Columbia University Press,"Didactic literature, Latin (Medieval and modern); Didactic poetry, Latin (Medieval and modern); Medieval Cosmology; Poetry; Translations into English; Translations into French; Ethics; Cosmography; Philosophy; History & surveys",5,fre; eng
/works/OL1393097W,1973,Boethius,Theological Tractates and The Consolation of Philosophy,H. F. Stewart (Translator),Loeb Classical Library,,1,eng
/works/OL28242186W,1973,Cornelius Tacitus; Michael Grant,Annals of Imperial Rome,,"Penguin Books, Limited","Rome, history",1,eng
/works/OL679850W,1973,Desiderius Erasmus,An exhortation to the diligent studye of scripture,,H. Luft,"Bible; Criticism, interpretation; Study and teaching",2,eng
/works/OL679641W,1973,Desiderius Erasmus,The English Experience,,Walter J Johnson,,1,eng
/works/OL679841W,1973,Desiderius Erasmus,"Utile dulce; or, Trueths libertie",,Da Capo Press,"Imaginary conversations; Translations into English; Dialogues, Latin (Medieval and modern)",1,eng
/works/OL7145936W,1973,Francesca Colecchia,Selected Latin American one-act plays,,University of Pittsburgh Press,"One-act plays, Spanish American; Translations into English; Spanish American drama; Latin american drama, translations into english; One-act plays; One-act plays, English",1,eng; spa
/works/OL13429535W,1973,Francesca Maria Colecchia,Selected Latin American one-act plays,,University of Pittsburgh Press,"One-act plays, English; Translations from Spanish; One-act plays, Spanish-American; Translations into English",1,eng
/works/OL274503W,1973,Gabriel García Márquez; Gregory Rabassa,Otoño Del Patriarca,Claude Couffon (Translator),J. Cake,Fiction; Latin American fiction; Fiction in Spanish; Dictators in fiction; Translations into English; Spanish fiction; Corruption; Dictators; Spanish language books; Translations into Croatian,78,spa; ita; ger; per; fre; rus; pol; hrv; gre; eng
/works/OL1114829W,1973,Heinrich Cornelius Agrippa von Nettesheim,Declamatio de nobilitate et praecellentia foeminei sexus,,Königshausen & Neumann,Early works to 1800; Women; Feminism; Controversial literature; Marriage; Aura,10,eng; fre; ger; lat
/works/OL22480948W,1973,Horace,Horace and Juvenal,,Kendall/Hunt Pub. Co.,Latin Verse satire; Latin poetry; Translations into English; Poetry; Poetry (poetic works by one author),1,eng
/works/OL15097574W,1973,Horace,"Horace: selected odes, epodes, satires, epistles","Raffel, Burton, tr.",New American Library,Translations into English; Latin Laudatory poetry; Latin Verse satire; Latin Epistolary poetry; Poetry,1,eng
/works/OL15097844W,1973,Horace,The satires of Horace and Persius,"Rudd, Niall, tr.",Penguin,Translations into English; Translations from Latin; Latin poetry; Latin Verse satire; Latin Satire; English literature; Poetry; English poetry; Latin literature; English Verse satire,2,eng
/works/OL2290409W,1973,John Foxe,Two Latin comedies by John Foxe the martyrologist: Titus et Gesippus,,Published in association with the Renaissance Society of America by Cornell University Press,Translations into English; Latin drama (Comedy),1,eng; lat
/works/OL697016W,1973,Juvenal,D. Invii Ivvenalis Satvrae,,Scholarly Pr,,1,eng
/works/OL29419187W,1973,Martial; Rolfe Humphries,Martial,,Indiana University Press,Epigrams,1,eng
/works/OL743236W,1973,Octavio Paz,"Early poems, 1935-1955","Rukeyser, Muriel, 1913- tr.",New Directions Pub. Corp.,Translations into English; Poetry (poetic works by one author); Latin American poetry,6,eng
/works/OL442079W,1973,Ovid,Ovid's Elegies [translated by] Christopher Marlowe,,Scolar Press,,1,eng
/works/OL1108114W,1973,P. Cornelius Tacitus,Annalivm liber XV,,MacMillan,,1,eng
/works/OL1443215W,1973,Paracelsus,Prognosticatio eximii doctoris Theophrasti Paracelsi,I. J. Kohn (Translator),Rider,"Prophecies (Occultism); Prophecies; Occultism; Paracelsus, 1493-1541; Prophecies (occultism)",6,fre; eng
/works/OL27767225W,1973,Paracelsus Research Society,Parachemy,,Paracelsus Research Society,Alchemy; Periodicals; Astrology; Cabala; Magic; Occultism,1,eng
/works/OL11020466W,1973,Pliny the Younger,An address of thanks to a good prince,,zu finden der Rengerischen Buchhandl.,"Biography; Emperors; Latin literature, Medieval and modern; Medieval and modern Latin literature; Poetry",5,eng; ger; lat
/works/OL8298553W,1973,Pliny the Younger,Selections from Pliny's Letters,,Cambridge University Press,"Pliny, the younger, 62?-113",1,eng
/works/OL8396719W,1973,Publius Papinius Statius,The Thebaid,Charles Stanley Ross (Translator),Clarendon,Poetry; Seven against Thebes (Greek mythology); Poetry (poetic works by one author),5,lat; eng
/works/OL15237099W,1973,Publius Vergilius Maro,"The Aeneid of Virgil, Books 7-12",,Palgrave Macmillan,"Poetry; Legends; Latin Epic poetry; Aeneas (Legendary character); Latin poetry, translations into english",1,lat; eng
/works/OL18983947W,1973,Richard Robinson,A record of auncient histories,,Scholars' Facsimiles & Reprints,"Early works to 1800; Christian literature, Latin (Medieval and modern); Didactic literature, Latin (Medieval and modern); Translations into English; Medieval Tales; Exempla",1,eng
/works/OL74366W,1973,Richard Rolle of Hampole,"The fire of love, and The mending of life",,Kraus Reprint Co.,"Early works to 1800; Love; Religious aspects of Love; God; Translations into English; Christianity; Spiritual life; Worship and love; Catholic Church; Devotional literature, Latin (Medieval and modern)",2,eng
/works/OL8009030W,1973,Saint Albertus Magnus,Book of Secrets (Studies in Tudor & Stuart Literature),,Oxford University Press,,1,eng
/works/OL18269684W,1973,Saint Albertus Magnus,"The book of secrets of Albertus Magnus of the virtues of herbs, stones and certain beasts, also A book of the marvels of the world",,Clarendon Press,"Medicine, Magic, mystic, and spagiric; Medieval Medicine; Medicine, medieval; Medicine, magic, mystic, and spagiric; Medieval History; Ancient History; Traditional Medicine; Herbal Medicine",1,eng
/works/OL3839708W,1973,Terence DuQuesne,Testament of a roach-eating saint,,C. & A.  Woolf,Classical poetry; Translations into English; English poetry,1,eng
/works/OL20657712W,1973,Thomas Aquinas,St Thomas Aquinas Summa theologiae,,Eyre & Spottiswoode,"""Summa theologica""; Summa theologica",2,lat
/works/OL20939932W,1973,Thomas Aquinas,The pastoral and religious lives (2a2ae. 183-9),,[Blackfriars in conjunction with McGraw-Hill],Catholic Church; Monastic and religious life; Episcopacy; Perfection,1,lat
/works/OL39606229W,1973,Thomas More,Orchard Musings,,"Stockwell Limited, Arthur H.",,1,eng
/works/OL1090202W,1973,Thomas More,The dialogue of comfort against tribulation of St. Thomas More,,Sheed & Ward,Consolation,2,eng
/works/OL1548615W,1973,Titus Lucretius Carus,Lucretius: about reality,"Wooby, Philip F., tr.",Philosophical Library,"Ancient Philosophy; Didactic poetry, Latin; Latin Didactic poetry; Philosophy, Ancient; Translations into English",1,lat; eng
/works/OL3713342W,1973,William Benson,"Letters concerning poetical translations, 1739",,Scolar Press,Early works to 1800; Latin language; Poetry; Translating; Translating into English; Versification,1,eng
/works/OL6725003W,1973,William E. Mahaney,Two university Latin plays: Philip Parsons' Atalanta and Thomas Atkinson's Homo,,"Inst. f. Engl. Sprache u. Literatur, Univ. Salzburg","Atalanta (Greek mythology); College and school drama, Latin (Medieval and modern); Drama; Medieval and modern Latin drama; Translations into English",1,lat; eng
/works/OL21641336M,1974,,Orgy,,"UCLA Latin American Center, University of California","One-act plays, Spanish American -- Translations into English; One-act plays, English -- Translations from Spanish; Spanish American drama -- 20th century -- Translations into English",1,eng
/works/OL22548842W,1974,,Wynkyn de Worde's Gesta Romanorum,,University of Exeter,"Early works to 1800; Christian literature, Latin (Medieval and modern); Didactic literature, Latin (Medieval and modern); Translations into English; Medieval Tales; Exempla",1,lat; enm
/works/OL16068035W,1974,Barbara Howes,The eye of the heart,,Avon Books,Spanish American Short stories; Translations into English; English Short stories; Translations from Spanish,1,eng
/works/OL9091692W,1974,Boethius,Boecius De Cosolacione Philosophie,,Walter J Johnson,,1,eng
/works/OL15217639W,1974,Cicero,De officiis/On duties,"Edinger, Harry G., tr.",Bobbs-Merrill,Ethics; Early works to 1800,1,eng
/works/OL10434696W,1974,Cicero,On duties,,Cambridge University Press,"Early works to 1800; Ethics; Ancient Ethics; Political ethics; Ethics, ancient; Ethics--early works to 1800; Political ethics--early works to 1800; Pa6296 .d5 1990; 171/.2",2,eng
/works/OL6929910W,1974,David Charles Riede,"Pagans, Christians, and Jews",,Kendall/Hunt Pub. Co.,"Ancient Civilization; Classical literature; Literary collections; Translations into English; Paganism; Christianity and other religions, judaism; Religious literature, history and criticism",1,eng
/works/OL679928W,1974,Desiderius Erasmus,Collected works of Erasmus,,Buffalo,Correspondence,14,eng
/works/OL8397639W,1974,Desiderius Erasmus,The Correspondence of Erasmus,Alexander Dalzell (Translator),University of Toronto Press,"Correspondence; Authors, Latin (Medieval and modern); Erasmus, Desiderius, d. 1536; Intellectual life; Humanists; Sources; Erasmus, desiderius, -1536; Netherlands, history; Authors, latin; Renaissance",18,eng
/works/OL679627W,1974,Desiderius Erasmus,The ecumenical theology of  Erasmus of Rotterdam,,University Microfilm],,1,eng
/works/OL878451W,1974,Francesco Petrarca,Petrarch's Bucolicum carmen,"Bergin, Thomas Goddard, 1904- tr.",Yale University Press,"Country life; Translations into English; Poetry; Pastoral poetry, Latin (Medieval and modern); Poetry (poetic works by one author); Italy, poetry",1,eng
/works/OL394398W,1974,Gaius Valerius Catullus,Selected poems of Catullus,,Mason & Lipscomb,English Translations; Latin Love poetry; Translations into English; Latin Elegiac poetry; Latin Epigrams,2,lat; eng
/works/OL17894297W,1974,Geber; Roger Bacon; Hermes Trismegisto ,"In hoc volumine De alchemia continentur haec, Gebri...De inuestigatio[n]e p ...",,I. Petreium,,5,lat; eng
/works/OL18232815W,1974,Gerardo Luzuriaga; Robert S. Rudder,The Orgy,,"UCLA Latin American Center, University of California","Translations into English; Spanish American drama; One-act plays, Spanish American; One-act plays, English; Translations from Spanish",2,eng
/works/OL10516992W,1974,Giordano Bruno,De specierum scrutinio et lampade combinatoria Raymundi Lullii..,,Readex Microprint,,1,eng
/works/OL1114827W,1974,Heinrich Cornelius Agrippa von Nettesheim,De incertitudine et vanitate scientiarum,,Imprinted by Henrie Bynneman,"Early works to 1800; Learning and scholarship; Philosophy; Scholasticism; Science; Science, early works to 1800; Conduct of life",9,lat; eng; ger
/works/OL1114817W,1974,Heinrich Cornelius Agrippa von Nettesheim,Of the vanitie and uncertaintie of artes and sciences,,California State University,,1,eng; lat
/works/OL15097556W,1974,Horace,His art of poetry,,W. J. Johnson,Early works to 1800; Translations into English; Criticism; Aesthetics; Latin Epistolary poetry; Latin Didactic poetry; Poetics,1,eng
/works/OL33303879W,1974,John Martial,"A treatyse of the crosse, 1564/ [by] John Martial; [and, Consideringe the obligation -, (1597?)/ [by] Martin de Padilla y Manrique",,Scolar Press,Christian art and symbolism; Holy Cross; Catholic Church,1,eng
/works/OL3029634W,1974,Lactantius,L' ouvrage du Dieu cre ateur,,Editions du Cerf,,1,eng
/works/OL3029658W,1974,Lactantius,L' ouvrage du Dieu créateur,,Éditions du Cerf,Early works to 1800; Human anatomy; Providence and government of God; Schepping; God; Apologet; Providence divine; Christianity; Pater Ecclesiae,3,fre; ger; eng
/works/OL7008747W,1974,Luke Milbourne,Notes on Dryden's Virgil (1698),,Garland Pub.,Appreciation; History; History and criticism; In literature; Knowledge; Language and languages; Latin language; Latin poetry; Translating and interpreting; Translating into English,1,eng
/works/OL3233500W,1974,Michael W. Herren,The Hisperica Famina I,"Herren, Michael W. ed. and tr.",Pontifical Institute of Mediaeval Studies,Medieval and modern Latin poetry; Translations into English; Middle Ages; Poetry,3,eng
/works/OL7014121W,1974,Naomi Katz,Fragment from a lost diary and other stories,,Beacon Press,"Fiction; Short stories; Social life and customs; Translations into English; Women; Short stories, translations into english",2,mul; eng
/works/OL1108247W,1974,P. Cornelius Tacitus,Tacitus: Selections from the Histories I-III,,Cambridge University Press,"Rome, history",1,eng
/works/OL7117111W,1974,P. G. Walsh; Saint Paulinus of Nola,The Poems of St. Paulinus of Nola (Ancient Christian Writers 40),,Paulist Press,Christian poetry; Latin Christian poetry; Translations into English; Anthologies; Sources; Early Christian literature; Traductions anglaises; Church history; Poésie chrétienne latine,1,eng
/works/OL22507055W,1974,Pat McNees,Contemporary Latin American short stories,,Fawcett Publications,Translations into English; Latin American Short stories; Latin American fiction,1,eng
/works/OL1512382W,1974,Publius Terentius Afer,The complete comedies of Terence,"Parker, Douglass, tr.",Rutgers University Press,Translations into English; Continental european drama (dramatic works by one author); Latin drama (Comedy),1,ukr; lat; eng
/works/OL10314033W,1974,Quintilian,Quintilian as educator,,Twayne Publishers Inc,,1,eng
/works/OL21519915W,1974,Reuben Arthur Brower,Mirror on Mirror,,Harvard University Press,"Translations; Classical literature, translations into english, history and criticism; Latin language; Translating and interpreting",1,eng
/works/OL8005121W,1974,Saint Albertus Magnus,The Book of Secrets of Albertus Magnus,,"Oxford University Press, USA",,1,eng
/works/OL2856538W,1974,Seneca the Elder,Declamations,,"W. Heinemann, ltd.",,1,eng
/works/OL8298569W,1974,Seneca the Elder,Seneca the Elder,M. Winterbottom (Translator),Loeb Classical Library,Classical education; Philosophy,1,eng
/works/OL2856539W,1974,Seneca the Elder,The elder Seneca declamations,,Harvard University Press,"Sources; Translations into English; Speeches, addresses, etc., Latin; History; Latin language materials; Classical education; Philosophy",1,lat; eng
/works/OL8112729W,1974,Seneca the Younger,Controversiae,M. Winterbottom (Translator),Butterworth-Heinemann Ltd,Public speaking,2,
/works/OL8060384W,1974,Seneca the Younger,Seneca the Elder,M. Winterbottom (Translator),Harvard University Press,,1,eng
/works/OL15222861W,1974,Seneca the Younger,The elder Seneca declamations,,Harvard University Press,,1,eng
/works/OL15223061W,1974,Seneca the Younger,The woorke of the excellent philosopher Lucius Annaeus Seneca,,Theatrum Orbis Terrarum,Early works to 1800; Benevolence; Conduct of life,1,eng
/works/OL20947267W,1974,Thomas Aquinas,Faith (2a2ae. 1-7),,McGraw-Hill,Faith,1,eng
/works/OL8059758W,1974,Thomas Aquinas,Grace of Christ,,McGraw-Hill,Person and offices; Christology,1,eng
/works/OL20939931W,1974,Thomas Aquinas,Prudence (2a2ae. 47-56),,[Blackfriars in conjunction with McGraw-Hill],Prudence,1,lat
/works/OL18000346W,1974,Thomas Aquinas,"St. Thomas Aquinas, 1274-1974; commemorative studies",,Pontifical Institute of Mediaeval Studies,Theology; History; Thomism,1,ita; ger; eng; fre
/works/OL20969109W,1974,Thomas Aquinas,"St. Thomas, 1274-1974",,Pontifical Institiute of Mediaeval Studies,,1,eng
/works/OL1090134W,1974,Thomas More,Fancies sports and merry tales,,Adriatica,,1,eng
/works/OL1090232W,1974,Thomas More,Utopia; [and] A dialogue of comfort,,Dent,Utopias; Early works to 1800; Consolation,1,eng
/works/OL4607999W,1974,Thomas More Linehan,Social criticism and fictional form in three Dickens novels,,,,1,eng
/works/OL1261008W,1974,Titus Livius,Ab Urbe Condita: Volume I,,"Oxford University Press, USA",,1,eng
/works/OL3237483W,1974,Vergil L. Williams,"Convicts, codes, and contraband",,Ballinger Pub. Co.,Prisoners; Reformatories for women; Prisons; Gevangenissen; Prisons de femmes; Gevangenen; Prisonniers; Vrouwengevangenissen,2,eng
/works/OL7035272W,1974,William Berg,Early Virgil,,"Athlone Press; [Distributed by Humanities Press, New York]",Translations into English; Country life in literature; History and criticism; Poetry; Rome in literature; Country life; Latin Pastoral poetry; In literature; Poetry (poetic works by one author),1,lat; eng
/works/OL22491720W,1974,Winthrop Palmer Boswell,Hisperica famina,,Distributed by the Brick Row Book Shop,"Medieval and modern Latin poetry; Translations into English; Pastoral poetry, Latin (Medieval and modern); Middle Ages; Poetry; Latin language materials; Bilingual; Printing; Specimens; Bookbinding",1,lat
/works/OL3090813W,1975,Agustin Gomez-Arcos,L'Agneau carnivore,,Stock,"Classic Literature; Erotic Literature; Fiction; Fiction, coming of age; Fiction, gay; French fiction, translations into english; Gay men; Domestic fiction; Brothers; Incest",13,spa; fre; heb; eng
/works/OL44572970W,1975,Albertus Magnus,De Unitate Intellectus. de XV Problematibus. Problemata Determinata. de Fato,,Aschendorff Verlag GmbH & Co. KG,,1,eng
/works/OL832754W,1975,Albius Tibullus,The Elegies of Tibullus,,The editor,"Latin Elegiac poetry; Poetry; Translations into English; Elegiac poetry; Latin poetry, translations into english",8,eng; lat
/works/OL137827W,1975,Augustine of Hippo,De dialectica,B. Darell Jackson (Translator),Humanitas,"Early works to 1800; Dialectic; Logic; Logic, history",4,rum; eng; ita
/works/OL1393118W,1975,Boethius,Boethius's De topicis differentiis,,Cornell University Press,"Early works to 1800; Dialectic; Logic; Rhetoric, ancient",2,eng; lat
/works/OL15838545W,1975,Cicero,Murder trials,,Penguin,"Speeches, addresses, etc., Latin; Translations into English; Trials (Murder); Forensic orations; Speeches, addresses, etc., latin; Trials (murder); History; Ancient",6,eng
/works/OL679920W,1975,Desiderius Erasmus,Preparation to deathe,,In officina Thomae Berthe,Death; Early works to 1800; Religious aspects of Death,7,eng; fre; cze; lat
/works/OL679681W,1975,Desiderius Erasmus,The first tome or volume of the Paraphrase of Erasmus upon the Newe Testament,,Scholars' Facsimiles & Reprints,Commentaries; Bible,1,eng; lat
/works/OL679871W,1975,Desiderius Erasmus,The first tome or volume of the Paraphrase of Erasmus upon the newe testamente,,Scholars' Facsimiles & Reprints,Bible; Commentaries; Paraphrases,2,eng
/works/OL976617W,1975,Francisco Coloane; Francisco Coloane,Short stories,,"Ollero y Ramos Editores, S.L.",Fiction; Social life and customs; Translations into English,7,eng; spa
/works/OL394376W,1975,Gaius Valerius Catullus,Love & hate,,Outrigger,Translations into English; Latin Love poetry; Latin Elegiac poetry; Latin Epigrams; Poetry,1,eng
/works/OL7982147W,1975,Gaius Valerius Catullus,Selections from Catullus Teacher's handbook,,Cambridge University Press,Poetry (poetic works by one author),1,eng
/works/OL10516999W,1975,Giordano Bruno,De mondade numero et figura liber consequens quinque de minimo magno & mensura,,Readex Microprint,,1,eng
/works/OL10516994W,1975,Giordano Bruno,De progressu et lampade venatoria logicorum,,Readex Microprint,,1,eng
/works/OL21319216W,1975,Giordano Bruno; Hilary Gatti,Ash Wednesday Supper,,"de Gruyter GmbH, Walter","Copernicus, nicolaus, 1473-1543; Astronomy, early works to 1800; Occultism; BODY, MIND & SPIRIT / Occultism; Astronomy; Early works to 1800; Early works to 1900",3,eng
/works/OL658171W,1975,Lucius Apuleius,The Isis-book,,E. J. Brill,Fiction; Classical mythology in fiction; Translations into English; Isis (Egyptian deity); Metamorphosis; Classical Mythology; Latin fiction; Metamorphosis in fiction; Metamorphoses (Apuleius); Isis,1,eng
/works/OL658172W,1975,Lucius Apuleius,"The Isis-book (Metamorphoses, book XI)",,E.J. Brill,,1,eng
/works/OL3062238W,1975,Marsilio Ficino,Commentaria in Platonem,,ACMRS Press,Pleasure; Plaisir; Philebus (Plato); Ethics,2,lat; eng
/works/OL3062252W,1975,Marsilio Ficino,Epistolae,,Edizioni di storia e letteratura,"Biography; Correspondence; Latin letters, Medieval and modern; Medieval and modern Latin letters; Philosophers; Philosophy; Ficino, marsilio, 1433-1499; Philosophes; Correspondance; Filosofen",13,eng; ita; lat
/works/OL6952106W,1975,Maximianus Etruscus.,Max,,Paul Norbury Publications Ltd,Latin Elegiac poetry; Translations into English,2,eng
/works/OL4964123W,1975,Meyer Reinhold,The classick pages,,Pennsylvania State University,Classical literature; History; Reading interests; Translations into English,1,lat; grc; eng
/works/OL3511185W,1975,Michael J. B. Allen,Sources and analogues of Old English poetry,,D. S. Brewer,"Latin Christian poetry; Translations into English; Christian poetry, Latin; Sources; English poetry; Translations from Latin; English prose literature; History and criticism; Poetry (poetic works by one author)",1,eng
/works/OL13146880W,1975,Mildred Leake Day,"The rise of Gawain, nephew of Arthur =",,Garland Pub.,"Arthurian romances; Gawain (Legendary character); Romances; Literary studies: classical, early & medieval; Other prose: classical, early & medieval; Medieval And Early Modern Latin Literature; Latin; Translations into English; Knights and knighthood; Latin prose literature, Mediev",3,eng
/works/OL7014120W,1975,Naomi Katz,Women of the third world,,"Orion Publishing Group, Limited","Fiction; Short stories; Social life and customs; Translations into English; Women; Fiction, short stories (single author)",1,eng; und
/works/OL15083839W,1975,P. Cornelius Tacitus,Selections from Tacitus' Histories I-III Teacher's book: The Year of the Four Emperors,,Cambridge University Press,"Tacitus, cornelius",1,eng
/works/OL1443202W,1975,Paracelsus,The archidoxes of magic,Fabre D'Olivet (Translator),Distributed by Red Wheel/Weiser,"Alchemy; Early works to 1800; Early works to 1900; Medicine, Magic, mystic, and spagiric; Occultism; Spirituality; Medicine, magic, mystic, and spagiric",3,eng
/works/OL2936060W,1975,Peter Abelard,Peter Abelard's Hymnarius Paraclitensis,,Classical Folia Editions,"English Hymns; Hymns, Latin (Medieval and modern); Latin Hymns; Translations from Latin; Translations into English; Hymns, Latin (Medieval and modern) --; Poetry (poetic works by one author)",4,eng; lat
/works/OL33727190W,1975,Petronius,"The Works of Petronius Arbiter, in Prose & Verse (English and Latin Edition)",,AMS Press,,1,eng
/works/OL44815392W,1975,Pliny the Younger; Betty Radice,Letters and Panegyricus,,Heinemann,,1,eng
/works/OL2739620W,1975,Pope Gregory I,"The dialogues of S. Gregorie, 1608",,Scolar Press,Early works to 1800; Miracles; Christian saints; Immortality; Biography; Christianity,1,eng
/works/OL970326W,1975,Publius Papinius Statius,Thebaid IV-VIII,,Shakespeare Head Press,Poetry; Polyneices (Greek mythology); Seven against Thebes (Greek mythology); Eteocles (Greek mythology); Latin Epic poetry; Translations into English,1,eng; lat
/works/OL970328W,1975,Publius Papinius Statius,Thebaid IX-XII,,Shakespeare Head Press,Poetry; Polyneices (Greek mythology); Seven against Thebes (Greek mythology); Eteocles (Greek mythology); Latin Epic poetry; Translations into English,1,lat; eng
/works/OL15237101W,1975,Publius Vergilius Maro,"The Aeneid of Virgil, in the verse translation of John Dryden",,Franklin Library,Poetry; Latin Epic poetry; Translations into English; Aeneas (Legendary character); Legends,1,eng
/works/OL15237178W,1975,Publius Vergilius Maro,The first eclogue of Virgil,,Christopher J. Glazebrook,Country life; Translations into English; Latin Pastoral poetry; Poetry,1,eng
/works/OL1097442W,1975,Roger Bacon,The mirror of alchemy,,Holmes Publishing Group,Alchemy,2,eng
/works/OL885028W,1975,Saint Paulinus of Nola,The poems of St. Paulinus of Nola,,Newman Press,Translations into English; Latin Christian poetry,1,eng
/works/OL19390893W,1975,Samuel Charles Wathen Williamson,August & autumn,,S. C. W. Williamson,Latin Laudatory poetry; Translations into English,1,eng
/works/OL19024048W,1975,Samuel Dennis Procter Clough,The Dancing girl,,S.D.P. Clough,Latin poetry; Translations into English; English poetry; Translations from Latin; Medieval and modern Latin poetry,1,eng
/works/OL20947811W,1975,Thomas Aquinas,Baptism and confirmation (3a. 66-72),,McGraw-Hill,Baptism; Confirmation; Catholic Church,1,eng
/works/OL20947260W,1975,Thomas Aquinas,Consequences of faith (2a2ae. 8-16),,McGraw-Hill,Faith,1,eng
/works/OL20944951W,1975,Thomas Aquinas,Divine government (Ia2ae. 103-9),,McGraw-Hill,Providence and government of God,1,eng
/works/OL20944948W,1975,Thomas Aquinas,Injustice (2a2ae. 63-79,,McGraw-Hill,Justice; Biblical teaching; Christian ethics,1,eng
/works/OL20944947W,1975,Thomas Aquinas,Justice (2a2ae. 57-62),,[Blackfriars],Justice; Biblical teaching; Christian ethics,1,eng
/works/OL546840W,1975,Thomas Aquinas,Meditations and readings for lent,,Sheed & Ward Ltd,Lent; Prayers and devotions,2,eng
/works/OL546655W,1975,Thomas Aquinas,"Pattern for a Christian, according to St. Thomas Aquinas","Halligan, Nicholas, 1917- tr.",Alba House,Catholic Church; Early works to 1800; Theology; Doctrines,1,eng; fre
/works/OL20947776W,1975,Thomas Aquinas,Pleasure (1a2ae. 31-39),,McGraw-Hill,Grief; Pleasure; Pain,1,eng
/works/OL8059756W,1975,Thomas Aquinas,The Gifts of the Spirit,,Mcgraw-Hill (Tx),Beatitudes,1,eng
/works/OL20944945W,1975,Thomas Aquinas,The sacraments (3a. 60-5),,McGraw-Hill,Sacraments,1,eng
/works/OL7982092W,1975,Thomas More,A dyaloge wherin be treatyd dyvers maters,,Theatrum Orbis Terrarum,Doctrines; Catholic Church; Catholic authors,2,eng
/works/OL12522235W,1975,William Joseph Fahrenbach,Vernacular translations of classical literature in late-medieval Britain,,Sine nomine,History and criticism; Classical literature; Translations into English; Translations from classical literature; English literature,1,eng
/works/OL17144616M,1976,,The myrrour of synneres,,Mercy College,"Catholic Church -- Sermons.; Sermons, Latin -- Translations into English.",1,eng
/works/OL6726386W,1976,A. M. W. Green,Classics in translation,,"University College Cardiff, Department of Classics",Bibliography; Classical literature; Translations into English,1,eng
/works/OL7982297W,1976,Boethius; V. E. Watts,The consolation of philosophy,"V. E. Watts (Introduction, Translator)",Penguin Classics,Philosophy and religion; Happiness,1,eng
/works/OL6604961W,1976,Bradley A. Shaw,Latin American literature in English translation,,New York University Press,Bibliography; Latin American literature; Translations into English; Bibliographie; Literature; Litterature latino-americaine; Letterkunde; Traductions anglaises; English translations; Spaans,1,eng; por; spa
/works/OL15217561W,1976,Cicero,Cicero's Brutus,,AMS Press,Early works to 1800; Oratory,1,eng
/works/OL3100937W,1976,Cicero,Cicero: In Catilinam 1-4. Pro Murena. Pro Sulla. Pro Flacco,C. Macdonald (Translator),Loeb Classical Library,,1,eng
/works/OL679801W,1976,Desiderius Erasmus,Preparation to Death,,Walter J Johnson,,1,eng
/works/OL18468120W,1976,Elsie Alvarado de Ricord,Fireflight,,Oyez,Translations from Spanish; Translations into English; English poetry; Latin American poetry,1,eng
/works/OL19684031W,1976,Elsie Alvarado de Ricord; Catherine Rodríguez-Nieto,Fireflight,,Oyez,Translations into English; Latin American poetry,1,eng
/works/OL17978897W,1976,Felicitas Corrigan; Helen Waddell,More Latin lyrics from Virgil to Milton,,"Orion Publishing Group, Limited","Translations from Latin; Translations into English; English poetry; Latin poetry; Medieval and modern Latin poetry; Poetry; Translations; Latin poetry, medieval and modern, translations into english",1,eng
/works/OL1962792W,1976,Flavius Cresconius Corippus,In laudem Iustini Augusti minoris,,Bloomsbury Academic,"Latin Laudatory poetry; Laudatory poetry, Latin; Poetry; Translations into English; Poetry, collections",4,lat; eng
/works/OL6953997W,1976,"Fulbert Saint, Bishop of Chartres",The letters and poems of Fulbert of Chartres,,Clarendon Press,"Biography; Bishops; Christian poetry, Latin (Medieval and modern); Correspondence; Medieval and modern Latin letters; Translations into English; Christian poetry, history and criticism; Latin letters; France, biography; Church history",1,eng
/works/OL42218737W,1976,Horace,The third book of Horace's 'Odes',,Clarendon Press,,1,eng; lat
/works/OL4696258W,1976,John Oldham,Satyrs upon the Jesuits,,Printed for Joseph Hindmarsh ...,Anecdotes; Early works to 1800; English Satire; English literature; Humor; Jesuits; Latin literature; Translations from Latin; Translations into English,6,eng
/works/OL43542445W,1976,José García Villa; Gaius Valerius Catullus; Henri Matisse,Love poems,,Eakins,Love poetry,1,eng
/works/OL36890W,1976,Luisa Valenzuela,Clara,Jorge Castello & Hortense Carpentier (Translator),Harcourt Brace Jovanovich,Fiction; Social life and customs; Translations into English; Prostitutes; Argentine Short stories,5,spa; eng
/works/OL8084754W,1976,Marcus Terentius Varro,Terenti Varronis Antiquitatum Rerum,,Ayer Co Pub,,1,eng
/works/OL10998898W,1976,"McGrath, Albertus Magnus Sister.",Women and the Church,,Doubleday,Women in Christianity; Religious aspects; Religious aspects of Women; Women,1,eng
/works/OL133549W,1976,Origen comm; Ronald E. Heine,Homilies on Genesis,,Editions du Cerf,"Bible; Commentaries; Latin Sermons; Sermons; Sermons, Latin; Translations into English; Translations into Italian; Biblical concordances & commentaries; O.T; Old Testament Commentary",7,ita; fre; eng
/works/OL1108159W,1976,P. Cornelius Tacitus,Cornellii Taciti Annalinm Libir I-IV,,Ams Pr Inc,,1,eng
/works/OL1443160W,1976,Paracelsus,HERMTIC&ALCHEMCL WRTV2 (Hermetic & Alchemical Writings of Paracelsus),,Shambhala,,1,eng
/works/OL1443158W,1976,Paracelsus,Hermetic chemistry,,distributed in the U.S. by Random House,Alchemy; Early works to 1800,1,eng
/works/OL1443159W,1976,Paracelsus,Hermetic medicine and hermetic philosophy,,distributed in the U.S. by Random House,"Medicine, Magic, mystic, and spagiric; Early works to 1900; Early works to 1800; Occultism",1,eng
/works/OL2739668W,1976,Pope Gregory I,The second booke of the dialogues [of] St. Gregory,,Scolar Press,Benedictines; Biography; Christian saints,1,eng
/works/OL2739666W,1976,Pope Gregory I,"The second booke of the dialogues, 1638",,Scolar Press,Benedictines; Biography; Christian saints,1,eng
/works/OL47070W,1976,Publius Vergilius Maro,"Aeneid, book VIII",,Cambridge University Press,"Poetry; Latin Epic poetry; Aeneas (Legendary character); Legends; Latin poetry, translations into english; Criticism, textual; Poesia épica; Literatura latina; Textual Criticism",2,eng
/works/OL1153455W,1976,Quintilian,Title Institutio Oratoria of Quintilian/Books VII-IX,,Loeb Classical Library,,1,eng
/works/OL15222988W,1976,Seneca the Younger,Om vrede - Om mildhed - Om sindsro,,Gyldendal,,1,eng
/works/OL15223043W,1976,Seneca the Younger,"The tragedies of L. Annaeus Seneca, the philosopher",,AMS Press,Drama; Classical Mythology; Translations into English,1,eng
/works/OL33633234W,1976,Tertullian,Q. Septimii Florentis Tertulliani Adversus Praxean liber,,SPCK,Apologetics; History,1,eng
/works/OL33632776W,1976,Tertullian,Tertullian against Praxeas,,Society for Promoting Christian Knowledge,Christian heresies; Sources; History; Monarchianism; Apologetics,1,eng
/works/OL20944949W,1976,Thomas Aquinas,"Father, Son and Holy Ghost (Ia. 33-45)",,McGraw-Hill,God; Holy Spirit; Trinity,1,eng
/works/OL8059768W,1976,Thomas Aquinas,"Summa Contra Gentiles, Book 3",,Univ of Notre Dame Pr,God,1,eng
/works/OL24300793W,1976,Thomas Aquinas,The incarnate word (3a. I-6),,McGraw-Hill,Incarnation; Natures; Natures of Jesus Christ,1,mul
/works/OL20945080W,1976,Thomas Aquinas,The resurrection of the Lord (3a.53-59),,McGraw-Hill,Resurrection; Resurrection of Jesus Christ,1,eng
/works/OL8202790W,1976,Thomas More,"Dialogue of Comfort Against Tribulation (More, Thomas, Sir, Saint//Complete Works of St Thomas More)",,Yale University Press,Consolation,1,eng
/works/OL1090138W,1976,Thomas More,The history of King Richard III and selections from the English and Latin poems,,Yale University Press,Early works to 1800; Kings and rulers; Biography; History,1,eng
/works/OL10729681W,1976,Titus Livius,Livy : books I. and II,,Caratzas,,1,eng
/works/OL7981875W,1976,Titus Livius,Rome and the Mediterranean,Henry Bettenson (Translator),Penguin,"History; Rome, history; Selfishness; Fiction; Behavior; Bears; Klassenlektüre; Lateinunterricht",2,lat; eng
/works/OL17669317W,1977,-,"Spanish-American literature in translation : a selection of poetry, ficttion, and drama since 1888. Vol. II",,Ungar Pub Co,"Latin american literature, translations into english",1,
/works/OL8166443W,1977,Anne Freemantle,Latin American Literature (Mentor Books),,Signet,Latin American literature; Translations into English,1,eng
/works/OL15995663W,1977,Anne Fremantle,Latin-American literature today,,New American Library,"Latin American literature; Translations into English; Latin american literature, history and criticism",1,spa; eng; por
/works/OL8793006W,1977,Augustine of Hippo,City of God,D.D. Marcus Dods (Translator),"Kessinger Publishing, LLC",,5,eng
/works/OL15055537W,1977,Augustine of Hippo,De immortalitate animae of Augustine,,Gruner,Immortality; Early works to 1800,2,lat; eng
/works/OL15161687W,1977,Catholic Church,"Sacra Institutio Baptizandi, 1604",,Scolar Press,Christian saints; Texts; Liturgy; Early works to 1800; Catholic Church; Biography; Saints,2,lat; eng
/works/OL7401120W,1977,Chauncey H. Beasley,The magnificent golf foursome: Julius Caesar & Calpurnia vs. Mark Antony & Cleopatra,,Vantage Press,Golf; Latin language; Translating into English; Humor,1,eng
/works/OL67493W,1977,Cicero,In Catilinam I-IV,,W. Heinemann,"Cicero, marcus tullius; Philosophy, ancient; Philosophers, greece; Politics and government; Pa6279 .c2 1977",7,eng; mul; lat
/works/OL1882556W,1977,Colleen McCullough; Colleen McCullough,The Thorn Birds,,Paw Prints (Avon Books),"Fiction, Romance; Clergy; Catholic Church; Catholics; Clergy in fiction; Catholics in fiction; Catholic Church in fiction; Australia, fiction; Man-woman relationships, fiction; American Love stories",79,chi; vie; ita; spa; gre; rus; ger; eng; fre; pol
/works/OL37449612W,1977,Desiderius Erasmus,A ryght frutefull epystle in laude and prayse of matrymony,,University Microfilms,Marriage; Early works to 1800,1,lat; eng
/works/OL679868W,1977,Desiderius Erasmus,Erasmi Opera Omnia,,North-Holland,"European history; Opera, italy; Opera",6,eng
/works/OL42305849W,1977,Desiderius Erasmus,In praise of Erasmus,,Libanus Press,,1,eng
/works/OL679831W,1977,Desiderius Erasmus,"Thomas More, 7 February 1477-6 July 1535",,Fordham University Press,,1,eng
/works/OL16458936W,1977,Emir Rodríguez Monegal; Thomas Colchie,The Borzoi anthology of Latin American literature,,Alfred A. Knopf,Latin American literature; Translations from Spanish; Translations into English; English literature; Translations from Portuguese; Literary collections,1,eng
/works/OL10516978W,1977,Giordano Bruno,The Ash Wednesday supper =,,Archon Books,Occult sciences; Early works to 1800; Occultism; Early works to 1900,1,eng
/works/OL1456984W,1977,Giovanni Pico della Mirandola,Heptaplus,,Philosophical Library,"Creation; Criticism, interpretation; Early works to 1800; Bible; Christianity and other religions, greek; Creation, early works to 1800; Paganism; Philosophy and religion",3,eng; lat; ita
/works/OL585303W,1977,Giovanni Pico della Mirandola,"The lyfe of Johan Picus, Erle of Myrandula",,Walter J Johnson,,2,eng
/works/OL19043274W,1977,Helen Waddell; Felicitas Corrigan,"More Latin lyrics, from Virgil to Milton",,Norton,"Latin poetry; Translations into English; Medieval and modern Latin poetry; Poetry; Latin poetry, translations into english; Latin poetry, medieval and modern, translations into english; Latin poetry, medieval and modern; English poetry",1,eng
/works/OL15097579W,1977,Horace,Horace's Satires and Epistles,,Norton,Latin Verse satire; Translations into English; Latin Epistolary poetry; Poetry; Horace,1,lat; eng
/works/OL22569413W,1977,Horace William Dewey; Ann M. Kleimola,Zakon sudnyj  ljudem,,"Dept. of Slavic Languages and Literatures, [University of Michigan",Sources; Law; Canon law; Zakon Sudnyĭ li︠u︡dem,1,eng
/works/OL5836554W,1977,John Abbot of Ford.,Sermons on the final verses of the Song of Songs,,Cistercian Publications,Bible; Catholic Church; Latin Sermons; Sermons; Translations into English; English Sermons; Translations from Latin; Hooglied (bijbelboek); Preken (vorm); Église catholique,1,eng
/works/OL810797W,1977,John Milton,"Samson Agonistes, sonnets, &c",,Cambridge University Press,"Translations into English; Elegiac poetry, Latin (Medieval and modern); English Sonnets; Poetry; Italian poetry; Poetry (poetic works by one author)",1,eng
/works/OL6913993W,1977,Juan R. Freudenthal,Index to anthologies of Latin American literature in English translation,,G. K. Hall,Indexes; Latin American literature; Translations into English; Indices; Traducciones del español; Literatura inglesa; Traducciones al portugués; Translations from Portuguese; Translations from Spanish; English literature,1,eng
/works/OL697149W,1977,Juvenal,"Satires I, III, X",,Bristol Classical Press,Continental european fiction (fictional works by one author); Works (Juvenal); Latin Verse satire,3,eng; lat
/works/OL11760938W,1977,K. D White,Country life in classical times,,Elek,Classical literature; Translations from classical literature; English literature; Country life; Translations into English; Literary collections; Landleben; Litterature ancienne; Altertum; Vie rurale,2,eng
/works/OL5920120W,1977,K. D. White,Country life in classical times,,Cornell University Press,Classical literature; Country life; English literature; Literary collections; Translations from classical literature; Translations into English,2,eng
/works/OL1683458W,1977,Lorenzo Valla,On pleasure =,,Abaris Books,"Didactic literature, Latin (Medieval and modern); Translations into English; Pleasure; Ethics; Early works to 1800",1,eng
/works/OL658193W,1977,Lucius Apuleius,"Metamorphoses book IV, 1-27",,Bouma,,1,eng
/works/OL2241426W,1977,Marcus Valerius Martialis,The dead slave and other poems of Martial,,Catalyst,"Adaptations; Epigrams, Latin; Latin Epigrams; Poetry",1,eng
/works/OL15292434W,1977,Ovid,"Ars amatoria, Book 1",,Clarendon Press,Latin poetry; Didactic poetry; Erotic poetry; Latin Love poetry,3,lat; eng
/works/OL442077W,1977,Ovid,"Ovid's Art of love, in three books, together with his Remedy of love",,AMS Press,"Translations into English; Poetry; Love poetry, English (Middle); Latin Didactic poetry; Separation (Psychology); Latin Erotic poetry; Seduction",1,eng
/works/OL442198W,1977,Ovid,The xv bookes entytuled Metamorphosis,,Theatrum Orbis Terrarum,,1,eng
/works/OL10563196W,1977,Petronius,"The Satyricon ; and Seneca, The apocolocyntosis",,Penguin Books,"Translations into English; Latin Satire; Humor; Literary collections; Fiction, general",1,eng
/works/OL34328238W,1977,Pseudo-Albertus Magnus,'Quaestiones Alberti de Modis Significandi ',,"Benjamins Publishing Company, John",,1,eng
/works/OL28607964W,1977,Pseudo-Albertus Magnus,Quaestiones Alberti de Modis Significandi,,"Benjamins Publishing Company, John","Grammar, comparative and general",1,eng
/works/OL8338217W,1977,Publius Vergilius Maro,Aeneis. Liber 6,,Oxford University Press,"Poetry; Latin Epic poetry; Aeneas (Legendary character); Legends; Poetry (poetic works by one author); Aeneas; Aeneas (legendary character)--poetry; Legends--rome--poetry; Epic poetry, latin; Epic poetry in latin, to ca 500 - texts",3,lat; eng
/works/OL15237306W,1977,Publius Vergilius Maro,"P. Vergili Maronis Aeneidos, Libri VII-VIII",,Oxford University Press for the University of Glasgow,Poetry; Latin Epic poetry; Aeneas (Legendary character); Legends,2,lat; eng
/works/OL6716297W,1977,Richard Smith,A conference of the Catholike and Protestante doctrine,,"By the widowe of Marke Wyon, at the signe of the Phenix",Apologetic works; Catholic Church; Controversial literature; Early works to 1800; Protestantism,2,eng
/works/OL16988017W,1977,Rodney M. Thomson,"The life of Gundulf, Bishop of Rochester",,"Pontifical Institute of Mediaeval Studies, Department of Publications","Bishops; Biography; Catholic Church; Biographies; Église catholique. Diocese (Rochester, GB); Évêques; Église catholique; Catholic church, clergy, biography; Christian literature, Latin (Medieval and modern); Translations into English",1,eng; lat
/works/OL22589569W,1977,Roger Prentice; John M. Kirk,A Fist and the letter,,Pulp Press,Spanish American Revolutionary poetry; Translations into English,1,eng
/works/OL42256993W,1977,Ron Thomas,The Latin masks of Ezra Pound,,,Knowledge; Literature; Sources; Latin poetry; History and criticism; Translations into English,1,eng
/works/OL1322191W,1977,Saint Albertus Magnus,Quaestiones Alberti de modis significandi,,Benjamins,Speculative grammar; Lexicography; English language; History; Anglais (Langue); Lexicographie; LANGUAGE ARTS & DISCIPLINES; General,1,eng
/works/OL8010989W,1977,"Saint Ambrose, Bishop of Milan","Hexameron, Paradise, and Cain and Abel (The Fathers of the church, a new translation)",,The Catholic university of America press,,1,eng
/works/OL523987W,1977,"Saint Ambrose, Bishop of Milan; Ivor J. Davidson",De officiis,,Guido Mercator,Asceticism; Christian ethics; Church history; Clergy; Early works to 1800; History; Office; Et Cicéron; Primitive and early church; Morale chrétienne,10,lat; eng; fre
/works/OL1313842W,1977,Sextus Propertius,The ' Monobiblios' [i.e. Monobiblos] of Propertius,,D. S. Brewer,Translations into English; Latin Elegiac poetry; Man-woman relationships; English poetry; Latin Love poetry; Latin poetry; Poetry; Poetry (poetic works by one author); Literary collections,2,eng; lat
/works/OL18000339W,1977,Thomas Colchie; Emir Rodríguez Monegal,The Borzoi anthology of Latin American literature,,Knopf,Latin American literature; Translations from Spanish; English literature; Translations into English; Translations from Portuguese,1,eng
/works/OL7981738W,1977,Titus Lucretius Carus,Lucretius Nature of Things,,W W Norton & Co Ltd,,1,eng
/works/OL481353W,1977,Titus Maccius Plautus,"Plautus, in five volumes",,W. Heinemann,Translations into English,1,eng
/works/OL37478386W,1977,Πλάτων,Theaetetus (loeb Classical Library),,Harvard University Press,,1,eng
/works/OL22587105W,1978,Alexius Saint,The life of St. Alexius in the old French version of the Hildesheim manuscript,,Classical Folia Editions,Christian saints; Medieval Manuscripts; Translations into English; Poetry; French Christian poetry; Legends,1,gre; fro; ger; eng; lat
/works/OL12179256W,1978,Augustine of Hippo,Against the academicians =,,Marquette University Press,Controversial literature; Skepticism,1,eng
/works/OL12408798W,1978,Cambridge School Classics Project.,Cambridge School Classics Project foundation course,,Cambridge University Press for the Schools Council,"Latin poetry, translations into english; Rome, history; Gaul, history",4,eng
/works/OL679874W,1978,Desiderius Erasmus,Literary and educational writings,,University of Toronto Press,"Translations into English; Erasmus, desiderius, -1536; Philosophical positions & movements; Intellectual movements; Renaissance & modern philosophy",2,eng
/works/OL1114809W,1978,Heinrich Cornelius Agrippa von Nettesheim,Henry Cornelius Agrippa,,Askin,Occultism,1,eng
/works/OL15097605W,1978,Horace,Kipling's Horace,,Methuen,Translations into English; Latin Laudatory poetry; Poetry,1,eng
/works/OL3054196W,1978,James Michie,Martial,,Penguin Books,"Epigrams, Latin; Latin Epigrams; Translations into English; Poetry (poetic works by one author); Latin poetry; English poetry; Translations from Latin",1,eng
/works/OL18284050W,1978,Janis L. Pallister,The Bruised reed,,Éditions Naaman,Romance poetry; Translations into English; Black authors; Poetry; Blacks; Translations from Romance languages; English poetry; Romance-language poetry,1,eng
/works/OL697151W,1978,Juvenal,The satires of Juvenal translated,,T.T. Faulkner,Translations into English; Latin Verse satire; Latin Satire; Poetry,3,eng; lat
/works/OL6591791W,1978,"Ker, John",Donaides,,in aedibus Tho. Ruddimanni,"Occasional verse, Latin (Medieval and modern); Poetry; Translations into English; University of Aberdeen; Scot Aberdeen; Aberdeen, Scot. University and King's College",5,eng; lat
/works/OL2495137W,1978,Marco Girolamo Vida,Marco Girolamo Vida's The Christiad,,Southern Illinois University Press,"Translations into English; Christian poetry, Latin (Medieval and modern); Jesus christ, poetry; Christian poetry, latin (medieval and modern); Christian poetry, latin (medieval and modern)--translations into english; Pa8585.v6 a66 1978",1,eng
/works/OL1236123W,1978,Michael Grant,Latin literature,,Penguin Books,Translations into English; Latin literature; Literary collections; English literature; Translations from Latin,1,lat; eng
/works/OL27421917W,1978,Ovid; Jack Shapiro,Metamorphoses,,CreateSpace Independent Publishing Platform,Poetry (poetic works by one author),4,eng
/works/OL36774530W,1978,Pliny,Pliny,,The Folio Society,,1,eng
/works/OL18293976W,1978,Pope Gregory I,The Holy and divine liturgy of the presanctified gifts,,Monastery of Saint Mark of Ephesus,Liturgies; Liturgy; Russkai͡a pravoslavnai͡a t͡serkovʹ,1,eng
/works/OL15237425W,1978,Publius Vergilius Maro,"Volume II. Aeneid, Books VII-XII. The Minor Poems",H. Rushton Fairclough (Translator),Loeb Classical Library,,1,eng
/works/OL12744159W,1978,Roger Bacon,Substitute family care,,Association of British Adoption and Fostering Agencies,Adoption,1,eng
/works/OL37363894W,1978,Roger Prentice; John Kirk,A Fist and the letter,,Left Bank Books,Spanish American Revolutionary poetry; Translations into English; English Revolutionary poetry; Translations from Spanish,1,spa; eng
/works/OL912229W,1978,Saint Jerome,The Middle English Bible,,Universitetsforlaget,"Bible; Criticism, interpretation; English language; Texts",1,eng
/works/OL15223016W,1978,Seneca the Younger,Seneca's Apocolocyntosis,,Garland Pub.,Latin Satire; Translations into English; Humor,1,lat; eng
/works/OL36007796W,1978,Suetonius,The Twelve Caesars (Penguin Classics),,Penguin Books,,1,eng
/works/OL8298496W,1978,Tertullian,13. Tertullian: Treatises on Marriage and Remarriage,William P. Le Saint (Translator),Paulist Press,,1,eng
/works/OL14955031W,1978,Thomas More,A Book for All Seasons,,Templegate Publishers,Meditations,3,eng
/works/OL8202787W,1978,Thomas More,A Concordance to the Utopia of St. Thomas More and a Frequency Word List (Alpha-Omega),,Lubrecht & Cramer Ltd,,1,eng
/works/OL1090168W,1978,Thomas More,A ruful lamentatiō,,Upstairs Press,Poetry,1,eng
/works/OL1090220W,1978,Thomas More,"The workes of Sir Thomas More knyght,sometyme Lorde Chauncellour of England, wrytten by him in the Englysh tonge",,Scolar Press,,2,eng
/works/OL3283397W,1978,Walter of Châtillon,The Alexandreis,,In aedibus Antenoreis,"Romances; Epic poetry, Latin (Medieval and modern); Translations into English; Romances, Latin (Medieval and modern); Poetry",3,lat; eng
